parser,entry_id,program,file,is_mainfile,outcome,exception_type,has_structure,has_energy
ase,-VzNnlku0TtqTklbRuDgiXVT795E,exciting,lO1jlxxeRKKURy4Fgso_oQ/Sn2Se/1/EVALCORE.OUT,0,error,StopIteration,0,0
ase,-VzNnlku0TtqTklbRuDgiXVT795E,exciting,lO1jlxxeRKKURy4Fgso_oQ/Sn2Se/1/BANDLINES.OUT,0,error,StopIteration,0,0
ase,-VzNnlku0TtqTklbRuDgiXVT795E,exciting,lO1jlxxeRKKURy4Fgso_oQ/Sn2Se/1/BONDLENGTH.OUT,0,error,StopIteration,0,0
ase,-VzNnlku0TtqTklbRuDgiXVT795E,exciting,lO1jlxxeRKKURy4Fgso_oQ/Sn2Se/1/DFSCFMAX.OUT,0,error,StopIteration,0,0
ase,-VzNnlku0TtqTklbRuDgiXVT795E,exciting,lO1jlxxeRKKURy4Fgso_oQ/Sn2Se/1/EFERMI.OUT,0,error,StopIteration,0,0
ase,-VzNnlku0TtqTklbRuDgiXVT795E,exciting,lO1jlxxeRKKURy4Fgso_oQ/Sn2Se/1/EQATOMS.OUT,0,error,StopIteration,0,0
ase,-VzNnlku0TtqTklbRuDgiXVT795E,exciting,lO1jlxxeRKKURy4Fgso_oQ/Sn2Se/1/RMSDVEFF.OUT,0,error,StopIteration,0,0
ase,-VzNnlku0TtqTklbRuDgiXVT795E,exciting,lO1jlxxeRKKURy4Fgso_oQ/Sn2Se/1/SYMCRYS.OUT,0,error,StopIteration,0,0
ase,-VzNnlku0TtqTklbRuDgiXVT795E,exciting,lO1jlxxeRKKURy4Fgso_oQ/Sn2Se/1/LATTICE.OUT,0,error,StopIteration,0,0
ase,-VzNnlku0TtqTklbRuDgiXVT795E,exciting,lO1jlxxeRKKURy4Fgso_oQ/Sn2Se/1/SYMGENR.OUT,0,error,StopIteration,0,0
ase,-VzNnlku0TtqTklbRuDgiXVT795E,exciting,lO1jlxxeRKKURy4Fgso_oQ/Sn2Se/1/SYMLAT.OUT,0,error,StopIteration,0,0
ase,-VzNnlku0TtqTklbRuDgiXVT795E,exciting,lO1jlxxeRKKURy4Fgso_oQ/Sn2Se/1/SYMMULT.OUT,0,error,StopIteration,0,0
ase,-VzNnlku0TtqTklbRuDgiXVT795E,exciting,lO1jlxxeRKKURy4Fgso_oQ/Sn2Se/1/SYMSITE.OUT,0,error,StopIteration,0,0
ase,-VzNnlku0TtqTklbRuDgiXVT795E,exciting,lO1jlxxeRKKURy4Fgso_oQ/Sn2Se/1/SYMT2.OUT,0,error,StopIteration,0,0
ase,-VzNnlku0TtqTklbRuDgiXVT795E,exciting,lO1jlxxeRKKURy4Fgso_oQ/Sn2Se/1/Se_ini.xml,0,error,UnknownFileTypeError,0,0
ase,-VzNnlku0TtqTklbRuDgiXVT795E,exciting,lO1jlxxeRKKURy4Fgso_oQ/Sn2Se/1/LINENGY.OUT,0,error,StopIteration,0,0
ase,-VzNnlku0TtqTklbRuDgiXVT795E,exciting,lO1jlxxeRKKURy4Fgso_oQ/Sn2Se/1/Sn_ini.xml,0,error,UnknownFileTypeError,0,0
ase,-VzNnlku0TtqTklbRuDgiXVT795E,exciting,lO1jlxxeRKKURy4Fgso_oQ/Sn2Se/1/Se_scf.xml,0,error,UnknownFileTypeError,0,0
ase,-VzNnlku0TtqTklbRuDgiXVT795E,exciting,lO1jlxxeRKKURy4Fgso_oQ/Sn2Se/1/TOTENERGY.OUT,0,error,StopIteration,0,0
ase,-VzNnlku0TtqTklbRuDgiXVT795E,exciting,lO1jlxxeRKKURy4Fgso_oQ/Sn2Se/1/Sn_scf.xml,0,error,UnknownFileTypeError,0,0
ase,-VzNnlku0TtqTklbRuDgiXVT795E,exciting,lO1jlxxeRKKURy4Fgso_oQ/Sn2Se/1/atoms.xml,0,error,UnknownFileTypeError,0,0
ase,-VzNnlku0TtqTklbRuDgiXVT795E,exciting,lO1jlxxeRKKURy4Fgso_oQ/Sn2Se/1/geometry.xml,0,error,UnknownFileTypeError,0,0
ase,-VzNnlku0TtqTklbRuDgiXVT795E,exciting,lO1jlxxeRKKURy4Fgso_oQ/Sn2Se/1/go,0,error,UnknownFileTypeError,0,0
ase,-VzNnlku0TtqTklbRuDgiXVT795E,exciting,lO1jlxxeRKKURy4Fgso_oQ/Sn2Se/1/SYMINV.OUT,0,error,StopIteration,0,0
ase,-VzNnlku0TtqTklbRuDgiXVT795E,exciting,lO1jlxxeRKKURy4Fgso_oQ/Sn2Se/1/info.xml,0,error,UnknownFileTypeError,0,0
ase,5ENjXmFFad2r1UIwkBfqZDMxbA0B,LAMMPS,mwKkPSBPTxyCgUfPHXXkhw/scratch/09487/znamenski/W90x90/W90x90.e1328944,0,error,UnknownFileTypeError,0,0
ase,-VzNnlku0TtqTklbRuDgiXVT795E,exciting,lO1jlxxeRKKURy4Fgso_oQ/Sn2Se/1/input_GS.xml,0,error,UnknownFileTypeError,0,0
ase,5ENjXmFFad2r1UIwkBfqZDMxbA0B,LAMMPS,mwKkPSBPTxyCgUfPHXXkhw/scratch/09487/znamenski/W90x90/W90x90.lmp,0,error,UnknownFileTypeError,0,0
ase,5ENjXmFFad2r1UIwkBfqZDMxbA0B,LAMMPS,mwKkPSBPTxyCgUfPHXXkhw/scratch/09487/znamenski/W90x90/W90x90.log,0,error,StopIteration,0,0
ase,5ENjXmFFad2r1UIwkBfqZDMxbA0B,LAMMPS,mwKkPSBPTxyCgUfPHXXkhw/scratch/09487/znamenski/W90x90/W90x90.sh,0,error,UnknownFileTypeError,0,0
ase,5ENjXmFFad2r1UIwkBfqZDMxbA0B,LAMMPS,mwKkPSBPTxyCgUfPHXXkhw/scratch/09487/znamenski/W90x90/log.lammps,1,error,UnknownFileTypeError,0,0
ase,5ENjXmFFad2r1UIwkBfqZDMxbA0B,LAMMPS,mwKkPSBPTxyCgUfPHXXkhw/scratch/09487/znamenski/W90x90/W90x90.o1328944,0,error,UnknownFileTypeError,0,0
ase,-VzNnlku0TtqTklbRuDgiXVT795E,exciting,lO1jlxxeRKKURy4Fgso_oQ/Sn2Se/1/INFO_GS.OUT,1,error,StopIteration,0,0
ase,5GwBxvrAu6rOURCUdFugR96W3Fv2,WIEN2k,8CgjZq8tT6Wk_qw_N8qw7w/ZnSe/2/ZnSe_ZB.struct,0,success,,1,0
ase,8_uFGZM2WmGcJhXtDZ7O8-Imnnxj,WIEN2k,lO1jlxxeRKKURy4Fgso_oQ/ZnSe/2/ZnSe_ZB.struct,0,success,,1,0
ase,5GwBxvrAu6rOURCUdFugR96W3Fv2,WIEN2k,8CgjZq8tT6Wk_qw_N8qw7w/ZnSe/2/ZnSe_ZB.scf,1,error,UnknownFileTypeError,0,0
ase,9IH2u4pYPkh3uJjwX0TrUQOrUAuF,ABINIT,bOymleKaQgOAyWEI61EIpQ/bandstructure/relax/error_6060039.out,0,error,UnknownFileTypeError,0,0
ase,9IH2u4pYPkh3uJjwX0TrUQOrUAuF,ABINIT,bOymleKaQgOAyWEI61EIpQ/bandstructure/relax/graphene.files,0,error,UnknownFileTypeError,0,0
ase,9IH2u4pYPkh3uJjwX0TrUQOrUAuF,ABINIT,bOymleKaQgOAyWEI61EIpQ/bandstructure/relax/graphene.in,0,error,ValueError,0,0
ase,-VzNnlku0TtqTklbRuDgiXVT795E,exciting,lO1jlxxeRKKURy4Fgso_oQ/Sn2Se/1/bandstructure.xml,0,error,UnknownFileTypeError,0,0
ase,8_uFGZM2WmGcJhXtDZ7O8-Imnnxj,WIEN2k,lO1jlxxeRKKURy4Fgso_oQ/ZnSe/2/ZnSe_ZB.scf,1,error,UnknownFileTypeError,0,0
ase,-VzNnlku0TtqTklbRuDgiXVT795E,exciting,lO1jlxxeRKKURy4Fgso_oQ/Sn2Se/1/KPOINTS.OUT,0,error,StopIteration,0,0
ase,9IH2u4pYPkh3uJjwX0TrUQOrUAuF,ABINIT,bOymleKaQgOAyWEI61EIpQ/bandstructure/relax/graphene_o_DS1_DDB,0,error,ValueError,0,0
ase,9IH2u4pYPkh3uJjwX0TrUQOrUAuF,ABINIT,bOymleKaQgOAyWEI61EIpQ/bandstructure/relax/graphene_o_DS1_EIG,0,error,UnknownFileTypeError,0,0
ase,9IH2u4pYPkh3uJjwX0TrUQOrUAuF,ABINIT,bOymleKaQgOAyWEI61EIpQ/bandstructure/relax/graphene.out,1,error,ValueError,0,0
ase,9IH2u4pYPkh3uJjwX0TrUQOrUAuF,ABINIT,bOymleKaQgOAyWEI61EIpQ/bandstructure/relax/graphene_o_DS1_EBANDS.agr,0,error,UnknownFileTypeError,0,0
ase,9IH2u4pYPkh3uJjwX0TrUQOrUAuF,ABINIT,bOymleKaQgOAyWEI61EIpQ/bandstructure/relax/graphene_o_DS1_EIG.nc,0,error,UnknownFileTypeError,0,0
ase,9IH2u4pYPkh3uJjwX0TrUQOrUAuF,ABINIT,bOymleKaQgOAyWEI61EIpQ/bandstructure/relax/C.psp8,0,error,UnknownFileTypeError,0,0
ase,-VzNnlku0TtqTklbRuDgiXVT795E,exciting,lO1jlxxeRKKURy4Fgso_oQ/Sn2Se/1/BAND.OUT,0,error,StopIteration,0,0
ase,9IH2u4pYPkh3uJjwX0TrUQOrUAuF,ABINIT,bOymleKaQgOAyWEI61EIpQ/bandstructure/relax/submit.sh,0,error,UnknownFileTypeError,0,0
ase,9IH2u4pYPkh3uJjwX0TrUQOrUAuF,ABINIT,bOymleKaQgOAyWEI61EIpQ/bandstructure/relax/graphene_o_DS1_GSR.nc,0,error,UnknownFileTypeError,0,0
ase,9IH2u4pYPkh3uJjwX0TrUQOrUAuF,ABINIT,bOymleKaQgOAyWEI61EIpQ/bandstructure/relax/w90.win,0,error,UnknownFileTypeError,0,0
ase,CTp61euc_JBq5kMTN3ZCuVSBqINj,exciting,8CgjZq8tT6Wk_qw_N8qw7w/Sn2Se/1/BANDLINES.OUT,0,error,StopIteration,0,0
ase,CTp61euc_JBq5kMTN3ZCuVSBqINj,exciting,8CgjZq8tT6Wk_qw_N8qw7w/Sn2Se/1/BONDLENGTH.OUT,0,error,StopIteration,0,0
ase,CTp61euc_JBq5kMTN3ZCuVSBqINj,exciting,8CgjZq8tT6Wk_qw_N8qw7w/Sn2Se/1/DFSCFMAX.OUT,0,error,StopIteration,0,0
ase,CTp61euc_JBq5kMTN3ZCuVSBqINj,exciting,8CgjZq8tT6Wk_qw_N8qw7w/Sn2Se/1/EFERMI.OUT,0,error,StopIteration,0,0
ase,9IH2u4pYPkh3uJjwX0TrUQOrUAuF,ABINIT,bOymleKaQgOAyWEI61EIpQ/bandstructure/relax/graphene_o_DS1_HIST.nc,0,error,ModuleNotFoundError,0,0
ase,CTp61euc_JBq5kMTN3ZCuVSBqINj,exciting,8CgjZq8tT6Wk_qw_N8qw7w/Sn2Se/1/EQATOMS.OUT,0,error,StopIteration,0,0
ase,9IH2u4pYPkh3uJjwX0TrUQOrUAuF,ABINIT,bOymleKaQgOAyWEI61EIpQ/bandstructure/relax/graphene_o_DS1_WFK,0,error,UnknownFileTypeError,0,0
ase,CTp61euc_JBq5kMTN3ZCuVSBqINj,exciting,8CgjZq8tT6Wk_qw_N8qw7w/Sn2Se/1/EVALCORE.OUT,0,error,StopIteration,0,0
ase,9IH2u4pYPkh3uJjwX0TrUQOrUAuF,ABINIT,bOymleKaQgOAyWEI61EIpQ/bandstructure/relax/graphene_o_OUT.nc,0,error,UnknownFileTypeError,0,0
ase,CTp61euc_JBq5kMTN3ZCuVSBqINj,exciting,8CgjZq8tT6Wk_qw_N8qw7w/Sn2Se/1/LATTICE.OUT,0,error,StopIteration,0,0
ase,CTp61euc_JBq5kMTN3ZCuVSBqINj,exciting,8CgjZq8tT6Wk_qw_N8qw7w/Sn2Se/1/LINENGY.OUT,0,error,StopIteration,0,0
ase,9IH2u4pYPkh3uJjwX0TrUQOrUAuF,ABINIT,bOymleKaQgOAyWEI61EIpQ/bandstructure/relax/output_6060039.out,0,error,ValueError,0,0
ase,CTp61euc_JBq5kMTN3ZCuVSBqINj,exciting,8CgjZq8tT6Wk_qw_N8qw7w/Sn2Se/1/RMSDVEFF.OUT,0,error,StopIteration,0,0
ase,CTp61euc_JBq5kMTN3ZCuVSBqINj,exciting,8CgjZq8tT6Wk_qw_N8qw7w/Sn2Se/1/SYMGENR.OUT,0,error,StopIteration,0,0
ase,CTp61euc_JBq5kMTN3ZCuVSBqINj,exciting,8CgjZq8tT6Wk_qw_N8qw7w/Sn2Se/1/SYMCRYS.OUT,0,error,StopIteration,0,0
ase,CTp61euc_JBq5kMTN3ZCuVSBqINj,exciting,8CgjZq8tT6Wk_qw_N8qw7w/Sn2Se/1/INFO_GS.OUT,1,error,StopIteration,0,0
ase,CTp61euc_JBq5kMTN3ZCuVSBqINj,exciting,8CgjZq8tT6Wk_qw_N8qw7w/Sn2Se/1/SYMMULT.OUT,0,error,StopIteration,0,0
ase,CTp61euc_JBq5kMTN3ZCuVSBqINj,exciting,8CgjZq8tT6Wk_qw_N8qw7w/Sn2Se/1/SYMLAT.OUT,0,error,StopIteration,0,0
ase,CTp61euc_JBq5kMTN3ZCuVSBqINj,exciting,8CgjZq8tT6Wk_qw_N8qw7w/Sn2Se/1/SYMSITE.OUT,0,error,StopIteration,0,0
ase,CTp61euc_JBq5kMTN3ZCuVSBqINj,exciting,8CgjZq8tT6Wk_qw_N8qw7w/Sn2Se/1/SYMT2.OUT,0,error,StopIteration,0,0
ase,CTp61euc_JBq5kMTN3ZCuVSBqINj,exciting,8CgjZq8tT6Wk_qw_N8qw7w/Sn2Se/1/Se_ini.xml,0,error,UnknownFileTypeError,0,0
ase,CTp61euc_JBq5kMTN3ZCuVSBqINj,exciting,8CgjZq8tT6Wk_qw_N8qw7w/Sn2Se/1/Se_scf.xml,0,error,UnknownFileTypeError,0,0
ase,CTp61euc_JBq5kMTN3ZCuVSBqINj,exciting,8CgjZq8tT6Wk_qw_N8qw7w/Sn2Se/1/Sn_ini.xml,0,error,UnknownFileTypeError,0,0
ase,CTp61euc_JBq5kMTN3ZCuVSBqINj,exciting,8CgjZq8tT6Wk_qw_N8qw7w/Sn2Se/1/TOTENERGY.OUT,0,error,StopIteration,0,0
ase,CTp61euc_JBq5kMTN3ZCuVSBqINj,exciting,8CgjZq8tT6Wk_qw_N8qw7w/Sn2Se/1/Sn_scf.xml,0,error,UnknownFileTypeError,0,0
ase,CTp61euc_JBq5kMTN3ZCuVSBqINj,exciting,8CgjZq8tT6Wk_qw_N8qw7w/Sn2Se/1/atoms.xml,0,error,UnknownFileTypeError,0,0
ase,CTp61euc_JBq5kMTN3ZCuVSBqINj,exciting,8CgjZq8tT6Wk_qw_N8qw7w/Sn2Se/1/SYMINV.OUT,0,error,StopIteration,0,0
ase,CTp61euc_JBq5kMTN3ZCuVSBqINj,exciting,8CgjZq8tT6Wk_qw_N8qw7w/Sn2Se/1/geometry.xml,0,error,UnknownFileTypeError,0,0
ase,-VzNnlku0TtqTklbRuDgiXVT795E,exciting,lO1jlxxeRKKURy4Fgso_oQ/Sn2Se/1/bandstructure.dat,0,error,AttributeError,0,0
ase,CTp61euc_JBq5kMTN3ZCuVSBqINj,exciting,8CgjZq8tT6Wk_qw_N8qw7w/Sn2Se/1/go,0,error,UnknownFileTypeError,0,0
ase,CTp61euc_JBq5kMTN3ZCuVSBqINj,exciting,8CgjZq8tT6Wk_qw_N8qw7w/Sn2Se/1/input_GS.xml,0,error,UnknownFileTypeError,0,0
ase,CTp61euc_JBq5kMTN3ZCuVSBqINj,exciting,8CgjZq8tT6Wk_qw_N8qw7w/Sn2Se/1/BAND.OUT,0,error,StopIteration,0,0
ase,CTp61euc_JBq5kMTN3ZCuVSBqINj,exciting,8CgjZq8tT6Wk_qw_N8qw7w/Sn2Se/1/info.xml,0,error,UnknownFileTypeError,0,0
ase,CTp61euc_JBq5kMTN3ZCuVSBqINj,exciting,8CgjZq8tT6Wk_qw_N8qw7w/Sn2Se/1/bandstructure.xml,0,error,UnknownFileTypeError,0,0
ase,GIgds3tnt7Y4G7S06OJySAN63ubH,VASP,PVFd-ql-QnGWZAzklz5MYQ/ldau65/scf/CONTCAR,0,success,,1,0
ase,GIgds3tnt7Y4G7S06OJySAN63ubH,VASP,PVFd-ql-QnGWZAzklz5MYQ/ldau65/scf/DOSCAR,0,error,UnknownFileTypeError,0,0
ase,CTp61euc_JBq5kMTN3ZCuVSBqINj,exciting,8CgjZq8tT6Wk_qw_N8qw7w/Sn2Se/1/KPOINTS.OUT,0,error,StopIteration,0,0
ase,GIgds3tnt7Y4G7S06OJySAN63ubH,VASP,PVFd-ql-QnGWZAzklz5MYQ/ldau65/scf/INCAR,0,error,UnknownFileTypeError,0,0
ase,GIgds3tnt7Y4G7S06OJySAN63ubH,VASP,PVFd-ql-QnGWZAzklz5MYQ/ldau65/scf/CHGCAR,0,error,UnknownFileTypeError,0,0
ase,GIgds3tnt7Y4G7S06OJySAN63ubH,VASP,PVFd-ql-QnGWZAzklz5MYQ/ldau65/scf/KPOINTS,0,error,UnknownFileTypeError,0,0
ase,GIgds3tnt7Y4G7S06OJySAN63ubH,VASP,PVFd-ql-QnGWZAzklz5MYQ/ldau65/scf/OSZICAR,0,error,UnknownFileTypeError,0,0
ase,GIgds3tnt7Y4G7S06OJySAN63ubH,VASP,PVFd-ql-QnGWZAzklz5MYQ/ldau65/scf/PCDAT,0,error,UnknownFileTypeError,0,0
ase,GIgds3tnt7Y4G7S06OJySAN63ubH,VASP,PVFd-ql-QnGWZAzklz5MYQ/ldau65/scf/POSCAR,0,success,,1,0
ase,GIgds3tnt7Y4G7S06OJySAN63ubH,VASP,PVFd-ql-QnGWZAzklz5MYQ/ldau65/scf/POTCAR.stripped,0,error,UnknownFileTypeError,0,0
ase,GIgds3tnt7Y4G7S06OJySAN63ubH,VASP,PVFd-ql-QnGWZAzklz5MYQ/ldau65/scf/REPORT,0,error,UnknownFileTypeError,0,0
ase,GIgds3tnt7Y4G7S06OJySAN63ubH,VASP,PVFd-ql-QnGWZAzklz5MYQ/ldau65/scf/XDATCAR,0,success,,1,0
ase,GIgds3tnt7Y4G7S06OJySAN63ubH,VASP,PVFd-ql-QnGWZAzklz5MYQ/ldau65/scf/slurm-1453997.out,0,error,StopIteration,0,0
ase,GIgds3tnt7Y4G7S06OJySAN63ubH,VASP,PVFd-ql-QnGWZAzklz5MYQ/ldau65/scf/vasp.sh,0,error,UnknownFileTypeError,0,0
ase,GIgds3tnt7Y4G7S06OJySAN63ubH,VASP,PVFd-ql-QnGWZAzklz5MYQ/ldau65/scf/CHG,0,error,UnknownFileTypeError,0,0
ase,KOz5MBCBTBUOdBP20bX7zMiw6Fe4,Octopus,QCoX1W2NRPeX4Rz3iEfaPw/convergence,0,error,UnknownFileTypeError,0,0
ase,GIgds3tnt7Y4G7S06OJySAN63ubH,VASP,PVFd-ql-QnGWZAzklz5MYQ/ldau65/scf/EIGENVAL,0,error,UnknownFileTypeError,0,0
ase,KOz5MBCBTBUOdBP20bX7zMiw6Fe4,Octopus,QCoX1W2NRPeX4Rz3iEfaPw/inp,0,error,FileNotFoundError,0,0
ase,GIgds3tnt7Y4G7S06OJySAN63ubH,VASP,PVFd-ql-QnGWZAzklz5MYQ/ldau65/scf/IBZKPT,0,error,UnknownFileTypeError,0,0
ase,GIgds3tnt7Y4G7S06OJySAN63ubH,VASP,PVFd-ql-QnGWZAzklz5MYQ/ldau65/scf/vasprun.xml,1,success,,1,0
ase,KOz5MBCBTBUOdBP20bX7zMiw6Fe4,Octopus,QCoX1W2NRPeX4Rz3iEfaPw/eigenvalues,0,error,UnknownFileTypeError,0,0
ase,GIgds3tnt7Y4G7S06OJySAN63ubH,VASP,PVFd-ql-QnGWZAzklz5MYQ/ldau65/scf/OUTCAR,0,success,,1,0
ase,KOz5MBCBTBUOdBP20bX7zMiw6Fe4,Octopus,QCoX1W2NRPeX4Rz3iEfaPw/ks_me_dipole.k1_z,0,error,UnknownFileTypeError,0,0
ase,N5IbCCIsCp3TgTM-zQLcXZIWlCcH,Gaussian,JPGMC2nNT1WHZrEPw_chUw/Calculations/Gaussian09/Minima Optimization/Water/H2O.err,0,error,UnknownFileTypeError,0,0
ase,KOz5MBCBTBUOdBP20bX7zMiw6Fe4,Octopus,QCoX1W2NRPeX4Rz3iEfaPw/ks_me_dipole.k1_x,0,error,UnknownFileTypeError,0,0
ase,N5IbCCIsCp3TgTM-zQLcXZIWlCcH,Gaussian,JPGMC2nNT1WHZrEPw_chUw/Calculations/Gaussian09/Minima Optimization/Water/H2O.gjf,0,error,ValueError,0,0
ase,N5IbCCIsCp3TgTM-zQLcXZIWlCcH,Gaussian,JPGMC2nNT1WHZrEPw_chUw/Calculations/Gaussian09/Minima Optimization/Water/H2O.out,0,error,StopIteration,0,0
ase,CTp61euc_JBq5kMTN3ZCuVSBqINj,exciting,8CgjZq8tT6Wk_qw_N8qw7w/Sn2Se/1/bandstructure.dat,0,error,AttributeError,0,0
ase,KOz5MBCBTBUOdBP20bX7zMiw6Fe4,Octopus,QCoX1W2NRPeX4Rz3iEfaPw/ks_me_dipole.k1_y,0,error,UnknownFileTypeError,0,0
ase,NBOCe85s8_8stAsSeav4Do7FGiPs,LAMMPS,mwKkPSBPTxyCgUfPHXXkhw/scratch/09487/znamenski/W64x64/W64x64.e1328804,0,error,UnknownFileTypeError,0,0
ase,NBOCe85s8_8stAsSeav4Do7FGiPs,LAMMPS,mwKkPSBPTxyCgUfPHXXkhw/scratch/09487/znamenski/W64x64/W64x64.e1328839,0,error,UnknownFileTypeError,0,0
ase,NBOCe85s8_8stAsSeav4Do7FGiPs,LAMMPS,mwKkPSBPTxyCgUfPHXXkhw/scratch/09487/znamenski/W64x64/W64x64.lmp,0,error,UnknownFileTypeError,0,0
ase,NBOCe85s8_8stAsSeav4Do7FGiPs,LAMMPS,mwKkPSBPTxyCgUfPHXXkhw/scratch/09487/znamenski/W64x64/W64x64.e1328824,0,error,UnknownFileTypeError,0,0
ase,NBOCe85s8_8stAsSeav4Do7FGiPs,LAMMPS,mwKkPSBPTxyCgUfPHXXkhw/scratch/09487/znamenski/W64x64/W64x64.o1328804,0,error,UnknownFileTypeError,0,0
ase,NBOCe85s8_8stAsSeav4Do7FGiPs,LAMMPS,mwKkPSBPTxyCgUfPHXXkhw/scratch/09487/znamenski/W64x64/W64x64.o1328824,0,error,UnknownFileTypeError,0,0
ase,NBOCe85s8_8stAsSeav4Do7FGiPs,LAMMPS,mwKkPSBPTxyCgUfPHXXkhw/scratch/09487/znamenski/W64x64/W64x64.sh,0,error,UnknownFileTypeError,0,0
ase,NBOCe85s8_8stAsSeav4Do7FGiPs,LAMMPS,mwKkPSBPTxyCgUfPHXXkhw/scratch/09487/znamenski/W64x64/W64x64.log,0,error,StopIteration,0,0
ase,NBOCe85s8_8stAsSeav4Do7FGiPs,LAMMPS,mwKkPSBPTxyCgUfPHXXkhw/scratch/09487/znamenski/W64x64/W64x64.o1328839,0,error,UnknownFileTypeError,0,0
ase,NBOCe85s8_8stAsSeav4Do7FGiPs,LAMMPS,mwKkPSBPTxyCgUfPHXXkhw/scratch/09487/znamenski/W64x64/log.lammps,1,error,UnknownFileTypeError,0,0
ase,KOz5MBCBTBUOdBP20bX7zMiw6Fe4,Octopus,QCoX1W2NRPeX4Rz3iEfaPw/output.out,1,error,StopIteration,0,0
ase,N5IbCCIsCp3TgTM-zQLcXZIWlCcH,Gaussian,JPGMC2nNT1WHZrEPw_chUw/Calculations/Gaussian09/Minima Optimization/Water/H2O.log,1,error,ValueError,0,0
ase,NcjV1wLuShzcKbCQNyx9WYfgl-sj,FHI-aims,s7RWKK2cTgmBh_c5sD9m7A/MoS2/Vac/intermediate/11geo.in,0,success,,1,0
ase,NcjV1wLuShzcKbCQNyx9WYfgl-sj,FHI-aims,s7RWKK2cTgmBh_c5sD9m7A/MoS2/Vac/intermediate/geometry.in,0,success,,1,0
ase,NcjV1wLuShzcKbCQNyx9WYfgl-sj,FHI-aims,s7RWKK2cTgmBh_c5sD9m7A/MoS2/Vac/intermediate/geometry.in.next_step,0,error,UnknownFileTypeError,0,0
ase,N5IbCCIsCp3TgTM-zQLcXZIWlCcH,Gaussian,JPGMC2nNT1WHZrEPw_chUw/Calculations/Gaussian09/Minima Optimization/Water/H2O.chk,0,error,UnknownFileTypeError,0,0
ase,NcjV1wLuShzcKbCQNyx9WYfgl-sj,FHI-aims,s7RWKK2cTgmBh_c5sD9m7A/MoS2/Vac/intermediate/control.in,0,error,ValueError,0,0
ase,OmD7TXGKSfdnqzjg48C4MWsg-NiY,GPAW,UhPjAI9qSx2ARyYvTkOSOg/ZnO/tree/materials/Zn2O2-Apr29-544eV-G885/WaveFunctions/output.json,0,error,UnknownFileTypeError,0,0
ase,OmD7TXGKSfdnqzjg48C4MWsg-NiY,GPAW,UhPjAI9qSx2ARyYvTkOSOg/ZnO/tree/materials/Zn2O2-Apr29-544eV-G885/WaveFunctions/gs_gw.txt,0,success,,1,0
ase,OmD7TXGKSfdnqzjg48C4MWsg-NiY,GPAW,UhPjAI9qSx2ARyYvTkOSOg/ZnO/tree/materials/Zn2O2-Apr29-544eV-G885/WaveFunctions/input.json,0,error,UnknownFileTypeError,0,0
ase,QTNlDyNK-XK_OYZ21JKIDqGn2axi,VASP,PVFd-ql-QnGWZAzklz5MYQ/ldau65/CONTCAR,0,success,,1,0
ase,QTNlDyNK-XK_OYZ21JKIDqGn2axi,VASP,PVFd-ql-QnGWZAzklz5MYQ/ldau65/DOSCAR,0,error,UnknownFileTypeError,0,0
ase,NcjV1wLuShzcKbCQNyx9WYfgl-sj,FHI-aims,s7RWKK2cTgmBh_c5sD9m7A/MoS2/Vac/intermediate/hessian.aims,0,error,UnicodeDecodeError,0,0
ase,OmD7TXGKSfdnqzjg48C4MWsg-NiY,GPAW,UhPjAI9qSx2ARyYvTkOSOg/ZnO/tree/materials/Zn2O2-Apr29-544eV-G885/WaveFunctions/gs_gw_nowfs.gpw,1,success,,1,0
ase,QTNlDyNK-XK_OYZ21JKIDqGn2axi,VASP,PVFd-ql-QnGWZAzklz5MYQ/ldau65/INCAR,0,error,UnknownFileTypeError,0,0
ase,QTNlDyNK-XK_OYZ21JKIDqGn2axi,VASP,PVFd-ql-QnGWZAzklz5MYQ/ldau65/KPOINTS,0,error,UnknownFileTypeError,0,0
ase,QTNlDyNK-XK_OYZ21JKIDqGn2axi,VASP,PVFd-ql-QnGWZAzklz5MYQ/ldau65/OSZICAR,0,error,UnknownFileTypeError,0,0
ase,QTNlDyNK-XK_OYZ21JKIDqGn2axi,VASP,PVFd-ql-QnGWZAzklz5MYQ/ldau65/EIGENVAL,0,error,UnknownFileTypeError,0,0
ase,QTNlDyNK-XK_OYZ21JKIDqGn2axi,VASP,PVFd-ql-QnGWZAzklz5MYQ/ldau65/CHG,0,error,UnknownFileTypeError,0,0
ase,QTNlDyNK-XK_OYZ21JKIDqGn2axi,VASP,PVFd-ql-QnGWZAzklz5MYQ/ldau65/IBZKPT,0,error,UnknownFileTypeError,0,0
ase,QTNlDyNK-XK_OYZ21JKIDqGn2axi,VASP,PVFd-ql-QnGWZAzklz5MYQ/ldau65/POTCAR.stripped,0,error,UnknownFileTypeError,0,0
ase,QTNlDyNK-XK_OYZ21JKIDqGn2axi,VASP,PVFd-ql-QnGWZAzklz5MYQ/ldau65/REPORT,0,error,UnknownFileTypeError,0,0
ase,QTNlDyNK-XK_OYZ21JKIDqGn2axi,VASP,PVFd-ql-QnGWZAzklz5MYQ/ldau65/XDATCAR,0,success,,1,0
ase,QTNlDyNK-XK_OYZ21JKIDqGn2axi,VASP,PVFd-ql-QnGWZAzklz5MYQ/ldau65/CHGCAR,0,error,UnknownFileTypeError,0,0
ase,QTNlDyNK-XK_OYZ21JKIDqGn2axi,VASP,PVFd-ql-QnGWZAzklz5MYQ/ldau65/POSCAR,0,success,,1,0
ase,QTNlDyNK-XK_OYZ21JKIDqGn2axi,VASP,PVFd-ql-QnGWZAzklz5MYQ/ldau65/vasp.sh,0,error,UnknownFileTypeError,0,0
ase,QTNlDyNK-XK_OYZ21JKIDqGn2axi,VASP,PVFd-ql-QnGWZAzklz5MYQ/ldau65/PCDAT,0,error,UnknownFileTypeError,0,0
ase,QTNlDyNK-XK_OYZ21JKIDqGn2axi,VASP,PVFd-ql-QnGWZAzklz5MYQ/ldau65/slurm-1453983.out,0,error,StopIteration,0,0
ase,QTNlDyNK-XK_OYZ21JKIDqGn2axi,VASP,PVFd-ql-QnGWZAzklz5MYQ/ldau65/OUTCAR,0,success,,1,0
ase,SMaGnwZkstE9pgZ5kY2nTsbB8F6R,FHI-aims,s7RWKK2cTgmBh_c5sD9m7A/MoS2/Au_Vac/intermediate/control.in,0,error,ValueError,0,0
ase,SHh1xr_l58eCk-JphIicR28nv6Yn,ONETEP,DLpXm6AbTc64oVO8luYgag/onetep/single_point_2.out,1,error,RuntimeError,0,0
ase,SMaGnwZkstE9pgZ5kY2nTsbB8F6R,FHI-aims,s7RWKK2cTgmBh_c5sD9m7A/MoS2/Au_Vac/intermediate/11geo.in,0,success,,1,0
ase,SMaGnwZkstE9pgZ5kY2nTsbB8F6R,FHI-aims,s7RWKK2cTgmBh_c5sD9m7A/MoS2/Au_Vac/intermediate/geometry.in.next_step,0,error,UnknownFileTypeError,0,0
ase,TEmqes8EM9dsrpSPHEGZelHkRL3R,ABINIT,8CgjZq8tT6Wk_qw_N8qw7w/ZnSe/1/run.abi,0,success,,1,0
ase,TEmqes8EM9dsrpSPHEGZelHkRL3R,ABINIT,8CgjZq8tT6Wk_qw_N8qw7w/ZnSe/1/run.abo,1,error,ValueError,0,0
ase,SMaGnwZkstE9pgZ5kY2nTsbB8F6R,FHI-aims,s7RWKK2cTgmBh_c5sD9m7A/MoS2/Au_Vac/intermediate/geometry.in,0,success,,1,0
ase,TEmqes8EM9dsrpSPHEGZelHkRL3R,ABINIT,8CgjZq8tT6Wk_qw_N8qw7w/ZnSe/1/run.log,0,error,ValueError,0,0
ase,TRpxYNCXoPIhy1jB15tmKpLHyqCE,Gaussian,d9DagJChRxyeUKBEwzSiFw/G-I-O-P-gjf-out/G.gjf,0,error,ValueError,0,0
ase,SMaGnwZkstE9pgZ5kY2nTsbB8F6R,FHI-aims,s7RWKK2cTgmBh_c5sD9m7A/MoS2/Au_Vac/intermediate/hessian.aims,0,error,UnicodeDecodeError,0,0
ase,TRpxYNCXoPIhy1jB15tmKpLHyqCE,Gaussian,d9DagJChRxyeUKBEwzSiFw/G-I-O-P-gjf-out/G.mol,0,error,ValueError,0,0
ase,TRpxYNCXoPIhy1jB15tmKpLHyqCE,Gaussian,d9DagJChRxyeUKBEwzSiFw/G-I-O-P-gjf-out/I.gjf,0,error,ValueError,0,0
ase,TRpxYNCXoPIhy1jB15tmKpLHyqCE,Gaussian,d9DagJChRxyeUKBEwzSiFw/G-I-O-P-gjf-out/I.mol,0,error,ValueError,0,0
ase,TRpxYNCXoPIhy1jB15tmKpLHyqCE,Gaussian,d9DagJChRxyeUKBEwzSiFw/G-I-O-P-gjf-out/G.LOG,1,error,ValueError,0,0
ase,QTNlDyNK-XK_OYZ21JKIDqGn2axi,VASP,PVFd-ql-QnGWZAzklz5MYQ/ldau65/vasprun.xml,1,success,,1,0
ase,TRpxYNCXoPIhy1jB15tmKpLHyqCE,Gaussian,d9DagJChRxyeUKBEwzSiFw/G-I-O-P-gjf-out/O.gjf,0,error,ValueError,0,0
ase,TRpxYNCXoPIhy1jB15tmKpLHyqCE,Gaussian,d9DagJChRxyeUKBEwzSiFw/G-I-O-P-gjf-out/O.mol,0,error,ValueError,0,0
ase,TRpxYNCXoPIhy1jB15tmKpLHyqCE,Gaussian,d9DagJChRxyeUKBEwzSiFw/G-I-O-P-gjf-out/P.gjf,0,error,ValueError,0,0
ase,TRpxYNCXoPIhy1jB15tmKpLHyqCE,Gaussian,d9DagJChRxyeUKBEwzSiFw/G-I-O-P-gjf-out/P.mol,0,error,ValueError,0,0
ase,TRpxYNCXoPIhy1jB15tmKpLHyqCE,Gaussian,d9DagJChRxyeUKBEwzSiFw/G-I-O-P-gjf-out/O.LOG,0,error,ValueError,0,0
ase,TRpxYNCXoPIhy1jB15tmKpLHyqCE,Gaussian,d9DagJChRxyeUKBEwzSiFw/G-I-O-P-gjf-out/I.LOG,0,error,ValueError,0,0
ase,UJcTclMEejNtTbcYO2enL2OM0PSG,ABINIT,lO1jlxxeRKKURy4Fgso_oQ/ZnSe/1/run.abi,0,success,,1,0
ase,UJcTclMEejNtTbcYO2enL2OM0PSG,ABINIT,lO1jlxxeRKKURy4Fgso_oQ/ZnSe/1/run.abo,1,error,ValueError,0,0
ase,UJcTclMEejNtTbcYO2enL2OM0PSG,ABINIT,lO1jlxxeRKKURy4Fgso_oQ/ZnSe/1/run.log,0,error,ValueError,0,0
ase,_4eGoIDqu6NZcvw14Y9VyFJtykSr,VASP,PVFd-ql-QnGWZAzklz5MYQ/ldau65/scf/band/BAND_GAP,0,error,UnknownFileTypeError,0,0
ase,_4eGoIDqu6NZcvw14Y9VyFJtykSr,VASP,PVFd-ql-QnGWZAzklz5MYQ/ldau65/scf/band/BAND.jpg,0,error,UnknownFileTypeError,0,0
ase,_4eGoIDqu6NZcvw14Y9VyFJtykSr,VASP,PVFd-ql-QnGWZAzklz5MYQ/ldau65/scf/band/BAND.dat,0,error,AttributeError,0,0
ase,_4eGoIDqu6NZcvw14Y9VyFJtykSr,VASP,PVFd-ql-QnGWZAzklz5MYQ/ldau65/scf/band/CONTCAR,0,success,,1,0
ase,TRpxYNCXoPIhy1jB15tmKpLHyqCE,Gaussian,d9DagJChRxyeUKBEwzSiFw/G-I-O-P-gjf-out/P.LOG,0,error,ValueError,0,0
ase,_4eGoIDqu6NZcvw14Y9VyFJtykSr,VASP,PVFd-ql-QnGWZAzklz5MYQ/ldau65/scf/band/CHG,0,error,UnknownFileTypeError,0,0
ase,_4eGoIDqu6NZcvw14Y9VyFJtykSr,VASP,PVFd-ql-QnGWZAzklz5MYQ/ldau65/scf/band/DOSCAR,0,error,UnknownFileTypeError,0,0
ase,_4eGoIDqu6NZcvw14Y9VyFJtykSr,VASP,PVFd-ql-QnGWZAzklz5MYQ/ldau65/scf/band/INCAR,0,error,UnknownFileTypeError,0,0
ase,_4eGoIDqu6NZcvw14Y9VyFJtykSr,VASP,PVFd-ql-QnGWZAzklz5MYQ/ldau65/scf/band/FERMI_ENERGY,0,error,UnknownFileTypeError,0,0
ase,_4eGoIDqu6NZcvw14Y9VyFJtykSr,VASP,PVFd-ql-QnGWZAzklz5MYQ/ldau65/scf/band/KLABELS,0,error,UnknownFileTypeError,0,0
ase,_4eGoIDqu6NZcvw14Y9VyFJtykSr,VASP,PVFd-ql-QnGWZAzklz5MYQ/ldau65/scf/band/KPOINTS,0,error,UnknownFileTypeError,0,0
ase,_4eGoIDqu6NZcvw14Y9VyFJtykSr,VASP,PVFd-ql-QnGWZAzklz5MYQ/ldau65/scf/band/KLINES.dat,0,error,AttributeError,0,0
ase,_4eGoIDqu6NZcvw14Y9VyFJtykSr,VASP,PVFd-ql-QnGWZAzklz5MYQ/ldau65/scf/band/OSZICAR,0,error,UnknownFileTypeError,0,0
ase,_4eGoIDqu6NZcvw14Y9VyFJtykSr,VASP,PVFd-ql-QnGWZAzklz5MYQ/ldau65/scf/band/PCDAT,0,error,UnknownFileTypeError,0,0
ase,_4eGoIDqu6NZcvw14Y9VyFJtykSr,VASP,PVFd-ql-QnGWZAzklz5MYQ/ldau65/scf/band/EIGENVAL,0,error,UnknownFileTypeError,0,0
ase,_4eGoIDqu6NZcvw14Y9VyFJtykSr,VASP,PVFd-ql-QnGWZAzklz5MYQ/ldau65/scf/band/POSCAR,0,success,,1,0
ase,_4eGoIDqu6NZcvw14Y9VyFJtykSr,VASP,PVFd-ql-QnGWZAzklz5MYQ/ldau65/scf/band/CHGCAR,0,error,UnknownFileTypeError,0,0
ase,_4eGoIDqu6NZcvw14Y9VyFJtykSr,VASP,PVFd-ql-QnGWZAzklz5MYQ/ldau65/scf/band/PLOT.in,0,error,ValueError,0,0
ase,_4eGoIDqu6NZcvw14Y9VyFJtykSr,VASP,PVFd-ql-QnGWZAzklz5MYQ/ldau65/scf/band/REFORMATTED_BAND.dat,0,error,AttributeError,0,0
ase,_4eGoIDqu6NZcvw14Y9VyFJtykSr,VASP,PVFd-ql-QnGWZAzklz5MYQ/ldau65/scf/band/REPORT,0,error,UnknownFileTypeError,0,0
ase,_4eGoIDqu6NZcvw14Y9VyFJtykSr,VASP,PVFd-ql-QnGWZAzklz5MYQ/ldau65/scf/band/POTCAR.stripped,0,error,UnknownFileTypeError,0,0
ase,_4eGoIDqu6NZcvw14Y9VyFJtykSr,VASP,PVFd-ql-QnGWZAzklz5MYQ/ldau65/scf/band/OUTCAR,0,success,,1,0
ase,_4eGoIDqu6NZcvw14Y9VyFJtykSr,VASP,PVFd-ql-QnGWZAzklz5MYQ/ldau65/scf/band/vasp.sh,0,error,UnknownFileTypeError,0,0
ase,_4eGoIDqu6NZcvw14Y9VyFJtykSr,VASP,PVFd-ql-QnGWZAzklz5MYQ/ldau65/scf/band/slurm-1454043.out,0,error,StopIteration,0,0
ase,_4eGoIDqu6NZcvw14Y9VyFJtykSr,VASP,PVFd-ql-QnGWZAzklz5MYQ/ldau65/scf/band/XDATCAR,0,success,,1,0
ase,ebTSTiuPZWDnFoJgFsqCAvFX_-GT,GPAW,v8so8T4nRrC7GD-yV59PDA/production_Apr29_Zr2Y2O7_10Ha_444/tree/444/materials/ZrY2ZrO7-Apr29-272eV-G444/WaveFunctions/gs_gw.txt,0,success,,1,0
ase,ebTSTiuPZWDnFoJgFsqCAvFX_-GT,GPAW,v8so8T4nRrC7GD-yV59PDA/production_Apr29_Zr2Y2O7_10Ha_444/tree/444/materials/ZrY2ZrO7-Apr29-272eV-G444/WaveFunctions/input.json,0,error,UnknownFileTypeError,0,0
ase,ebTSTiuPZWDnFoJgFsqCAvFX_-GT,GPAW,v8so8T4nRrC7GD-yV59PDA/production_Apr29_Zr2Y2O7_10Ha_444/tree/444/materials/ZrY2ZrO7-Apr29-272eV-G444/WaveFunctions/output.json,0,error,UnknownFileTypeError,0,0
ase,fr50Zj7V_qCFMt401DJwQW4l11wK,GAMESS,58G9YZi8SMS2QATRSom9MQ/RCWnE6CiPA8v5vyGpJEV5BKIm4XSC/data/tcnedim/tcnedim_b3_1_a.inp,0,error,UnknownFileTypeError,0,0
ase,_4eGoIDqu6NZcvw14Y9VyFJtykSr,VASP,PVFd-ql-QnGWZAzklz5MYQ/ldau65/scf/band/PROCAR,0,error,UnknownFileTypeError,0,0
ase,fr50Zj7V_qCFMt401DJwQW4l11wK,GAMESS,58G9YZi8SMS2QATRSom9MQ/RCWnE6CiPA8v5vyGpJEV5BKIm4XSC/data/tcnedim/tcnedim_b3_1_b.inp,0,error,UnknownFileTypeError,0,0
ase,ebTSTiuPZWDnFoJgFsqCAvFX_-GT,GPAW,v8so8T4nRrC7GD-yV59PDA/production_Apr29_Zr2Y2O7_10Ha_444/tree/444/materials/ZrY2ZrO7-Apr29-272eV-G444/WaveFunctions/gs_gw_nowfs.gpw,1,success,,1,0
ase,_4eGoIDqu6NZcvw14Y9VyFJtykSr,VASP,PVFd-ql-QnGWZAzklz5MYQ/ldau65/scf/band/vasprun.xml,1,success,,1,0
ase,fr50Zj7V_qCFMt401DJwQW4l11wK,GAMESS,58G9YZi8SMS2QATRSom9MQ/RCWnE6CiPA8v5vyGpJEV5BKIm4XSC/data/tcnedim/tcnedim_b3_1_c.inp,0,error,UnknownFileTypeError,0,0
ase,fr50Zj7V_qCFMt401DJwQW4l11wK,GAMESS,58G9YZi8SMS2QATRSom9MQ/RCWnE6CiPA8v5vyGpJEV5BKIm4XSC/data/tcnedim/tcnedim_b3_1bs_a.inp,0,error,UnknownFileTypeError,0,0
ase,NcjV1wLuShzcKbCQNyx9WYfgl-sj,FHI-aims,s7RWKK2cTgmBh_c5sD9m7A/MoS2/Vac/intermediate/aims.out,1,success,,1,0
ase,fr50Zj7V_qCFMt401DJwQW4l11wK,GAMESS,58G9YZi8SMS2QATRSom9MQ/RCWnE6CiPA8v5vyGpJEV5BKIm4XSC/data/tcnedim/tcnedim_b3_1bs_b.inp,0,error,UnknownFileTypeError,0,0
ase,fr50Zj7V_qCFMt401DJwQW4l11wK,GAMESS,58G9YZi8SMS2QATRSom9MQ/RCWnE6CiPA8v5vyGpJEV5BKIm4XSC/data/tcnedim/tcnedim_b3_1_a.out,0,error,ValueError,0,0
ase,fr50Zj7V_qCFMt401DJwQW4l11wK,GAMESS,58G9YZi8SMS2QATRSom9MQ/RCWnE6CiPA8v5vyGpJEV5BKIm4XSC/data/tcnedim/tcnedim_b3_1bs_c.inp,0,error,UnknownFileTypeError,0,0
ase,fr50Zj7V_qCFMt401DJwQW4l11wK,GAMESS,58G9YZi8SMS2QATRSom9MQ/RCWnE6CiPA8v5vyGpJEV5BKIm4XSC/data/tcnedim/tcnedim_b3_1_b.out,1,error,ValueError,0,0
ase,fr50Zj7V_qCFMt401DJwQW4l11wK,GAMESS,58G9YZi8SMS2QATRSom9MQ/RCWnE6CiPA8v5vyGpJEV5BKIm4XSC/data/tcnedim/tcnedim_b3_3_a.inp,0,error,UnknownFileTypeError,0,0
ase,fr50Zj7V_qCFMt401DJwQW4l11wK,GAMESS,58G9YZi8SMS2QATRSom9MQ/RCWnE6CiPA8v5vyGpJEV5BKIm4XSC/data/tcnedim/tcnedim_b3_1_c.out,0,error,ValueError,0,0
ase,fr50Zj7V_qCFMt401DJwQW4l11wK,GAMESS,58G9YZi8SMS2QATRSom9MQ/RCWnE6CiPA8v5vyGpJEV5BKIm4XSC/data/tcnedim/tcnedim_b3_3_b.inp,0,error,UnknownFileTypeError,0,0
ase,fr50Zj7V_qCFMt401DJwQW4l11wK,GAMESS,58G9YZi8SMS2QATRSom9MQ/RCWnE6CiPA8v5vyGpJEV5BKIm4XSC/data/tcnedim/tcnedim_b3_1bs_a.out,0,error,ValueError,0,0
ase,SMaGnwZkstE9pgZ5kY2nTsbB8F6R,FHI-aims,s7RWKK2cTgmBh_c5sD9m7A/MoS2/Au_Vac/intermediate/aims.out,1,success,,1,0
ase,fr50Zj7V_qCFMt401DJwQW4l11wK,GAMESS,58G9YZi8SMS2QATRSom9MQ/RCWnE6CiPA8v5vyGpJEV5BKIm4XSC/data/tcnedim/tcnedim_b3_3_c.inp,0,error,UnknownFileTypeError,0,0
ase,fr50Zj7V_qCFMt401DJwQW4l11wK,GAMESS,58G9YZi8SMS2QATRSom9MQ/RCWnE6CiPA8v5vyGpJEV5BKIm4XSC/data/tcnedim/tcnedim_b3_dis_3.inp,0,error,UnknownFileTypeError,0,0
ase,fr50Zj7V_qCFMt401DJwQW4l11wK,GAMESS,58G9YZi8SMS2QATRSom9MQ/RCWnE6CiPA8v5vyGpJEV5BKIm4XSC/data/tcnedim/tcnedim_b3_3_a.out,0,error,ValueError,0,0
ase,fr50Zj7V_qCFMt401DJwQW4l11wK,GAMESS,58G9YZi8SMS2QATRSom9MQ/RCWnE6CiPA8v5vyGpJEV5BKIm4XSC/data/tcnedim/tcnedim_cas22mp2_1_a.inp,0,error,UnknownFileTypeError,0,0
ase,fr50Zj7V_qCFMt401DJwQW4l11wK,GAMESS,58G9YZi8SMS2QATRSom9MQ/RCWnE6CiPA8v5vyGpJEV5BKIm4XSC/data/tcnedim/tcnedim_b3_3_b.out,0,error,ValueError,0,0
ase,fr50Zj7V_qCFMt401DJwQW4l11wK,GAMESS,58G9YZi8SMS2QATRSom9MQ/RCWnE6CiPA8v5vyGpJEV5BKIm4XSC/data/tcnedim/tcnedim_b3_1bs_c.out,0,error,ValueError,0,0
ase,fr50Zj7V_qCFMt401DJwQW4l11wK,GAMESS,58G9YZi8SMS2QATRSom9MQ/RCWnE6CiPA8v5vyGpJEV5BKIm4XSC/data/tcnedim/tcnedim_cas22mp2_1_b.inp,0,error,UnknownFileTypeError,0,0
ase,fr50Zj7V_qCFMt401DJwQW4l11wK,GAMESS,58G9YZi8SMS2QATRSom9MQ/RCWnE6CiPA8v5vyGpJEV5BKIm4XSC/data/tcnedim/tcnedim_b3_1bs_b.out,0,error,ValueError,0,0
ase,fr50Zj7V_qCFMt401DJwQW4l11wK,GAMESS,58G9YZi8SMS2QATRSom9MQ/RCWnE6CiPA8v5vyGpJEV5BKIm4XSC/data/tcnedim/tcnedim_cas22mp2_1_a.out,0,error,ValueError,0,0
ase,fr50Zj7V_qCFMt401DJwQW4l11wK,GAMESS,58G9YZi8SMS2QATRSom9MQ/RCWnE6CiPA8v5vyGpJEV5BKIm4XSC/data/tcnedim/tcnedim_cas22mp2_1_c.inp,0,error,UnknownFileTypeError,0,0
ase,fr50Zj7V_qCFMt401DJwQW4l11wK,GAMESS,58G9YZi8SMS2QATRSom9MQ/RCWnE6CiPA8v5vyGpJEV5BKIm4XSC/data/tcnedim/tcnedim_cas22mp2_dis_1.inp,0,error,UnknownFileTypeError,0,0
ase,fr50Zj7V_qCFMt401DJwQW4l11wK,GAMESS,58G9YZi8SMS2QATRSom9MQ/RCWnE6CiPA8v5vyGpJEV5BKIm4XSC/data/tcnedim/tcnedim_rmp2_1_a.inp,0,error,UnknownFileTypeError,0,0
ase,fr50Zj7V_qCFMt401DJwQW4l11wK,GAMESS,58G9YZi8SMS2QATRSom9MQ/RCWnE6CiPA8v5vyGpJEV5BKIm4XSC/data/tcnedim/tcnedim_cas22mp2_1_c.out,0,error,ValueError,0,0
ase,fr50Zj7V_qCFMt401DJwQW4l11wK,GAMESS,58G9YZi8SMS2QATRSom9MQ/RCWnE6CiPA8v5vyGpJEV5BKIm4XSC/data/tcnedim/tcnedim_rmp2_1_b.inp,0,error,UnknownFileTypeError,0,0
ase,fr50Zj7V_qCFMt401DJwQW4l11wK,GAMESS,58G9YZi8SMS2QATRSom9MQ/RCWnE6CiPA8v5vyGpJEV5BKIm4XSC/data/tcnedim/tcnedim_cas22mp2_1_b.out,0,error,ValueError,0,0
ase,fr50Zj7V_qCFMt401DJwQW4l11wK,GAMESS,58G9YZi8SMS2QATRSom9MQ/RCWnE6CiPA8v5vyGpJEV5BKIm4XSC/data/tcnedim/tcnedim_rmp2_1_c.inp,0,error,UnknownFileTypeError,0,0
ase,fr50Zj7V_qCFMt401DJwQW4l11wK,GAMESS,58G9YZi8SMS2QATRSom9MQ/RCWnE6CiPA8v5vyGpJEV5BKIm4XSC/data/tcnedim/tcnedim_rmp2_1_a.out,0,error,ValueError,0,0
ase,fr50Zj7V_qCFMt401DJwQW4l11wK,GAMESS,58G9YZi8SMS2QATRSom9MQ/RCWnE6CiPA8v5vyGpJEV5BKIm4XSC/data/tcnedim/tcnedim_cas22mp2_dis_1.out,0,error,ValueError,0,0
ase,fr50Zj7V_qCFMt401DJwQW4l11wK,GAMESS,58G9YZi8SMS2QATRSom9MQ/RCWnE6CiPA8v5vyGpJEV5BKIm4XSC/data/tcnedim/tcnedim_romp2_3_a.inp,0,error,UnknownFileTypeError,0,0
ase,fr50Zj7V_qCFMt401DJwQW4l11wK,GAMESS,58G9YZi8SMS2QATRSom9MQ/RCWnE6CiPA8v5vyGpJEV5BKIm4XSC/data/tcnedim/tcnedim_b3_dis_3.out,0,error,ValueError,0,0
ase,fr50Zj7V_qCFMt401DJwQW4l11wK,GAMESS,58G9YZi8SMS2QATRSom9MQ/RCWnE6CiPA8v5vyGpJEV5BKIm4XSC/data/tcnedim/tcnedim_rmp2_1_b.out,0,error,ValueError,0,0
ase,fr50Zj7V_qCFMt401DJwQW4l11wK,GAMESS,58G9YZi8SMS2QATRSom9MQ/RCWnE6CiPA8v5vyGpJEV5BKIm4XSC/data/tcnedim/tcnedim_romp2_3_c.inp,0,error,UnknownFileTypeError,0,0
ase,fr50Zj7V_qCFMt401DJwQW4l11wK,GAMESS,58G9YZi8SMS2QATRSom9MQ/RCWnE6CiPA8v5vyGpJEV5BKIm4XSC/data/tcnedim/tcnedim_romp2_3_b.inp,0,error,UnknownFileTypeError,0,0
ase,fr50Zj7V_qCFMt401DJwQW4l11wK,GAMESS,58G9YZi8SMS2QATRSom9MQ/RCWnE6CiPA8v5vyGpJEV5BKIm4XSC/data/tcnedim/tcnedim_b3_3_c.out,0,error,ValueError,0,0
ase,fr50Zj7V_qCFMt401DJwQW4l11wK,GAMESS,58G9YZi8SMS2QATRSom9MQ/RCWnE6CiPA8v5vyGpJEV5BKIm4XSC/data/tcnedim/tcnedim_rmp2_1_c.out,0,error,ValueError,0,0
ase,fr50Zj7V_qCFMt401DJwQW4l11wK,GAMESS,58G9YZi8SMS2QATRSom9MQ/RCWnE6CiPA8v5vyGpJEV5BKIm4XSC/data/tcnedim/tcnedim_romp2_3_a.out,0,error,ValueError,0,0
ase,iBIeUIvhEDHWwRGRXri8-gJqbWeZ,exciting,qpxNMvKmRhqq_F-CfHJw8Q/C.xml,0,error,UnknownFileTypeError,0,0
ase,fr50Zj7V_qCFMt401DJwQW4l11wK,GAMESS,58G9YZi8SMS2QATRSom9MQ/RCWnE6CiPA8v5vyGpJEV5BKIm4XSC/data/tcnedim/tcnedim_romp2_dis_3.inp,0,error,UnknownFileTypeError,0,0
ase,fr50Zj7V_qCFMt401DJwQW4l11wK,GAMESS,58G9YZi8SMS2QATRSom9MQ/RCWnE6CiPA8v5vyGpJEV5BKIm4XSC/data/tcnedim/tcnedim_romp2_3_b.out,0,error,ValueError,0,0
ase,iBIeUIvhEDHWwRGRXri8-gJqbWeZ,exciting,qpxNMvKmRhqq_F-CfHJw8Q/DVEFF_Q0000_0000_0000_S01_A001_P2.OUT,0,error,UnicodeDecodeError,0,0
ase,iBIeUIvhEDHWwRGRXri8-gJqbWeZ,exciting,qpxNMvKmRhqq_F-CfHJw8Q/DVEFF_Q0000_0000_0000_S01_A001_P1.OUT,0,error,UnicodeDecodeError,0,0
ase,iBIeUIvhEDHWwRGRXri8-gJqbWeZ,exciting,qpxNMvKmRhqq_F-CfHJw8Q/DVEFF_Q0000_0000_0000_S01_A002_P1.OUT,0,error,UnicodeDecodeError,0,0
ase,iBIeUIvhEDHWwRGRXri8-gJqbWeZ,exciting,qpxNMvKmRhqq_F-CfHJw8Q/DVEFF_Q0000_0000_0000_S01_A002_P2.OUT,0,error,UnicodeDecodeError,0,0
ase,iBIeUIvhEDHWwRGRXri8-gJqbWeZ,exciting,qpxNMvKmRhqq_F-CfHJw8Q/DVEFF_Q0000_0000_0000_S01_A002_P3.OUT,0,error,UnicodeDecodeError,0,0
ase,fr50Zj7V_qCFMt401DJwQW4l11wK,GAMESS,58G9YZi8SMS2QATRSom9MQ/RCWnE6CiPA8v5vyGpJEV5BKIm4XSC/data/tcnedim/tcnedim_romp2_3_c.out,0,error,ValueError,0,0
ase,iBIeUIvhEDHWwRGRXri8-gJqbWeZ,exciting,qpxNMvKmRhqq_F-CfHJw8Q/DVEFF_Q0000_0000_0000_S01_A001_P3.OUT,0,error,UnicodeDecodeError,0,0
ase,iBIeUIvhEDHWwRGRXri8-gJqbWeZ,exciting,qpxNMvKmRhqq_F-CfHJw8Q/DVEFF_Q0000_0000_0000_S01_A003_P1.OUT,0,error,UnicodeDecodeError,0,0
ase,fr50Zj7V_qCFMt401DJwQW4l11wK,GAMESS,58G9YZi8SMS2QATRSom9MQ/RCWnE6CiPA8v5vyGpJEV5BKIm4XSC/data/tcnedim/tcnedim_romp2_dis_3.out,0,error,ValueError,0,0
ase,iBIeUIvhEDHWwRGRXri8-gJqbWeZ,exciting,qpxNMvKmRhqq_F-CfHJw8Q/DVEFF_Q0000_0000_0000_S01_A003_P2.OUT,0,error,UnicodeDecodeError,0,0
ase,iBIeUIvhEDHWwRGRXri8-gJqbWeZ,exciting,qpxNMvKmRhqq_F-CfHJw8Q/DVEFF_Q0000_0000_0000_S01_A004_P3.OUT,0,error,UnicodeDecodeError,0,0
ase,iBIeUIvhEDHWwRGRXri8-gJqbWeZ,exciting,qpxNMvKmRhqq_F-CfHJw8Q/DVEFF_Q0000_0000_0000_S01_A004_P1.OUT,0,error,UnicodeDecodeError,0,0
ase,iBIeUIvhEDHWwRGRXri8-gJqbWeZ,exciting,qpxNMvKmRhqq_F-CfHJw8Q/DVEFF_Q0000_0000_0000_S01_A005_P2.OUT,0,error,UnicodeDecodeError,0,0
ase,iBIeUIvhEDHWwRGRXri8-gJqbWeZ,exciting,qpxNMvKmRhqq_F-CfHJw8Q/DVEFF_Q0000_0000_0000_S01_A005_P1.OUT,0,error,UnicodeDecodeError,0,0
ase,iBIeUIvhEDHWwRGRXri8-gJqbWeZ,exciting,qpxNMvKmRhqq_F-CfHJw8Q/DVEFF_Q0000_0000_0000_S01_A003_P3.OUT,0,error,UnicodeDecodeError,0,0
ase,iBIeUIvhEDHWwRGRXri8-gJqbWeZ,exciting,qpxNMvKmRhqq_F-CfHJw8Q/DVEFF_Q0000_0000_0000_S01_A005_P3.OUT,0,error,UnicodeDecodeError,0,0
ase,iBIeUIvhEDHWwRGRXri8-gJqbWeZ,exciting,qpxNMvKmRhqq_F-CfHJw8Q/DVEFF_Q0000_0000_0000_S01_A006_P1.OUT,0,error,UnicodeDecodeError,0,0
ase,iBIeUIvhEDHWwRGRXri8-gJqbWeZ,exciting,qpxNMvKmRhqq_F-CfHJw8Q/DVEFF_Q0000_0000_0000_S01_A004_P2.OUT,0,error,UnicodeDecodeError,0,0
ase,iBIeUIvhEDHWwRGRXri8-gJqbWeZ,exciting,qpxNMvKmRhqq_F-CfHJw8Q/DVEFF_Q0000_0000_0000_S01_A006_P3.OUT,0,error,UnicodeDecodeError,0,0
ase,iBIeUIvhEDHWwRGRXri8-gJqbWeZ,exciting,qpxNMvKmRhqq_F-CfHJw8Q/DVEFF_Q0000_0000_0000_S01_A006_P2.OUT,0,error,UnicodeDecodeError,0,0
ase,iBIeUIvhEDHWwRGRXri8-gJqbWeZ,exciting,qpxNMvKmRhqq_F-CfHJw8Q/DVEFF_Q0000_0000_0000_S01_A007_P3.OUT,0,error,UnicodeDecodeError,0,0
ase,iBIeUIvhEDHWwRGRXri8-gJqbWeZ,exciting,qpxNMvKmRhqq_F-CfHJw8Q/DVEFF_Q0000_0000_0000_S01_A007_P2.OUT,0,error,UnicodeDecodeError,0,0
ase,iBIeUIvhEDHWwRGRXri8-gJqbWeZ,exciting,qpxNMvKmRhqq_F-CfHJw8Q/DVEFF_Q0000_0000_0000_S01_A007_P1.OUT,0,error,UnicodeDecodeError,0,0
ase,iBIeUIvhEDHWwRGRXri8-gJqbWeZ,exciting,qpxNMvKmRhqq_F-CfHJw8Q/DVEFF_Q0000_0000_0000_S01_A009_P1.OUT,0,error,UnicodeDecodeError,0,0
ase,iBIeUIvhEDHWwRGRXri8-gJqbWeZ,exciting,qpxNMvKmRhqq_F-CfHJw8Q/DVEFF_Q0000_0000_0000_S01_A009_P2.OUT,0,error,UnicodeDecodeError,0,0
ase,iBIeUIvhEDHWwRGRXri8-gJqbWeZ,exciting,qpxNMvKmRhqq_F-CfHJw8Q/DVEFF_Q0000_0000_0000_S01_A008_P1.OUT,0,error,UnicodeDecodeError,0,0
ase,iBIeUIvhEDHWwRGRXri8-gJqbWeZ,exciting,qpxNMvKmRhqq_F-CfHJw8Q/DVEFF_Q0000_0000_0000_S01_A008_P3.OUT,0,error,UnicodeDecodeError,0,0
ase,iBIeUIvhEDHWwRGRXri8-gJqbWeZ,exciting,qpxNMvKmRhqq_F-CfHJw8Q/DVEFF_Q0000_0000_0000_S01_A010_P1.OUT,0,error,UnicodeDecodeError,0,0
ase,iBIeUIvhEDHWwRGRXri8-gJqbWeZ,exciting,qpxNMvKmRhqq_F-CfHJw8Q/DVEFF_Q0000_0000_0000_S01_A010_P3.OUT,0,error,UnicodeDecodeError,0,0
ase,iBIeUIvhEDHWwRGRXri8-gJqbWeZ,exciting,qpxNMvKmRhqq_F-CfHJw8Q/DVEFF_Q0000_0000_0000_S01_A009_P3.OUT,0,error,UnicodeDecodeError,0,0
ase,iBIeUIvhEDHWwRGRXri8-gJqbWeZ,exciting,qpxNMvKmRhqq_F-CfHJw8Q/DVEFF_Q0000_0000_0000_S01_A011_P1.OUT,0,error,UnicodeDecodeError,0,0
ase,iBIeUIvhEDHWwRGRXri8-gJqbWeZ,exciting,qpxNMvKmRhqq_F-CfHJw8Q/DVEFF_Q0000_0000_0000_S01_A011_P2.OUT,0,error,UnicodeDecodeError,0,0
ase,iBIeUIvhEDHWwRGRXri8-gJqbWeZ,exciting,qpxNMvKmRhqq_F-CfHJw8Q/DVEFF_Q0000_0000_0000_S01_A010_P2.OUT,0,error,UnicodeDecodeError,0,0
ase,iBIeUIvhEDHWwRGRXri8-gJqbWeZ,exciting,qpxNMvKmRhqq_F-CfHJw8Q/DVEFF_Q0000_0000_0000_S01_A011_P3.OUT,0,error,UnicodeDecodeError,0,0
ase,iBIeUIvhEDHWwRGRXri8-gJqbWeZ,exciting,qpxNMvKmRhqq_F-CfHJw8Q/DVEFF_Q0000_0000_0000_S01_A012_P3.OUT,0,error,UnicodeDecodeError,0,0
ase,iBIeUIvhEDHWwRGRXri8-gJqbWeZ,exciting,qpxNMvKmRhqq_F-CfHJw8Q/DVEFF_Q0000_0000_0000_S01_A008_P2.OUT,0,error,UnicodeDecodeError,0,0
ase,iBIeUIvhEDHWwRGRXri8-gJqbWeZ,exciting,qpxNMvKmRhqq_F-CfHJw8Q/DVEFF_Q0000_0000_0000_S01_A013_P2.OUT,0,error,UnicodeDecodeError,0,0
ase,iBIeUIvhEDHWwRGRXri8-gJqbWeZ,exciting,qpxNMvKmRhqq_F-CfHJw8Q/DVEFF_Q0000_0000_0000_S01_A013_P1.OUT,0,error,UnicodeDecodeError,0,0
ase,iBIeUIvhEDHWwRGRXri8-gJqbWeZ,exciting,qpxNMvKmRhqq_F-CfHJw8Q/DVEFF_Q0000_0000_0000_S01_A013_P3.OUT,0,error,UnicodeDecodeError,0,0
ase,iBIeUIvhEDHWwRGRXri8-gJqbWeZ,exciting,qpxNMvKmRhqq_F-CfHJw8Q/DVEFF_Q0000_0000_0000_S01_A012_P1.OUT,0,error,UnicodeDecodeError,0,0
ase,iBIeUIvhEDHWwRGRXri8-gJqbWeZ,exciting,qpxNMvKmRhqq_F-CfHJw8Q/DVEFF_Q0000_0000_0000_S01_A014_P2.OUT,0,error,UnicodeDecodeError,0,0
ase,iBIeUIvhEDHWwRGRXri8-gJqbWeZ,exciting,qpxNMvKmRhqq_F-CfHJw8Q/DVEFF_Q0000_0000_0000_S01_A012_P2.OUT,0,error,UnicodeDecodeError,0,0
ase,iBIeUIvhEDHWwRGRXri8-gJqbWeZ,exciting,qpxNMvKmRhqq_F-CfHJw8Q/DVEFF_Q0000_0000_0000_S01_A014_P1.OUT,0,error,UnicodeDecodeError,0,0
ase,iBIeUIvhEDHWwRGRXri8-gJqbWeZ,exciting,qpxNMvKmRhqq_F-CfHJw8Q/DVEFF_Q0000_0000_0000_S01_A014_P3.OUT,0,error,UnicodeDecodeError,0,0
ase,iBIeUIvhEDHWwRGRXri8-gJqbWeZ,exciting,qpxNMvKmRhqq_F-CfHJw8Q/DVEFF_Q0000_0000_0000_S01_A015_P3.OUT,0,error,UnicodeDecodeError,0,0
ase,iBIeUIvhEDHWwRGRXri8-gJqbWeZ,exciting,qpxNMvKmRhqq_F-CfHJw8Q/DVEFF_Q0000_0000_0000_S01_A016_P2.OUT,0,error,UnicodeDecodeError,0,0
ase,iBIeUIvhEDHWwRGRXri8-gJqbWeZ,exciting,qpxNMvKmRhqq_F-CfHJw8Q/DVEFF_Q0000_0000_0000_S01_A015_P1.OUT,0,error,UnicodeDecodeError,0,0
ase,iBIeUIvhEDHWwRGRXri8-gJqbWeZ,exciting,qpxNMvKmRhqq_F-CfHJw8Q/DVEFF_Q0000_0000_0000_S01_A015_P2.OUT,0,error,UnicodeDecodeError,0,0
ase,iBIeUIvhEDHWwRGRXri8-gJqbWeZ,exciting,qpxNMvKmRhqq_F-CfHJw8Q/DVEFF_Q0000_0000_0000_S01_A016_P1.OUT,0,error,UnicodeDecodeError,0,0
ase,iBIeUIvhEDHWwRGRXri8-gJqbWeZ,exciting,qpxNMvKmRhqq_F-CfHJw8Q/DVEFF_Q0000_0000_0000_S01_A017_P1.OUT,0,error,UnicodeDecodeError,0,0
ase,iBIeUIvhEDHWwRGRXri8-gJqbWeZ,exciting,qpxNMvKmRhqq_F-CfHJw8Q/DVEFF_Q0000_0000_0000_S01_A017_P2.OUT,0,error,UnicodeDecodeError,0,0
ase,iBIeUIvhEDHWwRGRXri8-gJqbWeZ,exciting,qpxNMvKmRhqq_F-CfHJw8Q/DVEFF_Q0000_0000_0000_S01_A016_P3.OUT,0,error,UnicodeDecodeError,0,0
ase,iBIeUIvhEDHWwRGRXri8-gJqbWeZ,exciting,qpxNMvKmRhqq_F-CfHJw8Q/DVEFF_Q0000_0000_0000_S01_A018_P3.OUT,0,error,UnicodeDecodeError,0,0
ase,iBIeUIvhEDHWwRGRXri8-gJqbWeZ,exciting,qpxNMvKmRhqq_F-CfHJw8Q/DVEFF_Q0000_0000_0000_S01_A017_P3.OUT,0,error,UnicodeDecodeError,0,0
ase,iBIeUIvhEDHWwRGRXri8-gJqbWeZ,exciting,qpxNMvKmRhqq_F-CfHJw8Q/DVEFF_Q0000_0000_0000_S02_A001_P1.OUT,0,error,UnicodeDecodeError,0,0
ase,iBIeUIvhEDHWwRGRXri8-gJqbWeZ,exciting,qpxNMvKmRhqq_F-CfHJw8Q/DVEFF_Q0000_0000_0000_S01_A018_P1.OUT,0,error,UnicodeDecodeError,0,0
ase,iBIeUIvhEDHWwRGRXri8-gJqbWeZ,exciting,qpxNMvKmRhqq_F-CfHJw8Q/DVEFF_Q0000_0000_0000_S01_A018_P2.OUT,0,error,UnicodeDecodeError,0,0
ase,iBIeUIvhEDHWwRGRXri8-gJqbWeZ,exciting,qpxNMvKmRhqq_F-CfHJw8Q/DVEFF_Q0000_0000_0000_S02_A002_P1.OUT,0,error,UnicodeDecodeError,0,0
ase,iBIeUIvhEDHWwRGRXri8-gJqbWeZ,exciting,qpxNMvKmRhqq_F-CfHJw8Q/DVEFF_Q0000_0000_0000_S02_A001_P2.OUT,0,error,UnicodeDecodeError,0,0
ase,iBIeUIvhEDHWwRGRXri8-gJqbWeZ,exciting,qpxNMvKmRhqq_F-CfHJw8Q/DVEFF_Q0000_0000_0000_S02_A002_P2.OUT,0,error,UnicodeDecodeError,0,0
ase,iBIeUIvhEDHWwRGRXri8-gJqbWeZ,exciting,qpxNMvKmRhqq_F-CfHJw8Q/DVEFF_Q0000_0000_0000_S02_A001_P3.OUT,0,error,UnicodeDecodeError,0,0
ase,iBIeUIvhEDHWwRGRXri8-gJqbWeZ,exciting,qpxNMvKmRhqq_F-CfHJw8Q/DVEFF_Q0000_0000_0000_S02_A003_P2.OUT,0,error,UnicodeDecodeError,0,0
ase,iBIeUIvhEDHWwRGRXri8-gJqbWeZ,exciting,qpxNMvKmRhqq_F-CfHJw8Q/DVEFF_Q0000_0000_0000_S02_A004_P1.OUT,0,error,UnicodeDecodeError,0,0
ase,iBIeUIvhEDHWwRGRXri8-gJqbWeZ,exciting,qpxNMvKmRhqq_F-CfHJw8Q/DVEFF_Q0000_0000_0000_S02_A002_P3.OUT,0,error,UnicodeDecodeError,0,0
ase,iBIeUIvhEDHWwRGRXri8-gJqbWeZ,exciting,qpxNMvKmRhqq_F-CfHJw8Q/DVEFF_Q0000_0000_0000_S02_A004_P2.OUT,0,error,UnicodeDecodeError,0,0
ase,iBIeUIvhEDHWwRGRXri8-gJqbWeZ,exciting,qpxNMvKmRhqq_F-CfHJw8Q/DVEFF_Q0000_0000_0000_S02_A003_P1.OUT,0,error,UnicodeDecodeError,0,0
ase,iBIeUIvhEDHWwRGRXri8-gJqbWeZ,exciting,qpxNMvKmRhqq_F-CfHJw8Q/DVEFF_Q0000_0000_0000_S02_A004_P3.OUT,0,error,UnicodeDecodeError,0,0
ase,iBIeUIvhEDHWwRGRXri8-gJqbWeZ,exciting,qpxNMvKmRhqq_F-CfHJw8Q/DVEFF_Q0000_0000_0000_S02_A003_P3.OUT,0,error,UnicodeDecodeError,0,0
ase,iBIeUIvhEDHWwRGRXri8-gJqbWeZ,exciting,qpxNMvKmRhqq_F-CfHJw8Q/DVEFF_Q0000_0000_0000_S02_A005_P1.OUT,0,error,UnicodeDecodeError,0,0
ase,iBIeUIvhEDHWwRGRXri8-gJqbWeZ,exciting,qpxNMvKmRhqq_F-CfHJw8Q/DVEFF_Q0000_0000_0000_S02_A005_P2.OUT,0,error,UnicodeDecodeError,0,0
ase,iBIeUIvhEDHWwRGRXri8-gJqbWeZ,exciting,qpxNMvKmRhqq_F-CfHJw8Q/DVEFF_Q0000_0000_0000_S02_A006_P2.OUT,0,error,UnicodeDecodeError,0,0
ase,iBIeUIvhEDHWwRGRXri8-gJqbWeZ,exciting,qpxNMvKmRhqq_F-CfHJw8Q/DVEFF_Q0000_0000_0000_S02_A007_P1.OUT,0,error,UnicodeDecodeError,0,0
ase,iBIeUIvhEDHWwRGRXri8-gJqbWeZ,exciting,qpxNMvKmRhqq_F-CfHJw8Q/DVEFF_Q0000_0000_0000_S02_A007_P2.OUT,0,error,UnicodeDecodeError,0,0
ase,iBIeUIvhEDHWwRGRXri8-gJqbWeZ,exciting,qpxNMvKmRhqq_F-CfHJw8Q/DVEFF_Q0000_0000_0000_S02_A005_P3.OUT,0,error,UnicodeDecodeError,0,0
ase,iBIeUIvhEDHWwRGRXri8-gJqbWeZ,exciting,qpxNMvKmRhqq_F-CfHJw8Q/DVEFF_Q0000_0000_0000_S02_A006_P1.OUT,0,error,UnicodeDecodeError,0,0
ase,iBIeUIvhEDHWwRGRXri8-gJqbWeZ,exciting,qpxNMvKmRhqq_F-CfHJw8Q/DVEFF_Q0000_0000_0000_S02_A006_P3.OUT,0,error,UnicodeDecodeError,0,0
ase,iBIeUIvhEDHWwRGRXri8-gJqbWeZ,exciting,qpxNMvKmRhqq_F-CfHJw8Q/DVEFF_Q0000_0000_0000_S02_A007_P3.OUT,0,error,UnicodeDecodeError,0,0
ase,iBIeUIvhEDHWwRGRXri8-gJqbWeZ,exciting,qpxNMvKmRhqq_F-CfHJw8Q/DVEFF_Q0000_0000_0000_S02_A008_P1.OUT,0,error,UnicodeDecodeError,0,0
ase,iBIeUIvhEDHWwRGRXri8-gJqbWeZ,exciting,qpxNMvKmRhqq_F-CfHJw8Q/DVEFF_Q0000_0000_0000_S02_A009_P3.OUT,0,error,UnicodeDecodeError,0,0
ase,iBIeUIvhEDHWwRGRXri8-gJqbWeZ,exciting,qpxNMvKmRhqq_F-CfHJw8Q/DVEFF_Q0000_0000_0000_S03_A001_P1.OUT,0,error,UnicodeDecodeError,0,0
ase,iBIeUIvhEDHWwRGRXri8-gJqbWeZ,exciting,qpxNMvKmRhqq_F-CfHJw8Q/DVEFF_Q0000_0000_0000_S02_A008_P2.OUT,0,error,UnicodeDecodeError,0,0
ase,iBIeUIvhEDHWwRGRXri8-gJqbWeZ,exciting,qpxNMvKmRhqq_F-CfHJw8Q/DVEFF_Q0000_0000_0000_S02_A009_P1.OUT,0,error,UnicodeDecodeError,0,0
ase,iBIeUIvhEDHWwRGRXri8-gJqbWeZ,exciting,qpxNMvKmRhqq_F-CfHJw8Q/DVEFF_Q0000_0000_0000_S02_A008_P3.OUT,0,error,UnicodeDecodeError,0,0
ase,iBIeUIvhEDHWwRGRXri8-gJqbWeZ,exciting,qpxNMvKmRhqq_F-CfHJw8Q/DVEFF_Q0000_0000_0000_S03_A001_P2.OUT,0,error,UnicodeDecodeError,0,0
ase,iBIeUIvhEDHWwRGRXri8-gJqbWeZ,exciting,qpxNMvKmRhqq_F-CfHJw8Q/DVEFF_Q0000_0000_0000_S02_A009_P2.OUT,0,error,UnicodeDecodeError,0,0
ase,iBIeUIvhEDHWwRGRXri8-gJqbWeZ,exciting,qpxNMvKmRhqq_F-CfHJw8Q/DVEFF_Q0000_0000_0000_S03_A001_P3.OUT,0,error,UnicodeDecodeError,0,0
ase,iBIeUIvhEDHWwRGRXri8-gJqbWeZ,exciting,qpxNMvKmRhqq_F-CfHJw8Q/DVEFF_Q0000_0000_0000_S03_A002_P2.OUT,0,error,UnicodeDecodeError,0,0
ase,iBIeUIvhEDHWwRGRXri8-gJqbWeZ,exciting,qpxNMvKmRhqq_F-CfHJw8Q/DVEFF_Q0000_0000_0000_S03_A003_P1.OUT,0,error,UnicodeDecodeError,0,0
ase,iBIeUIvhEDHWwRGRXri8-gJqbWeZ,exciting,qpxNMvKmRhqq_F-CfHJw8Q/DVEFF_Q0000_0000_0000_S03_A002_P3.OUT,0,error,UnicodeDecodeError,0,0
ase,iBIeUIvhEDHWwRGRXri8-gJqbWeZ,exciting,qpxNMvKmRhqq_F-CfHJw8Q/DVEFF_Q0000_0000_0000_S03_A002_P1.OUT,0,error,UnicodeDecodeError,0,0
ase,iBIeUIvhEDHWwRGRXri8-gJqbWeZ,exciting,qpxNMvKmRhqq_F-CfHJw8Q/DVEFF_Q0000_0000_0000_S03_A003_P2.OUT,0,error,UnicodeDecodeError,0,0
ase,iBIeUIvhEDHWwRGRXri8-gJqbWeZ,exciting,qpxNMvKmRhqq_F-CfHJw8Q/DVEFF_Q0000_0000_0000_S03_A003_P3.OUT,0,error,UnicodeDecodeError,0,0
ase,iBIeUIvhEDHWwRGRXri8-gJqbWeZ,exciting,qpxNMvKmRhqq_F-CfHJw8Q/DVEFF_Q0000_0000_0000_S03_A004_P3.OUT,0,error,UnicodeDecodeError,0,0
ase,iBIeUIvhEDHWwRGRXri8-gJqbWeZ,exciting,qpxNMvKmRhqq_F-CfHJw8Q/DVEFF_Q0000_0000_0000_S03_A005_P3.OUT,0,error,UnicodeDecodeError,0,0
ase,iBIeUIvhEDHWwRGRXri8-gJqbWeZ,exciting,qpxNMvKmRhqq_F-CfHJw8Q/DVEFF_Q0000_0000_0000_S03_A004_P2.OUT,0,error,UnicodeDecodeError,0,0
ase,iBIeUIvhEDHWwRGRXri8-gJqbWeZ,exciting,qpxNMvKmRhqq_F-CfHJw8Q/DVEFF_Q0000_0000_0000_S03_A005_P1.OUT,0,error,UnicodeDecodeError,0,0
ase,iBIeUIvhEDHWwRGRXri8-gJqbWeZ,exciting,qpxNMvKmRhqq_F-CfHJw8Q/DVEFF_Q0000_0000_0000_S03_A004_P1.OUT,0,error,UnicodeDecodeError,0,0
ase,iBIeUIvhEDHWwRGRXri8-gJqbWeZ,exciting,qpxNMvKmRhqq_F-CfHJw8Q/DVEFF_Q0000_0000_0000_S03_A005_P2.OUT,0,error,UnicodeDecodeError,0,0
ase,iBIeUIvhEDHWwRGRXri8-gJqbWeZ,exciting,qpxNMvKmRhqq_F-CfHJw8Q/DVEFF_Q0000_0000_0000_S04_A001_P2.OUT,0,error,UnicodeDecodeError,0,0
ase,iBIeUIvhEDHWwRGRXri8-gJqbWeZ,exciting,qpxNMvKmRhqq_F-CfHJw8Q/DVEFF_Q0000_0000_0000_S04_A001_P1.OUT,0,error,UnicodeDecodeError,0,0
ase,iBIeUIvhEDHWwRGRXri8-gJqbWeZ,exciting,qpxNMvKmRhqq_F-CfHJw8Q/DVEFF_Q0000_0000_0000_S04_A002_P1.OUT,0,error,UnicodeDecodeError,0,0
ase,iBIeUIvhEDHWwRGRXri8-gJqbWeZ,exciting,qpxNMvKmRhqq_F-CfHJw8Q/DVEFF_Q0000_0000_0000_S04_A001_P3.OUT,0,error,UnicodeDecodeError,0,0
ase,iBIeUIvhEDHWwRGRXri8-gJqbWeZ,exciting,qpxNMvKmRhqq_F-CfHJw8Q/DVEFF_Q0000_0000_0000_S04_A003_P1.OUT,0,error,UnicodeDecodeError,0,0
ase,iBIeUIvhEDHWwRGRXri8-gJqbWeZ,exciting,qpxNMvKmRhqq_F-CfHJw8Q/DVEFF_Q0000_0000_0000_S04_A002_P2.OUT,0,error,UnicodeDecodeError,0,0
ase,iBIeUIvhEDHWwRGRXri8-gJqbWeZ,exciting,qpxNMvKmRhqq_F-CfHJw8Q/DVEFF_Q0000_0000_0000_S04_A002_P3.OUT,0,error,UnicodeDecodeError,0,0
ase,iBIeUIvhEDHWwRGRXri8-gJqbWeZ,exciting,qpxNMvKmRhqq_F-CfHJw8Q/DVEFF_Q0000_0000_0000_S04_A003_P3.OUT,0,error,UnicodeDecodeError,0,0
ase,iBIeUIvhEDHWwRGRXri8-gJqbWeZ,exciting,qpxNMvKmRhqq_F-CfHJw8Q/DVEFF_Q0000_0000_0000_S04_A003_P2.OUT,0,error,UnicodeDecodeError,0,0
ase,iBIeUIvhEDHWwRGRXri8-gJqbWeZ,exciting,qpxNMvKmRhqq_F-CfHJw8Q/DVEFF_Q0000_0000_0000_S04_A004_P2.OUT,0,error,UnicodeDecodeError,0,0
ase,iBIeUIvhEDHWwRGRXri8-gJqbWeZ,exciting,qpxNMvKmRhqq_F-CfHJw8Q/DVEFF_Q0000_0000_0000_S04_A004_P1.OUT,0,error,UnicodeDecodeError,0,0
ase,iBIeUIvhEDHWwRGRXri8-gJqbWeZ,exciting,qpxNMvKmRhqq_F-CfHJw8Q/DVEFF_Q0000_0000_0000_S04_A004_P3.OUT,0,error,UnicodeDecodeError,0,0
ase,iBIeUIvhEDHWwRGRXri8-gJqbWeZ,exciting,qpxNMvKmRhqq_F-CfHJw8Q/DVEFF_Q0000_0000_0000_S04_A005_P2.OUT,0,error,UnicodeDecodeError,0,0
ase,iBIeUIvhEDHWwRGRXri8-gJqbWeZ,exciting,qpxNMvKmRhqq_F-CfHJw8Q/DYN_Q0000_0000_0000_S01_A001_P1.OUT,0,error,StopIteration,0,0
ase,iBIeUIvhEDHWwRGRXri8-gJqbWeZ,exciting,qpxNMvKmRhqq_F-CfHJw8Q/DYN_Q0000_0000_0000_S01_A001_P2.OUT,0,error,StopIteration,0,0
ase,iBIeUIvhEDHWwRGRXri8-gJqbWeZ,exciting,qpxNMvKmRhqq_F-CfHJw8Q/DYN_Q0000_0000_0000_S01_A001_P3.OUT,0,error,StopIteration,0,0
ase,iBIeUIvhEDHWwRGRXri8-gJqbWeZ,exciting,qpxNMvKmRhqq_F-CfHJw8Q/DVEFF_Q0000_0000_0000_S05_A001_P1.OUT,0,error,UnicodeDecodeError,0,0
ase,iBIeUIvhEDHWwRGRXri8-gJqbWeZ,exciting,qpxNMvKmRhqq_F-CfHJw8Q/DVEFF_Q0000_0000_0000_S04_A005_P1.OUT,0,error,UnicodeDecodeError,0,0
ase,iBIeUIvhEDHWwRGRXri8-gJqbWeZ,exciting,qpxNMvKmRhqq_F-CfHJw8Q/DYN_Q0000_0000_0000_S01_A002_P1.OUT,0,error,StopIteration,0,0
ase,iBIeUIvhEDHWwRGRXri8-gJqbWeZ,exciting,qpxNMvKmRhqq_F-CfHJw8Q/DYN_Q0000_0000_0000_S01_A002_P2.OUT,0,error,StopIteration,0,0
ase,iBIeUIvhEDHWwRGRXri8-gJqbWeZ,exciting,qpxNMvKmRhqq_F-CfHJw8Q/DVEFF_Q0000_0000_0000_S05_A001_P3.OUT,0,error,UnicodeDecodeError,0,0
ase,iBIeUIvhEDHWwRGRXri8-gJqbWeZ,exciting,qpxNMvKmRhqq_F-CfHJw8Q/DYN_Q0000_0000_0000_S01_A003_P1.OUT,0,error,StopIteration,0,0
ase,iBIeUIvhEDHWwRGRXri8-gJqbWeZ,exciting,qpxNMvKmRhqq_F-CfHJw8Q/DVEFF_Q0000_0000_0000_S05_A001_P2.OUT,0,error,UnicodeDecodeError,0,0
ase,iBIeUIvhEDHWwRGRXri8-gJqbWeZ,exciting,qpxNMvKmRhqq_F-CfHJw8Q/DVEFF_Q0000_0000_0000_S04_A005_P3.OUT,0,error,UnicodeDecodeError,0,0
ase,iBIeUIvhEDHWwRGRXri8-gJqbWeZ,exciting,qpxNMvKmRhqq_F-CfHJw8Q/DYN_Q0000_0000_0000_S01_A002_P3.OUT,0,error,StopIteration,0,0
ase,iBIeUIvhEDHWwRGRXri8-gJqbWeZ,exciting,qpxNMvKmRhqq_F-CfHJw8Q/DYN_Q0000_0000_0000_S01_A004_P1.OUT,0,error,StopIteration,0,0
ase,iBIeUIvhEDHWwRGRXri8-gJqbWeZ,exciting,qpxNMvKmRhqq_F-CfHJw8Q/DYN_Q0000_0000_0000_S01_A003_P2.OUT,0,error,StopIteration,0,0
ase,iBIeUIvhEDHWwRGRXri8-gJqbWeZ,exciting,qpxNMvKmRhqq_F-CfHJw8Q/DYN_Q0000_0000_0000_S01_A003_P3.OUT,0,error,StopIteration,0,0
ase,iBIeUIvhEDHWwRGRXri8-gJqbWeZ,exciting,qpxNMvKmRhqq_F-CfHJw8Q/DYN_Q0000_0000_0000_S01_A004_P2.OUT,0,error,StopIteration,0,0
ase,iBIeUIvhEDHWwRGRXri8-gJqbWeZ,exciting,qpxNMvKmRhqq_F-CfHJw8Q/DYN_Q0000_0000_0000_S01_A005_P2.OUT,0,error,StopIteration,0,0
ase,iBIeUIvhEDHWwRGRXri8-gJqbWeZ,exciting,qpxNMvKmRhqq_F-CfHJw8Q/DYN_Q0000_0000_0000_S01_A005_P3.OUT,0,error,StopIteration,0,0
ase,iBIeUIvhEDHWwRGRXri8-gJqbWeZ,exciting,qpxNMvKmRhqq_F-CfHJw8Q/DYN_Q0000_0000_0000_S01_A006_P1.OUT,0,error,StopIteration,0,0
ase,iBIeUIvhEDHWwRGRXri8-gJqbWeZ,exciting,qpxNMvKmRhqq_F-CfHJw8Q/DYN_Q0000_0000_0000_S01_A005_P1.OUT,0,error,StopIteration,0,0
ase,iBIeUIvhEDHWwRGRXri8-gJqbWeZ,exciting,qpxNMvKmRhqq_F-CfHJw8Q/DYN_Q0000_0000_0000_S01_A006_P2.OUT,0,error,StopIteration,0,0
ase,iBIeUIvhEDHWwRGRXri8-gJqbWeZ,exciting,qpxNMvKmRhqq_F-CfHJw8Q/DYN_Q0000_0000_0000_S01_A004_P3.OUT,0,error,StopIteration,0,0
ase,iBIeUIvhEDHWwRGRXri8-gJqbWeZ,exciting,qpxNMvKmRhqq_F-CfHJw8Q/DYN_Q0000_0000_0000_S01_A007_P1.OUT,0,error,StopIteration,0,0
ase,iBIeUIvhEDHWwRGRXri8-gJqbWeZ,exciting,qpxNMvKmRhqq_F-CfHJw8Q/DYN_Q0000_0000_0000_S01_A006_P3.OUT,0,error,StopIteration,0,0
ase,iBIeUIvhEDHWwRGRXri8-gJqbWeZ,exciting,qpxNMvKmRhqq_F-CfHJw8Q/DYN_Q0000_0000_0000_S01_A007_P2.OUT,0,error,StopIteration,0,0
ase,iBIeUIvhEDHWwRGRXri8-gJqbWeZ,exciting,qpxNMvKmRhqq_F-CfHJw8Q/DYN_Q0000_0000_0000_S01_A008_P1.OUT,0,error,StopIteration,0,0
ase,iBIeUIvhEDHWwRGRXri8-gJqbWeZ,exciting,qpxNMvKmRhqq_F-CfHJw8Q/DYN_Q0000_0000_0000_S01_A008_P3.OUT,0,error,StopIteration,0,0
ase,iBIeUIvhEDHWwRGRXri8-gJqbWeZ,exciting,qpxNMvKmRhqq_F-CfHJw8Q/DYN_Q0000_0000_0000_S01_A009_P2.OUT,0,error,StopIteration,0,0
ase,iBIeUIvhEDHWwRGRXri8-gJqbWeZ,exciting,qpxNMvKmRhqq_F-CfHJw8Q/DYN_Q0000_0000_0000_S01_A009_P1.OUT,0,error,StopIteration,0,0
ase,iBIeUIvhEDHWwRGRXri8-gJqbWeZ,exciting,qpxNMvKmRhqq_F-CfHJw8Q/DYN_Q0000_0000_0000_S01_A008_P2.OUT,0,error,StopIteration,0,0
ase,iBIeUIvhEDHWwRGRXri8-gJqbWeZ,exciting,qpxNMvKmRhqq_F-CfHJw8Q/DYN_Q0000_0000_0000_S01_A007_P3.OUT,0,error,StopIteration,0,0
ase,iBIeUIvhEDHWwRGRXri8-gJqbWeZ,exciting,qpxNMvKmRhqq_F-CfHJw8Q/DYN_Q0000_0000_0000_S01_A010_P1.OUT,0,error,StopIteration,0,0
ase,iBIeUIvhEDHWwRGRXri8-gJqbWeZ,exciting,qpxNMvKmRhqq_F-CfHJw8Q/DYN_Q0000_0000_0000_S01_A009_P3.OUT,0,error,StopIteration,0,0
ase,iBIeUIvhEDHWwRGRXri8-gJqbWeZ,exciting,qpxNMvKmRhqq_F-CfHJw8Q/DYN_Q0000_0000_0000_S01_A010_P3.OUT,0,error,StopIteration,0,0
ase,iBIeUIvhEDHWwRGRXri8-gJqbWeZ,exciting,qpxNMvKmRhqq_F-CfHJw8Q/DYN_Q0000_0000_0000_S01_A010_P2.OUT,0,error,StopIteration,0,0
ase,iBIeUIvhEDHWwRGRXri8-gJqbWeZ,exciting,qpxNMvKmRhqq_F-CfHJw8Q/DYN_Q0000_0000_0000_S01_A011_P3.OUT,0,error,StopIteration,0,0
ase,iBIeUIvhEDHWwRGRXri8-gJqbWeZ,exciting,qpxNMvKmRhqq_F-CfHJw8Q/DYN_Q0000_0000_0000_S01_A012_P1.OUT,0,error,StopIteration,0,0
ase,iBIeUIvhEDHWwRGRXri8-gJqbWeZ,exciting,qpxNMvKmRhqq_F-CfHJw8Q/DYN_Q0000_0000_0000_S01_A011_P2.OUT,0,error,StopIteration,0,0
ase,iBIeUIvhEDHWwRGRXri8-gJqbWeZ,exciting,qpxNMvKmRhqq_F-CfHJw8Q/DYN_Q0000_0000_0000_S01_A012_P3.OUT,0,error,StopIteration,0,0
ase,iBIeUIvhEDHWwRGRXri8-gJqbWeZ,exciting,qpxNMvKmRhqq_F-CfHJw8Q/DYN_Q0000_0000_0000_S01_A012_P2.OUT,0,error,StopIteration,0,0
ase,iBIeUIvhEDHWwRGRXri8-gJqbWeZ,exciting,qpxNMvKmRhqq_F-CfHJw8Q/DYN_Q0000_0000_0000_S01_A011_P1.OUT,0,error,StopIteration,0,0
ase,iBIeUIvhEDHWwRGRXri8-gJqbWeZ,exciting,qpxNMvKmRhqq_F-CfHJw8Q/DYN_Q0000_0000_0000_S01_A013_P1.OUT,0,error,StopIteration,0,0
ase,iBIeUIvhEDHWwRGRXri8-gJqbWeZ,exciting,qpxNMvKmRhqq_F-CfHJw8Q/DYN_Q0000_0000_0000_S01_A013_P2.OUT,0,error,StopIteration,0,0
ase,iBIeUIvhEDHWwRGRXri8-gJqbWeZ,exciting,qpxNMvKmRhqq_F-CfHJw8Q/DYN_Q0000_0000_0000_S01_A014_P1.OUT,0,error,StopIteration,0,0
ase,iBIeUIvhEDHWwRGRXri8-gJqbWeZ,exciting,qpxNMvKmRhqq_F-CfHJw8Q/DYN_Q0000_0000_0000_S01_A014_P2.OUT,0,error,StopIteration,0,0
ase,iBIeUIvhEDHWwRGRXri8-gJqbWeZ,exciting,qpxNMvKmRhqq_F-CfHJw8Q/DYN_Q0000_0000_0000_S01_A015_P1.OUT,0,error,StopIteration,0,0
ase,iBIeUIvhEDHWwRGRXri8-gJqbWeZ,exciting,qpxNMvKmRhqq_F-CfHJw8Q/DYN_Q0000_0000_0000_S01_A014_P3.OUT,0,error,StopIteration,0,0
ase,iBIeUIvhEDHWwRGRXri8-gJqbWeZ,exciting,qpxNMvKmRhqq_F-CfHJw8Q/DYN_Q0000_0000_0000_S01_A013_P3.OUT,0,error,StopIteration,0,0
ase,iBIeUIvhEDHWwRGRXri8-gJqbWeZ,exciting,qpxNMvKmRhqq_F-CfHJw8Q/DYN_Q0000_0000_0000_S01_A015_P2.OUT,0,error,StopIteration,0,0
ase,iBIeUIvhEDHWwRGRXri8-gJqbWeZ,exciting,qpxNMvKmRhqq_F-CfHJw8Q/DYN_Q0000_0000_0000_S01_A015_P3.OUT,0,error,StopIteration,0,0
ase,iBIeUIvhEDHWwRGRXri8-gJqbWeZ,exciting,qpxNMvKmRhqq_F-CfHJw8Q/DYN_Q0000_0000_0000_S01_A016_P2.OUT,0,error,StopIteration,0,0
ase,iBIeUIvhEDHWwRGRXri8-gJqbWeZ,exciting,qpxNMvKmRhqq_F-CfHJw8Q/DYN_Q0000_0000_0000_S01_A016_P1.OUT,0,error,StopIteration,0,0
ase,iBIeUIvhEDHWwRGRXri8-gJqbWeZ,exciting,qpxNMvKmRhqq_F-CfHJw8Q/DYN_Q0000_0000_0000_S01_A017_P2.OUT,0,error,StopIteration,0,0
ase,iBIeUIvhEDHWwRGRXri8-gJqbWeZ,exciting,qpxNMvKmRhqq_F-CfHJw8Q/DYN_Q0000_0000_0000_S01_A017_P3.OUT,0,error,StopIteration,0,0
ase,iBIeUIvhEDHWwRGRXri8-gJqbWeZ,exciting,qpxNMvKmRhqq_F-CfHJw8Q/DYN_Q0000_0000_0000_S01_A016_P3.OUT,0,error,StopIteration,0,0
ase,iBIeUIvhEDHWwRGRXri8-gJqbWeZ,exciting,qpxNMvKmRhqq_F-CfHJw8Q/DYN_Q0000_0000_0000_S01_A017_P1.OUT,0,error,StopIteration,0,0
ase,iBIeUIvhEDHWwRGRXri8-gJqbWeZ,exciting,qpxNMvKmRhqq_F-CfHJw8Q/DYN_Q0000_0000_0000_S01_A018_P1.OUT,0,error,StopIteration,0,0
ase,iBIeUIvhEDHWwRGRXri8-gJqbWeZ,exciting,qpxNMvKmRhqq_F-CfHJw8Q/DYN_Q0000_0000_0000_S01_A018_P2.OUT,0,error,StopIteration,0,0
ase,iBIeUIvhEDHWwRGRXri8-gJqbWeZ,exciting,qpxNMvKmRhqq_F-CfHJw8Q/DYN_Q0000_0000_0000_S01_A018_P3.OUT,0,error,StopIteration,0,0
ase,iBIeUIvhEDHWwRGRXri8-gJqbWeZ,exciting,qpxNMvKmRhqq_F-CfHJw8Q/DYN_Q0000_0000_0000_S02_A001_P1.OUT,0,error,StopIteration,0,0
ase,iBIeUIvhEDHWwRGRXri8-gJqbWeZ,exciting,qpxNMvKmRhqq_F-CfHJw8Q/DYN_Q0000_0000_0000_S02_A002_P2.OUT,0,error,StopIteration,0,0
ase,iBIeUIvhEDHWwRGRXri8-gJqbWeZ,exciting,qpxNMvKmRhqq_F-CfHJw8Q/DYN_Q0000_0000_0000_S02_A002_P1.OUT,0,error,StopIteration,0,0
ase,iBIeUIvhEDHWwRGRXri8-gJqbWeZ,exciting,qpxNMvKmRhqq_F-CfHJw8Q/DYN_Q0000_0000_0000_S02_A002_P3.OUT,0,error,StopIteration,0,0
ase,iBIeUIvhEDHWwRGRXri8-gJqbWeZ,exciting,qpxNMvKmRhqq_F-CfHJw8Q/DYN_Q0000_0000_0000_S02_A001_P3.OUT,0,error,StopIteration,0,0
ase,iBIeUIvhEDHWwRGRXri8-gJqbWeZ,exciting,qpxNMvKmRhqq_F-CfHJw8Q/DYN_Q0000_0000_0000_S02_A003_P1.OUT,0,error,StopIteration,0,0
ase,iBIeUIvhEDHWwRGRXri8-gJqbWeZ,exciting,qpxNMvKmRhqq_F-CfHJw8Q/DYN_Q0000_0000_0000_S02_A001_P2.OUT,0,error,StopIteration,0,0
ase,iBIeUIvhEDHWwRGRXri8-gJqbWeZ,exciting,qpxNMvKmRhqq_F-CfHJw8Q/DYN_Q0000_0000_0000_S02_A003_P3.OUT,0,error,StopIteration,0,0
ase,iBIeUIvhEDHWwRGRXri8-gJqbWeZ,exciting,qpxNMvKmRhqq_F-CfHJw8Q/DYN_Q0000_0000_0000_S02_A003_P2.OUT,0,error,StopIteration,0,0
ase,iBIeUIvhEDHWwRGRXri8-gJqbWeZ,exciting,qpxNMvKmRhqq_F-CfHJw8Q/DYN_Q0000_0000_0000_S02_A004_P1.OUT,0,error,StopIteration,0,0
ase,iBIeUIvhEDHWwRGRXri8-gJqbWeZ,exciting,qpxNMvKmRhqq_F-CfHJw8Q/DYN_Q0000_0000_0000_S02_A004_P3.OUT,0,error,StopIteration,0,0
ase,iBIeUIvhEDHWwRGRXri8-gJqbWeZ,exciting,qpxNMvKmRhqq_F-CfHJw8Q/DYN_Q0000_0000_0000_S02_A005_P2.OUT,0,error,StopIteration,0,0
ase,iBIeUIvhEDHWwRGRXri8-gJqbWeZ,exciting,qpxNMvKmRhqq_F-CfHJw8Q/DYN_Q0000_0000_0000_S02_A005_P3.OUT,0,error,StopIteration,0,0
ase,iBIeUIvhEDHWwRGRXri8-gJqbWeZ,exciting,qpxNMvKmRhqq_F-CfHJw8Q/DYN_Q0000_0000_0000_S02_A004_P2.OUT,0,error,StopIteration,0,0
ase,iBIeUIvhEDHWwRGRXri8-gJqbWeZ,exciting,qpxNMvKmRhqq_F-CfHJw8Q/DYN_Q0000_0000_0000_S02_A006_P1.OUT,0,error,StopIteration,0,0
ase,iBIeUIvhEDHWwRGRXri8-gJqbWeZ,exciting,qpxNMvKmRhqq_F-CfHJw8Q/DYN_Q0000_0000_0000_S02_A005_P1.OUT,0,error,StopIteration,0,0
ase,iBIeUIvhEDHWwRGRXri8-gJqbWeZ,exciting,qpxNMvKmRhqq_F-CfHJw8Q/DYN_Q0000_0000_0000_S02_A006_P2.OUT,0,error,StopIteration,0,0
ase,iBIeUIvhEDHWwRGRXri8-gJqbWeZ,exciting,qpxNMvKmRhqq_F-CfHJw8Q/DYN_Q0000_0000_0000_S02_A006_P3.OUT,0,error,StopIteration,0,0
ase,iBIeUIvhEDHWwRGRXri8-gJqbWeZ,exciting,qpxNMvKmRhqq_F-CfHJw8Q/DYN_Q0000_0000_0000_S02_A007_P1.OUT,0,error,StopIteration,0,0
ase,iBIeUIvhEDHWwRGRXri8-gJqbWeZ,exciting,qpxNMvKmRhqq_F-CfHJw8Q/DYN_Q0000_0000_0000_S02_A007_P3.OUT,0,error,StopIteration,0,0
ase,iBIeUIvhEDHWwRGRXri8-gJqbWeZ,exciting,qpxNMvKmRhqq_F-CfHJw8Q/DYN_Q0000_0000_0000_S02_A008_P2.OUT,0,error,StopIteration,0,0
ase,iBIeUIvhEDHWwRGRXri8-gJqbWeZ,exciting,qpxNMvKmRhqq_F-CfHJw8Q/DYN_Q0000_0000_0000_S02_A009_P1.OUT,0,error,StopIteration,0,0
ase,iBIeUIvhEDHWwRGRXri8-gJqbWeZ,exciting,qpxNMvKmRhqq_F-CfHJw8Q/DYN_Q0000_0000_0000_S02_A008_P3.OUT,0,error,StopIteration,0,0
ase,iBIeUIvhEDHWwRGRXri8-gJqbWeZ,exciting,qpxNMvKmRhqq_F-CfHJw8Q/DYN_Q0000_0000_0000_S02_A007_P2.OUT,0,error,StopIteration,0,0
ase,iBIeUIvhEDHWwRGRXri8-gJqbWeZ,exciting,qpxNMvKmRhqq_F-CfHJw8Q/DYN_Q0000_0000_0000_S02_A008_P1.OUT,0,error,StopIteration,0,0
ase,iBIeUIvhEDHWwRGRXri8-gJqbWeZ,exciting,qpxNMvKmRhqq_F-CfHJw8Q/DYN_Q0000_0000_0000_S02_A009_P2.OUT,0,error,StopIteration,0,0
ase,iBIeUIvhEDHWwRGRXri8-gJqbWeZ,exciting,qpxNMvKmRhqq_F-CfHJw8Q/DYN_Q0000_0000_0000_S02_A009_P3.OUT,0,error,StopIteration,0,0
ase,iBIeUIvhEDHWwRGRXri8-gJqbWeZ,exciting,qpxNMvKmRhqq_F-CfHJw8Q/DYN_Q0000_0000_0000_S03_A001_P2.OUT,0,error,StopIteration,0,0
ase,iBIeUIvhEDHWwRGRXri8-gJqbWeZ,exciting,qpxNMvKmRhqq_F-CfHJw8Q/DYN_Q0000_0000_0000_S03_A001_P1.OUT,0,error,StopIteration,0,0
ase,iBIeUIvhEDHWwRGRXri8-gJqbWeZ,exciting,qpxNMvKmRhqq_F-CfHJw8Q/DYN_Q0000_0000_0000_S03_A002_P2.OUT,0,error,StopIteration,0,0
ase,iBIeUIvhEDHWwRGRXri8-gJqbWeZ,exciting,qpxNMvKmRhqq_F-CfHJw8Q/DYN_Q0000_0000_0000_S03_A002_P3.OUT,0,error,StopIteration,0,0
ase,iBIeUIvhEDHWwRGRXri8-gJqbWeZ,exciting,qpxNMvKmRhqq_F-CfHJw8Q/DYN_Q0000_0000_0000_S03_A003_P1.OUT,0,error,StopIteration,0,0
ase,iBIeUIvhEDHWwRGRXri8-gJqbWeZ,exciting,qpxNMvKmRhqq_F-CfHJw8Q/DYN_Q0000_0000_0000_S03_A002_P1.OUT,0,error,StopIteration,0,0
ase,iBIeUIvhEDHWwRGRXri8-gJqbWeZ,exciting,qpxNMvKmRhqq_F-CfHJw8Q/DYN_Q0000_0000_0000_S03_A001_P3.OUT,0,error,StopIteration,0,0
ase,iBIeUIvhEDHWwRGRXri8-gJqbWeZ,exciting,qpxNMvKmRhqq_F-CfHJw8Q/DYN_Q0000_0000_0000_S03_A003_P3.OUT,0,error,StopIteration,0,0
ase,iBIeUIvhEDHWwRGRXri8-gJqbWeZ,exciting,qpxNMvKmRhqq_F-CfHJw8Q/DYN_Q0000_0000_0000_S03_A004_P1.OUT,0,error,StopIteration,0,0
ase,iBIeUIvhEDHWwRGRXri8-gJqbWeZ,exciting,qpxNMvKmRhqq_F-CfHJw8Q/DYN_Q0000_0000_0000_S03_A004_P2.OUT,0,error,StopIteration,0,0
ase,iBIeUIvhEDHWwRGRXri8-gJqbWeZ,exciting,qpxNMvKmRhqq_F-CfHJw8Q/DYN_Q0000_0000_0000_S03_A003_P2.OUT,0,error,StopIteration,0,0
ase,iBIeUIvhEDHWwRGRXri8-gJqbWeZ,exciting,qpxNMvKmRhqq_F-CfHJw8Q/DYN_Q0000_0000_0000_S03_A004_P3.OUT,0,error,StopIteration,0,0
ase,iBIeUIvhEDHWwRGRXri8-gJqbWeZ,exciting,qpxNMvKmRhqq_F-CfHJw8Q/DYN_Q0000_0000_0000_S03_A005_P2.OUT,0,error,StopIteration,0,0
ase,iBIeUIvhEDHWwRGRXri8-gJqbWeZ,exciting,qpxNMvKmRhqq_F-CfHJw8Q/DYN_Q0000_0000_0000_S04_A001_P1.OUT,0,error,StopIteration,0,0
ase,iBIeUIvhEDHWwRGRXri8-gJqbWeZ,exciting,qpxNMvKmRhqq_F-CfHJw8Q/DYN_Q0000_0000_0000_S03_A005_P1.OUT,0,error,StopIteration,0,0
ase,iBIeUIvhEDHWwRGRXri8-gJqbWeZ,exciting,qpxNMvKmRhqq_F-CfHJw8Q/DYN_Q0000_0000_0000_S04_A001_P2.OUT,0,error,StopIteration,0,0
ase,iBIeUIvhEDHWwRGRXri8-gJqbWeZ,exciting,qpxNMvKmRhqq_F-CfHJw8Q/DYN_Q0000_0000_0000_S03_A005_P3.OUT,0,error,StopIteration,0,0
ase,iBIeUIvhEDHWwRGRXri8-gJqbWeZ,exciting,qpxNMvKmRhqq_F-CfHJw8Q/DYN_Q0000_0000_0000_S04_A002_P1.OUT,0,error,StopIteration,0,0
ase,iBIeUIvhEDHWwRGRXri8-gJqbWeZ,exciting,qpxNMvKmRhqq_F-CfHJw8Q/DYN_Q0000_0000_0000_S04_A002_P2.OUT,0,error,StopIteration,0,0
ase,iBIeUIvhEDHWwRGRXri8-gJqbWeZ,exciting,qpxNMvKmRhqq_F-CfHJw8Q/DYN_Q0000_0000_0000_S04_A003_P1.OUT,0,error,StopIteration,0,0
ase,iBIeUIvhEDHWwRGRXri8-gJqbWeZ,exciting,qpxNMvKmRhqq_F-CfHJw8Q/DYN_Q0000_0000_0000_S04_A003_P2.OUT,0,error,StopIteration,0,0
ase,iBIeUIvhEDHWwRGRXri8-gJqbWeZ,exciting,qpxNMvKmRhqq_F-CfHJw8Q/DYN_Q0000_0000_0000_S04_A002_P3.OUT,0,error,StopIteration,0,0
ase,iBIeUIvhEDHWwRGRXri8-gJqbWeZ,exciting,qpxNMvKmRhqq_F-CfHJw8Q/DYN_Q0000_0000_0000_S04_A003_P3.OUT,0,error,StopIteration,0,0
ase,iBIeUIvhEDHWwRGRXri8-gJqbWeZ,exciting,qpxNMvKmRhqq_F-CfHJw8Q/DYN_Q0000_0000_0000_S04_A004_P1.OUT,0,error,StopIteration,0,0
ase,iBIeUIvhEDHWwRGRXri8-gJqbWeZ,exciting,qpxNMvKmRhqq_F-CfHJw8Q/DYN_Q0000_0000_0000_S04_A001_P3.OUT,0,error,StopIteration,0,0
ase,iBIeUIvhEDHWwRGRXri8-gJqbWeZ,exciting,qpxNMvKmRhqq_F-CfHJw8Q/DYN_Q0000_0000_0000_S04_A004_P2.OUT,0,error,StopIteration,0,0
ase,iBIeUIvhEDHWwRGRXri8-gJqbWeZ,exciting,qpxNMvKmRhqq_F-CfHJw8Q/DYN_Q0000_0000_0000_S04_A004_P3.OUT,0,error,StopIteration,0,0
ase,iBIeUIvhEDHWwRGRXri8-gJqbWeZ,exciting,qpxNMvKmRhqq_F-CfHJw8Q/DYN_Q0000_0000_0000_S04_A005_P2.OUT,0,error,StopIteration,0,0
ase,iBIeUIvhEDHWwRGRXri8-gJqbWeZ,exciting,qpxNMvKmRhqq_F-CfHJw8Q/DYN_Q0000_0000_0000_S04_A005_P3.OUT,0,error,StopIteration,0,0
ase,iBIeUIvhEDHWwRGRXri8-gJqbWeZ,exciting,qpxNMvKmRhqq_F-CfHJw8Q/DYN_Q0000_0000_0000_S04_A005_P1.OUT,0,error,StopIteration,0,0
ase,iBIeUIvhEDHWwRGRXri8-gJqbWeZ,exciting,qpxNMvKmRhqq_F-CfHJw8Q/DYN_Q0000_0000_0000_S05_A001_P1.OUT,0,error,StopIteration,0,0
ase,iBIeUIvhEDHWwRGRXri8-gJqbWeZ,exciting,qpxNMvKmRhqq_F-CfHJw8Q/DYN_Q0000_0000_0000_S05_A001_P2.OUT,0,error,StopIteration,0,0
ase,iBIeUIvhEDHWwRGRXri8-gJqbWeZ,exciting,qpxNMvKmRhqq_F-CfHJw8Q/DYN_Q0000_0000_0000_S05_A001_P3.OUT,0,error,StopIteration,0,0
ase,iBIeUIvhEDHWwRGRXri8-gJqbWeZ,exciting,qpxNMvKmRhqq_F-CfHJw8Q/EVALQP.OUT,0,error,UnicodeDecodeError,0,0
ase,iBIeUIvhEDHWwRGRXri8-gJqbWeZ,exciting,qpxNMvKmRhqq_F-CfHJw8Q/H.xml,0,error,UnknownFileTypeError,0,0
ase,iBIeUIvhEDHWwRGRXri8-gJqbWeZ,exciting,qpxNMvKmRhqq_F-CfHJw8Q/Mo.xml,0,error,UnknownFileTypeError,0,0
ase,iBIeUIvhEDHWwRGRXri8-gJqbWeZ,exciting,qpxNMvKmRhqq_F-CfHJw8Q/S.xml,0,error,UnknownFileTypeError,0,0
ase,iBIeUIvhEDHWwRGRXri8-gJqbWeZ,exciting,qpxNMvKmRhqq_F-CfHJw8Q/N.xml,0,error,UnknownFileTypeError,0,0
ase,iBIeUIvhEDHWwRGRXri8-gJqbWeZ,exciting,qpxNMvKmRhqq_F-CfHJw8Q/EVECFV_GW.OUT,0,error,UnicodeDecodeError,0,0
ase,iBIeUIvhEDHWwRGRXri8-gJqbWeZ,exciting,qpxNMvKmRhqq_F-CfHJw8Q/WANNIER_INFO.OUT,0,error,StopIteration,0,0
ase,iBIeUIvhEDHWwRGRXri8-gJqbWeZ,exciting,qpxNMvKmRhqq_F-CfHJw8Q/INFO.OUT,1,error,StopIteration,0,0
ase,iBIeUIvhEDHWwRGRXri8-gJqbWeZ,exciting,qpxNMvKmRhqq_F-CfHJw8Q/input.xml,0,error,UnknownFileTypeError,0,0
ase,ir_SAeHwKF2cMHE7J56uwBScN3PL,GAMESS,58G9YZi8SMS2QATRSom9MQ/RCWnE6CiPA8v5vyGpJEV5BKIm4XSC/data/tcnedim/tcnedim_b3_1_a.inp,0,error,UnknownFileTypeError,0,0
ase,iBIeUIvhEDHWwRGRXri8-gJqbWeZ,exciting,qpxNMvKmRhqq_F-CfHJw8Q/STATE.OUT,0,error,UnicodeDecodeError,0,0
ase,ir_SAeHwKF2cMHE7J56uwBScN3PL,GAMESS,58G9YZi8SMS2QATRSom9MQ/RCWnE6CiPA8v5vyGpJEV5BKIm4XSC/data/tcnedim/tcnedim_b3_1_b.inp,0,error,UnknownFileTypeError,0,0
ase,iBIeUIvhEDHWwRGRXri8-gJqbWeZ,exciting,qpxNMvKmRhqq_F-CfHJw8Q/WANNIER_EMAT.OUT,0,error,UnicodeDecodeError,0,0
ase,iBIeUIvhEDHWwRGRXri8-gJqbWeZ,exciting,qpxNMvKmRhqq_F-CfHJw8Q/EVECFV.OUT,0,error,UnicodeDecodeError,0,0
ase,ir_SAeHwKF2cMHE7J56uwBScN3PL,GAMESS,58G9YZi8SMS2QATRSom9MQ/RCWnE6CiPA8v5vyGpJEV5BKIm4XSC/data/tcnedim/tcnedim_b3_1_c.inp,0,error,UnknownFileTypeError,0,0
ase,iBIeUIvhEDHWwRGRXri8-gJqbWeZ,exciting,qpxNMvKmRhqq_F-CfHJw8Q/WANNIER_TRANSFORM.OUT,0,error,UnicodeDecodeError,0,0
ase,iBIeUIvhEDHWwRGRXri8-gJqbWeZ,exciting,qpxNMvKmRhqq_F-CfHJw8Q/EVECSV.OUT,0,error,UnicodeDecodeError,0,0
ase,ir_SAeHwKF2cMHE7J56uwBScN3PL,GAMESS,58G9YZi8SMS2QATRSom9MQ/RCWnE6CiPA8v5vyGpJEV5BKIm4XSC/data/tcnedim/tcnedim_b3_1bs_a.inp,0,error,UnknownFileTypeError,0,0
ase,ir_SAeHwKF2cMHE7J56uwBScN3PL,GAMESS,58G9YZi8SMS2QATRSom9MQ/RCWnE6CiPA8v5vyGpJEV5BKIm4XSC/data/tcnedim/tcnedim_b3_1bs_b.inp,0,error,UnknownFileTypeError,0,0
ase,ir_SAeHwKF2cMHE7J56uwBScN3PL,GAMESS,58G9YZi8SMS2QATRSom9MQ/RCWnE6CiPA8v5vyGpJEV5BKIm4XSC/data/tcnedim/tcnedim_b3_1bs_c.inp,0,error,UnknownFileTypeError,0,0
ase,ir_SAeHwKF2cMHE7J56uwBScN3PL,GAMESS,58G9YZi8SMS2QATRSom9MQ/RCWnE6CiPA8v5vyGpJEV5BKIm4XSC/data/tcnedim/tcnedim_b3_1_a.out,0,error,ValueError,0,0
ase,ir_SAeHwKF2cMHE7J56uwBScN3PL,GAMESS,58G9YZi8SMS2QATRSom9MQ/RCWnE6CiPA8v5vyGpJEV5BKIm4XSC/data/tcnedim/tcnedim_b3_3_a.inp,0,error,UnknownFileTypeError,0,0
ase,ir_SAeHwKF2cMHE7J56uwBScN3PL,GAMESS,58G9YZi8SMS2QATRSom9MQ/RCWnE6CiPA8v5vyGpJEV5BKIm4XSC/data/tcnedim/tcnedim_b3_1_c.out,0,error,ValueError,0,0
ase,ir_SAeHwKF2cMHE7J56uwBScN3PL,GAMESS,58G9YZi8SMS2QATRSom9MQ/RCWnE6CiPA8v5vyGpJEV5BKIm4XSC/data/tcnedim/tcnedim_b3_3_b.inp,0,error,UnknownFileTypeError,0,0
ase,ir_SAeHwKF2cMHE7J56uwBScN3PL,GAMESS,58G9YZi8SMS2QATRSom9MQ/RCWnE6CiPA8v5vyGpJEV5BKIm4XSC/data/tcnedim/tcnedim_b3_1_b.out,0,error,ValueError,0,0
ase,ir_SAeHwKF2cMHE7J56uwBScN3PL,GAMESS,58G9YZi8SMS2QATRSom9MQ/RCWnE6CiPA8v5vyGpJEV5BKIm4XSC/data/tcnedim/tcnedim_b3_3_c.inp,0,error,UnknownFileTypeError,0,0
ase,ir_SAeHwKF2cMHE7J56uwBScN3PL,GAMESS,58G9YZi8SMS2QATRSom9MQ/RCWnE6CiPA8v5vyGpJEV5BKIm4XSC/data/tcnedim/tcnedim_b3_1bs_b.out,0,error,ValueError,0,0
ase,ir_SAeHwKF2cMHE7J56uwBScN3PL,GAMESS,58G9YZi8SMS2QATRSom9MQ/RCWnE6CiPA8v5vyGpJEV5BKIm4XSC/data/tcnedim/tcnedim_b3_dis_3.inp,0,error,UnknownFileTypeError,0,0
ase,ir_SAeHwKF2cMHE7J56uwBScN3PL,GAMESS,58G9YZi8SMS2QATRSom9MQ/RCWnE6CiPA8v5vyGpJEV5BKIm4XSC/data/tcnedim/tcnedim_b3_1bs_a.out,0,error,ValueError,0,0
ase,ir_SAeHwKF2cMHE7J56uwBScN3PL,GAMESS,58G9YZi8SMS2QATRSom9MQ/RCWnE6CiPA8v5vyGpJEV5BKIm4XSC/data/tcnedim/tcnedim_cas22mp2_1_a.inp,0,error,UnknownFileTypeError,0,0
ase,ir_SAeHwKF2cMHE7J56uwBScN3PL,GAMESS,58G9YZi8SMS2QATRSom9MQ/RCWnE6CiPA8v5vyGpJEV5BKIm4XSC/data/tcnedim/tcnedim_b3_1bs_c.out,0,error,ValueError,0,0
ase,ir_SAeHwKF2cMHE7J56uwBScN3PL,GAMESS,58G9YZi8SMS2QATRSom9MQ/RCWnE6CiPA8v5vyGpJEV5BKIm4XSC/data/tcnedim/tcnedim_b3_3_b.out,0,error,ValueError,0,0
ase,ir_SAeHwKF2cMHE7J56uwBScN3PL,GAMESS,58G9YZi8SMS2QATRSom9MQ/RCWnE6CiPA8v5vyGpJEV5BKIm4XSC/data/tcnedim/tcnedim_b3_3_a.out,0,error,ValueError,0,0
ase,ir_SAeHwKF2cMHE7J56uwBScN3PL,GAMESS,58G9YZi8SMS2QATRSom9MQ/RCWnE6CiPA8v5vyGpJEV5BKIm4XSC/data/tcnedim/tcnedim_cas22mp2_1_c.inp,0,error,UnknownFileTypeError,0,0
ase,ir_SAeHwKF2cMHE7J56uwBScN3PL,GAMESS,58G9YZi8SMS2QATRSom9MQ/RCWnE6CiPA8v5vyGpJEV5BKIm4XSC/data/tcnedim/tcnedim_b3_3_c.out,0,error,ValueError,0,0
ase,ir_SAeHwKF2cMHE7J56uwBScN3PL,GAMESS,58G9YZi8SMS2QATRSom9MQ/RCWnE6CiPA8v5vyGpJEV5BKIm4XSC/data/tcnedim/tcnedim_cas22mp2_1_b.inp,0,error,UnknownFileTypeError,0,0
ase,ir_SAeHwKF2cMHE7J56uwBScN3PL,GAMESS,58G9YZi8SMS2QATRSom9MQ/RCWnE6CiPA8v5vyGpJEV5BKIm4XSC/data/tcnedim/tcnedim_cas22mp2_dis_1.inp,0,error,UnknownFileTypeError,0,0
ase,ir_SAeHwKF2cMHE7J56uwBScN3PL,GAMESS,58G9YZi8SMS2QATRSom9MQ/RCWnE6CiPA8v5vyGpJEV5BKIm4XSC/data/tcnedim/tcnedim_rmp2_1_a.inp,0,error,UnknownFileTypeError,0,0
ase,ir_SAeHwKF2cMHE7J56uwBScN3PL,GAMESS,58G9YZi8SMS2QATRSom9MQ/RCWnE6CiPA8v5vyGpJEV5BKIm4XSC/data/tcnedim/tcnedim_cas22mp2_1_b.out,0,error,ValueError,0,0
ase,ir_SAeHwKF2cMHE7J56uwBScN3PL,GAMESS,58G9YZi8SMS2QATRSom9MQ/RCWnE6CiPA8v5vyGpJEV5BKIm4XSC/data/tcnedim/tcnedim_rmp2_1_b.inp,0,error,UnknownFileTypeError,0,0
ase,ir_SAeHwKF2cMHE7J56uwBScN3PL,GAMESS,58G9YZi8SMS2QATRSom9MQ/RCWnE6CiPA8v5vyGpJEV5BKIm4XSC/data/tcnedim/tcnedim_cas22mp2_1_c.out,0,error,ValueError,0,0
ase,ir_SAeHwKF2cMHE7J56uwBScN3PL,GAMESS,58G9YZi8SMS2QATRSom9MQ/RCWnE6CiPA8v5vyGpJEV5BKIm4XSC/data/tcnedim/tcnedim_rmp2_1_c.inp,0,error,UnknownFileTypeError,0,0
ase,ir_SAeHwKF2cMHE7J56uwBScN3PL,GAMESS,58G9YZi8SMS2QATRSom9MQ/RCWnE6CiPA8v5vyGpJEV5BKIm4XSC/data/tcnedim/tcnedim_cas22mp2_dis_1.out,0,error,ValueError,0,0
ase,ir_SAeHwKF2cMHE7J56uwBScN3PL,GAMESS,58G9YZi8SMS2QATRSom9MQ/RCWnE6CiPA8v5vyGpJEV5BKIm4XSC/data/tcnedim/tcnedim_rmp2_1_a.out,1,error,ValueError,0,0
ase,ir_SAeHwKF2cMHE7J56uwBScN3PL,GAMESS,58G9YZi8SMS2QATRSom9MQ/RCWnE6CiPA8v5vyGpJEV5BKIm4XSC/data/tcnedim/tcnedim_cas22mp2_1_a.out,0,error,ValueError,0,0
ase,ir_SAeHwKF2cMHE7J56uwBScN3PL,GAMESS,58G9YZi8SMS2QATRSom9MQ/RCWnE6CiPA8v5vyGpJEV5BKIm4XSC/data/tcnedim/tcnedim_romp2_3_a.inp,0,error,UnknownFileTypeError,0,0
ase,ir_SAeHwKF2cMHE7J56uwBScN3PL,GAMESS,58G9YZi8SMS2QATRSom9MQ/RCWnE6CiPA8v5vyGpJEV5BKIm4XSC/data/tcnedim/tcnedim_b3_dis_3.out,0,error,ValueError,0,0
ase,ir_SAeHwKF2cMHE7J56uwBScN3PL,GAMESS,58G9YZi8SMS2QATRSom9MQ/RCWnE6CiPA8v5vyGpJEV5BKIm4XSC/data/tcnedim/tcnedim_romp2_3_b.inp,0,error,UnknownFileTypeError,0,0
ase,ir_SAeHwKF2cMHE7J56uwBScN3PL,GAMESS,58G9YZi8SMS2QATRSom9MQ/RCWnE6CiPA8v5vyGpJEV5BKIm4XSC/data/tcnedim/tcnedim_rmp2_1_b.out,0,error,ValueError,0,0
ase,ir_SAeHwKF2cMHE7J56uwBScN3PL,GAMESS,58G9YZi8SMS2QATRSom9MQ/RCWnE6CiPA8v5vyGpJEV5BKIm4XSC/data/tcnedim/tcnedim_romp2_dis_3.inp,0,error,UnknownFileTypeError,0,0
ase,ir_SAeHwKF2cMHE7J56uwBScN3PL,GAMESS,58G9YZi8SMS2QATRSom9MQ/RCWnE6CiPA8v5vyGpJEV5BKIm4XSC/data/tcnedim/tcnedim_romp2_3_c.inp,0,error,UnknownFileTypeError,0,0
ase,jpzJnBh20gKHQm5bGGJOxrU6eZ_d,WIEN2k,H74rg1mSSM2RsPjlSOZlgg/dft_nio2_surface/POSCAR,0,success,,1,0
ase,jpzJnBh20gKHQm5bGGJOxrU6eZ_d,WIEN2k,H74rg1mSSM2RsPjlSOZlgg/dft_nio2_surface/job_wien2k.hclm,0,error,UnknownFileTypeError,0,0
ase,ir_SAeHwKF2cMHE7J56uwBScN3PL,GAMESS,58G9YZi8SMS2QATRSom9MQ/RCWnE6CiPA8v5vyGpJEV5BKIm4XSC/data/tcnedim/tcnedim_rmp2_1_c.out,0,error,ValueError,0,0
ase,ir_SAeHwKF2cMHE7J56uwBScN3PL,GAMESS,58G9YZi8SMS2QATRSom9MQ/RCWnE6CiPA8v5vyGpJEV5BKIm4XSC/data/tcnedim/tcnedim_romp2_3_b.out,0,error,ValueError,0,0
ase,jpzJnBh20gKHQm5bGGJOxrU6eZ_d,WIEN2k,H74rg1mSSM2RsPjlSOZlgg/dft_nio2_surface/oc.in0,0,error,UnknownFileTypeError,0,0
ase,jpzJnBh20gKHQm5bGGJOxrU6eZ_d,WIEN2k,H74rg1mSSM2RsPjlSOZlgg/dft_nio2_surface/oc.in0_st,0,error,UnknownFileTypeError,0,0
ase,jpzJnBh20gKHQm5bGGJOxrU6eZ_d,WIEN2k,H74rg1mSSM2RsPjlSOZlgg/dft_nio2_surface/oc.in0_std,0,error,UnknownFileTypeError,0,0
ase,ir_SAeHwKF2cMHE7J56uwBScN3PL,GAMESS,58G9YZi8SMS2QATRSom9MQ/RCWnE6CiPA8v5vyGpJEV5BKIm4XSC/data/tcnedim/tcnedim_romp2_3_a.out,0,error,ValueError,0,0
ase,jpzJnBh20gKHQm5bGGJOxrU6eZ_d,WIEN2k,H74rg1mSSM2RsPjlSOZlgg/dft_nio2_surface/oc.in1_st,0,error,UnknownFileTypeError,0,0
ase,jpzJnBh20gKHQm5bGGJOxrU6eZ_d,WIEN2k,H74rg1mSSM2RsPjlSOZlgg/dft_nio2_surface/oc.in1c,0,error,UnknownFileTypeError,0,0
ase,jpzJnBh20gKHQm5bGGJOxrU6eZ_d,WIEN2k,H74rg1mSSM2RsPjlSOZlgg/dft_nio2_surface/oc.in2_ls,0,error,UnknownFileTypeError,0,0
ase,jpzJnBh20gKHQm5bGGJOxrU6eZ_d,WIEN2k,H74rg1mSSM2RsPjlSOZlgg/dft_nio2_surface/oc.in2_st,0,error,UnknownFileTypeError,0,0
ase,jpzJnBh20gKHQm5bGGJOxrU6eZ_d,WIEN2k,H74rg1mSSM2RsPjlSOZlgg/dft_nio2_surface/oc.in2_sy,0,error,UnknownFileTypeError,0,0
ase,jpzJnBh20gKHQm5bGGJOxrU6eZ_d,WIEN2k,H74rg1mSSM2RsPjlSOZlgg/dft_nio2_surface/oc.in2c,0,error,UnknownFileTypeError,0,0
ase,jpzJnBh20gKHQm5bGGJOxrU6eZ_d,WIEN2k,H74rg1mSSM2RsPjlSOZlgg/dft_nio2_surface/oc.inc,0,error,UnknownFileTypeError,0,0
ase,jpzJnBh20gKHQm5bGGJOxrU6eZ_d,WIEN2k,H74rg1mSSM2RsPjlSOZlgg/dft_nio2_surface/oc.inm,0,error,UnknownFileTypeError,0,0
ase,jpzJnBh20gKHQm5bGGJOxrU6eZ_d,WIEN2k,H74rg1mSSM2RsPjlSOZlgg/dft_nio2_surface/oc.inc_st,0,error,UnknownFileTypeError,0,0
ase,jpzJnBh20gKHQm5bGGJOxrU6eZ_d,WIEN2k,H74rg1mSSM2RsPjlSOZlgg/dft_nio2_surface/oc.inm_restart_st,0,error,UnknownFileTypeError,0,0
ase,jpzJnBh20gKHQm5bGGJOxrU6eZ_d,WIEN2k,H74rg1mSSM2RsPjlSOZlgg/dft_nio2_surface/oc.inm_st,0,error,UnknownFileTypeError,0,0
ase,jpzJnBh20gKHQm5bGGJOxrU6eZ_d,WIEN2k,H74rg1mSSM2RsPjlSOZlgg/dft_nio2_surface/oc.inq_st,0,error,UnknownFileTypeError,0,0
ase,jpzJnBh20gKHQm5bGGJOxrU6eZ_d,WIEN2k,H74rg1mSSM2RsPjlSOZlgg/dft_nio2_surface/oc.inq,0,error,UnknownFileTypeError,0,0
ase,jpzJnBh20gKHQm5bGGJOxrU6eZ_d,WIEN2k,H74rg1mSSM2RsPjlSOZlgg/dft_nio2_surface/oc.inst,0,error,UnknownFileTypeError,0,0
ase,jpzJnBh20gKHQm5bGGJOxrU6eZ_d,WIEN2k,H74rg1mSSM2RsPjlSOZlgg/dft_nio2_surface/oc.klist,0,error,UnknownFileTypeError,0,0
ase,jpzJnBh20gKHQm5bGGJOxrU6eZ_d,WIEN2k,H74rg1mSSM2RsPjlSOZlgg/dft_nio2_surface/new_super.clmsum,0,error,UnknownFileTypeError,0,0
ase,jpzJnBh20gKHQm5bGGJOxrU6eZ_d,WIEN2k,H74rg1mSSM2RsPjlSOZlgg/dft_nio2_surface/oc.kgen,0,error,UnknownFileTypeError,0,0
ase,jpzJnBh20gKHQm5bGGJOxrU6eZ_d,WIEN2k,H74rg1mSSM2RsPjlSOZlgg/dft_nio2_surface/oc.clmsum,0,error,UnknownFileTypeError,0,0
ase,jpzJnBh20gKHQm5bGGJOxrU6eZ_d,WIEN2k,H74rg1mSSM2RsPjlSOZlgg/dft_nio2_surface/oc.struct,0,success,,1,0
ase,jpzJnBh20gKHQm5bGGJOxrU6eZ_d,WIEN2k,H74rg1mSSM2RsPjlSOZlgg/dft_nio2_surface/oc.scf2,0,error,UnknownFileTypeError,0,0
ase,jpzJnBh20gKHQm5bGGJOxrU6eZ_d,WIEN2k,H74rg1mSSM2RsPjlSOZlgg/dft_nio2_surface/oc.scf,1,error,UnknownFileTypeError,0,0
ase,jpzJnBh20gKHQm5bGGJOxrU6eZ_d,WIEN2k,H74rg1mSSM2RsPjlSOZlgg/dft_nio2_surface/output1.log,0,error,StopIteration,0,0
ase,jpzJnBh20gKHQm5bGGJOxrU6eZ_d,WIEN2k,H74rg1mSSM2RsPjlSOZlgg/dft_nio2_surface/output2.log,0,error,StopIteration,0,0
ase,jpzJnBh20gKHQm5bGGJOxrU6eZ_d,WIEN2k,H74rg1mSSM2RsPjlSOZlgg/dft_nio2_surface/slurm-33796.out,0,error,StopIteration,0,0
ase,jpzJnBh20gKHQm5bGGJOxrU6eZ_d,WIEN2k,H74rg1mSSM2RsPjlSOZlgg/dft_nio2_surface/slurm-34483.out,0,error,StopIteration,0,0
ase,jpzJnBh20gKHQm5bGGJOxrU6eZ_d,WIEN2k,H74rg1mSSM2RsPjlSOZlgg/dft_nio2_surface/slurm-35335.out,0,error,StopIteration,0,0
ase,jpzJnBh20gKHQm5bGGJOxrU6eZ_d,WIEN2k,H74rg1mSSM2RsPjlSOZlgg/dft_nio2_surface/oc.vns,0,error,UnknownFileTypeError,0,0
ase,jpzJnBh20gKHQm5bGGJOxrU6eZ_d,WIEN2k,H74rg1mSSM2RsPjlSOZlgg/dft_nio2_surface/oc.vsp,0,error,UnknownFileTypeError,0,0
ase,jpzJnBh20gKHQm5bGGJOxrU6eZ_d,WIEN2k,H74rg1mSSM2RsPjlSOZlgg/dft_nio2_surface/xyz2struct.struct,0,success,,1,0
ase,ir_SAeHwKF2cMHE7J56uwBScN3PL,GAMESS,58G9YZi8SMS2QATRSom9MQ/RCWnE6CiPA8v5vyGpJEV5BKIm4XSC/data/tcnedim/tcnedim_romp2_dis_3.out,0,error,ValueError,0,0
ase,jv85ezLp5CUgM1i3MCs5wCXgAS_K,Octopus,wrZsJFzHT-q4r3MF3H83lA/TCNQ_relaxed_sp0.20.xyz,0,success,,1,0
ase,jv85ezLp5CUgM1i3MCs5wCXgAS_K,Octopus,wrZsJFzHT-q4r3MF3H83lA/inp,0,error,ValueError,0,0
ase,jv85ezLp5CUgM1i3MCs5wCXgAS_K,Octopus,wrZsJFzHT-q4r3MF3H83lA/00051,0,error,UnknownFileTypeError,0,0
ase,jpzJnBh20gKHQm5bGGJOxrU6eZ_d,WIEN2k,H74rg1mSSM2RsPjlSOZlgg/dft_nio2_surface/output.log,0,error,StopIteration,0,0
ase,jv85ezLp5CUgM1i3MCs5wCXgAS_K,Octopus,wrZsJFzHT-q4r3MF3H83lA/eps_diff,0,error,UnknownFileTypeError,0,0
ase,jv85ezLp5CUgM1i3MCs5wCXgAS_K,Octopus,wrZsJFzHT-q4r3MF3H83lA/output.out,1,error,StopIteration,0,0
ase,jv85ezLp5CUgM1i3MCs5wCXgAS_K,Octopus,wrZsJFzHT-q4r3MF3H83lA/spectrum.casida,0,error,UnknownFileTypeError,0,0
ase,jv85ezLp5CUgM1i3MCs5wCXgAS_K,Octopus,wrZsJFzHT-q4r3MF3H83lA/casida,0,error,UnknownFileTypeError,0,0
ase,jv85ezLp5CUgM1i3MCs5wCXgAS_K,Octopus,wrZsJFzHT-q4r3MF3H83lA/spectrum.eps_diff,0,error,UnknownFileTypeError,0,0
ase,kBTQasoI-JdkbR0tweJNoo8N5pH4,GPAW,u-PnzOXrRv6WIgxb4C2Jsw/production_May27_MoS2WS2_10Ha_662/tree/662/materials/WS4Mo-May27-272eV-G662/WaveFunctions/gs_gw.txt,0,error,ValueError,0,0
ase,jv85ezLp5CUgM1i3MCs5wCXgAS_K,Octopus,wrZsJFzHT-q4r3MF3H83lA/spectrum.tamm_dancoff,0,error,UnknownFileTypeError,0,0
ase,kBTQasoI-JdkbR0tweJNoo8N5pH4,GPAW,u-PnzOXrRv6WIgxb4C2Jsw/production_May27_MoS2WS2_10Ha_662/tree/662/materials/WS4Mo-May27-272eV-G662/WaveFunctions/input.json,0,error,UnknownFileTypeError,0,0
ase,lZL2bLfPSUye2YrTqZ-xrvpqRDE5,GAMESS,58G9YZi8SMS2QATRSom9MQ/RCWnE6CiPA8v5vyGpJEV5BKIm4XSC/data/tcnedim/tcnedim_b3_1_a.inp,0,error,UnknownFileTypeError,0,0
ase,kBTQasoI-JdkbR0tweJNoo8N5pH4,GPAW,u-PnzOXrRv6WIgxb4C2Jsw/production_May27_MoS2WS2_10Ha_662/tree/662/materials/WS4Mo-May27-272eV-G662/WaveFunctions/output.json,0,error,UnknownFileTypeError,0,0
ase,lZL2bLfPSUye2YrTqZ-xrvpqRDE5,GAMESS,58G9YZi8SMS2QATRSom9MQ/RCWnE6CiPA8v5vyGpJEV5BKIm4XSC/data/tcnedim/tcnedim_b3_1_b.inp,0,error,UnknownFileTypeError,0,0
ase,kBTQasoI-JdkbR0tweJNoo8N5pH4,GPAW,u-PnzOXrRv6WIgxb4C2Jsw/production_May27_MoS2WS2_10Ha_662/tree/662/materials/WS4Mo-May27-272eV-G662/WaveFunctions/gs_gw.gpw,1,success,,1,0
ase,lZL2bLfPSUye2YrTqZ-xrvpqRDE5,GAMESS,58G9YZi8SMS2QATRSom9MQ/RCWnE6CiPA8v5vyGpJEV5BKIm4XSC/data/tcnedim/tcnedim_b3_1_c.inp,0,error,UnknownFileTypeError,0,0
ase,kBTQasoI-JdkbR0tweJNoo8N5pH4,GPAW,u-PnzOXrRv6WIgxb4C2Jsw/production_May27_MoS2WS2_10Ha_662/tree/662/materials/WS4Mo-May27-272eV-G662/WaveFunctions/gs_gw_nowfs.gpw,0,success,,1,0
ase,lZL2bLfPSUye2YrTqZ-xrvpqRDE5,GAMESS,58G9YZi8SMS2QATRSom9MQ/RCWnE6CiPA8v5vyGpJEV5BKIm4XSC/data/tcnedim/tcnedim_b3_1bs_a.inp,0,error,UnknownFileTypeError,0,0
ase,ir_SAeHwKF2cMHE7J56uwBScN3PL,GAMESS,58G9YZi8SMS2QATRSom9MQ/RCWnE6CiPA8v5vyGpJEV5BKIm4XSC/data/tcnedim/tcnedim_romp2_3_c.out,0,error,ValueError,0,0
ase,lZL2bLfPSUye2YrTqZ-xrvpqRDE5,GAMESS,58G9YZi8SMS2QATRSom9MQ/RCWnE6CiPA8v5vyGpJEV5BKIm4XSC/data/tcnedim/tcnedim_b3_1bs_b.inp,0,error,UnknownFileTypeError,0,0
ase,jv85ezLp5CUgM1i3MCs5wCXgAS_K,Octopus,wrZsJFzHT-q4r3MF3H83lA/tamm_dancoff,0,error,UnknownFileTypeError,0,0
ase,lZL2bLfPSUye2YrTqZ-xrvpqRDE5,GAMESS,58G9YZi8SMS2QATRSom9MQ/RCWnE6CiPA8v5vyGpJEV5BKIm4XSC/data/tcnedim/tcnedim_b3_1bs_c.inp,0,error,UnknownFileTypeError,0,0
ase,lZL2bLfPSUye2YrTqZ-xrvpqRDE5,GAMESS,58G9YZi8SMS2QATRSom9MQ/RCWnE6CiPA8v5vyGpJEV5BKIm4XSC/data/tcnedim/tcnedim_b3_1_b.out,0,error,ValueError,0,0
ase,lZL2bLfPSUye2YrTqZ-xrvpqRDE5,GAMESS,58G9YZi8SMS2QATRSom9MQ/RCWnE6CiPA8v5vyGpJEV5BKIm4XSC/data/tcnedim/tcnedim_b3_3_a.inp,0,error,UnknownFileTypeError,0,0
ase,lZL2bLfPSUye2YrTqZ-xrvpqRDE5,GAMESS,58G9YZi8SMS2QATRSom9MQ/RCWnE6CiPA8v5vyGpJEV5BKIm4XSC/data/tcnedim/tcnedim_b3_1_a.out,0,error,ValueError,0,0
ase,lZL2bLfPSUye2YrTqZ-xrvpqRDE5,GAMESS,58G9YZi8SMS2QATRSom9MQ/RCWnE6CiPA8v5vyGpJEV5BKIm4XSC/data/tcnedim/tcnedim_b3_3_b.inp,0,error,UnknownFileTypeError,0,0
ase,lZL2bLfPSUye2YrTqZ-xrvpqRDE5,GAMESS,58G9YZi8SMS2QATRSom9MQ/RCWnE6CiPA8v5vyGpJEV5BKIm4XSC/data/tcnedim/tcnedim_b3_1_c.out,0,error,ValueError,0,0
ase,lZL2bLfPSUye2YrTqZ-xrvpqRDE5,GAMESS,58G9YZi8SMS2QATRSom9MQ/RCWnE6CiPA8v5vyGpJEV5BKIm4XSC/data/tcnedim/tcnedim_b3_3_c.inp,0,error,UnknownFileTypeError,0,0
ase,lZL2bLfPSUye2YrTqZ-xrvpqRDE5,GAMESS,58G9YZi8SMS2QATRSom9MQ/RCWnE6CiPA8v5vyGpJEV5BKIm4XSC/data/tcnedim/tcnedim_b3_1bs_b.out,0,error,ValueError,0,0
ase,lZL2bLfPSUye2YrTqZ-xrvpqRDE5,GAMESS,58G9YZi8SMS2QATRSom9MQ/RCWnE6CiPA8v5vyGpJEV5BKIm4XSC/data/tcnedim/tcnedim_b3_1bs_a.out,0,error,ValueError,0,0
ase,lZL2bLfPSUye2YrTqZ-xrvpqRDE5,GAMESS,58G9YZi8SMS2QATRSom9MQ/RCWnE6CiPA8v5vyGpJEV5BKIm4XSC/data/tcnedim/tcnedim_b3_dis_3.inp,0,error,UnknownFileTypeError,0,0
ase,lZL2bLfPSUye2YrTqZ-xrvpqRDE5,GAMESS,58G9YZi8SMS2QATRSom9MQ/RCWnE6CiPA8v5vyGpJEV5BKIm4XSC/data/tcnedim/tcnedim_cas22mp2_1_a.inp,0,error,UnknownFileTypeError,0,0
ase,lZL2bLfPSUye2YrTqZ-xrvpqRDE5,GAMESS,58G9YZi8SMS2QATRSom9MQ/RCWnE6CiPA8v5vyGpJEV5BKIm4XSC/data/tcnedim/tcnedim_b3_3_a.out,0,error,ValueError,0,0
ase,lZL2bLfPSUye2YrTqZ-xrvpqRDE5,GAMESS,58G9YZi8SMS2QATRSom9MQ/RCWnE6CiPA8v5vyGpJEV5BKIm4XSC/data/tcnedim/tcnedim_b3_1bs_c.out,0,error,ValueError,0,0
ase,lZL2bLfPSUye2YrTqZ-xrvpqRDE5,GAMESS,58G9YZi8SMS2QATRSom9MQ/RCWnE6CiPA8v5vyGpJEV5BKIm4XSC/data/tcnedim/tcnedim_b3_3_c.out,0,error,ValueError,0,0
ase,lZL2bLfPSUye2YrTqZ-xrvpqRDE5,GAMESS,58G9YZi8SMS2QATRSom9MQ/RCWnE6CiPA8v5vyGpJEV5BKIm4XSC/data/tcnedim/tcnedim_cas22mp2_1_b.inp,0,error,UnknownFileTypeError,0,0
ase,lZL2bLfPSUye2YrTqZ-xrvpqRDE5,GAMESS,58G9YZi8SMS2QATRSom9MQ/RCWnE6CiPA8v5vyGpJEV5BKIm4XSC/data/tcnedim/tcnedim_b3_3_b.out,0,error,ValueError,0,0
ase,CTp61euc_JBq5kMTN3ZCuVSBqINj,exciting,8CgjZq8tT6Wk_qw_N8qw7w/Sn2Se/1/EIGVAL.OUT,0,error,StopIteration,0,0
ase,lZL2bLfPSUye2YrTqZ-xrvpqRDE5,GAMESS,58G9YZi8SMS2QATRSom9MQ/RCWnE6CiPA8v5vyGpJEV5BKIm4XSC/data/tcnedim/tcnedim_cas22mp2_1_c.inp,0,error,UnknownFileTypeError,0,0
ase,lZL2bLfPSUye2YrTqZ-xrvpqRDE5,GAMESS,58G9YZi8SMS2QATRSom9MQ/RCWnE6CiPA8v5vyGpJEV5BKIm4XSC/data/tcnedim/tcnedim_rmp2_1_a.inp,0,error,UnknownFileTypeError,0,0
ase,lZL2bLfPSUye2YrTqZ-xrvpqRDE5,GAMESS,58G9YZi8SMS2QATRSom9MQ/RCWnE6CiPA8v5vyGpJEV5BKIm4XSC/data/tcnedim/tcnedim_cas22mp2_dis_1.inp,0,error,UnknownFileTypeError,0,0
ase,lZL2bLfPSUye2YrTqZ-xrvpqRDE5,GAMESS,58G9YZi8SMS2QATRSom9MQ/RCWnE6CiPA8v5vyGpJEV5BKIm4XSC/data/tcnedim/tcnedim_rmp2_1_b.inp,0,error,UnknownFileTypeError,0,0
ase,lZL2bLfPSUye2YrTqZ-xrvpqRDE5,GAMESS,58G9YZi8SMS2QATRSom9MQ/RCWnE6CiPA8v5vyGpJEV5BKIm4XSC/data/tcnedim/tcnedim_cas22mp2_1_b.out,0,error,ValueError,0,0
ase,lZL2bLfPSUye2YrTqZ-xrvpqRDE5,GAMESS,58G9YZi8SMS2QATRSom9MQ/RCWnE6CiPA8v5vyGpJEV5BKIm4XSC/data/tcnedim/tcnedim_rmp2_1_c.inp,0,error,UnknownFileTypeError,0,0
ase,lZL2bLfPSUye2YrTqZ-xrvpqRDE5,GAMESS,58G9YZi8SMS2QATRSom9MQ/RCWnE6CiPA8v5vyGpJEV5BKIm4XSC/data/tcnedim/tcnedim_cas22mp2_1_a.out,0,error,ValueError,0,0
ase,lZL2bLfPSUye2YrTqZ-xrvpqRDE5,GAMESS,58G9YZi8SMS2QATRSom9MQ/RCWnE6CiPA8v5vyGpJEV5BKIm4XSC/data/tcnedim/tcnedim_cas22mp2_dis_1.out,0,error,ValueError,0,0
ase,lZL2bLfPSUye2YrTqZ-xrvpqRDE5,GAMESS,58G9YZi8SMS2QATRSom9MQ/RCWnE6CiPA8v5vyGpJEV5BKIm4XSC/data/tcnedim/tcnedim_rmp2_1_a.out,0,error,ValueError,0,0
ase,lZL2bLfPSUye2YrTqZ-xrvpqRDE5,GAMESS,58G9YZi8SMS2QATRSom9MQ/RCWnE6CiPA8v5vyGpJEV5BKIm4XSC/data/tcnedim/tcnedim_rmp2_1_b.out,0,error,ValueError,0,0
ase,lZL2bLfPSUye2YrTqZ-xrvpqRDE5,GAMESS,58G9YZi8SMS2QATRSom9MQ/RCWnE6CiPA8v5vyGpJEV5BKIm4XSC/data/tcnedim/tcnedim_romp2_3_a.inp,0,error,UnknownFileTypeError,0,0
ase,lZL2bLfPSUye2YrTqZ-xrvpqRDE5,GAMESS,58G9YZi8SMS2QATRSom9MQ/RCWnE6CiPA8v5vyGpJEV5BKIm4XSC/data/tcnedim/tcnedim_romp2_3_b.inp,0,error,UnknownFileTypeError,0,0
ase,lZL2bLfPSUye2YrTqZ-xrvpqRDE5,GAMESS,58G9YZi8SMS2QATRSom9MQ/RCWnE6CiPA8v5vyGpJEV5BKIm4XSC/data/tcnedim/tcnedim_romp2_3_c.inp,0,error,UnknownFileTypeError,0,0
ase,lZL2bLfPSUye2YrTqZ-xrvpqRDE5,GAMESS,58G9YZi8SMS2QATRSom9MQ/RCWnE6CiPA8v5vyGpJEV5BKIm4XSC/data/tcnedim/tcnedim_romp2_3_a.out,0,error,ValueError,0,0
ase,lZL2bLfPSUye2YrTqZ-xrvpqRDE5,GAMESS,58G9YZi8SMS2QATRSom9MQ/RCWnE6CiPA8v5vyGpJEV5BKIm4XSC/data/tcnedim/tcnedim_cas22mp2_1_c.out,0,error,ValueError,0,0
ase,lZL2bLfPSUye2YrTqZ-xrvpqRDE5,GAMESS,58G9YZi8SMS2QATRSom9MQ/RCWnE6CiPA8v5vyGpJEV5BKIm4XSC/data/tcnedim/tcnedim_rmp2_1_c.out,0,error,ValueError,0,0
ase,mbJdWz98ooWTe6iyr61yGztZ7rgy,FHI-aims,s7RWKK2cTgmBh_c5sD9m7A/MoS2/Vac/hse/control.in,0,error,ValueError,0,0
ase,lZL2bLfPSUye2YrTqZ-xrvpqRDE5,GAMESS,58G9YZi8SMS2QATRSom9MQ/RCWnE6CiPA8v5vyGpJEV5BKIm4XSC/data/tcnedim/tcnedim_romp2_3_b.out,0,error,ValueError,0,0
ase,mbJdWz98ooWTe6iyr61yGztZ7rgy,FHI-aims,s7RWKK2cTgmBh_c5sD9m7A/MoS2/Vac/hse/geometry.in,0,success,,1,0
ase,mmBkEUCvLhlfWaurOa2oymHqwRfk,Gaussian,d9DagJChRxyeUKBEwzSiFw/G-I-O-P-gjf-out/G.gjf,0,error,ValueError,0,0
ase,mmBkEUCvLhlfWaurOa2oymHqwRfk,Gaussian,d9DagJChRxyeUKBEwzSiFw/G-I-O-P-gjf-out/G.mol,0,error,ValueError,0,0
ase,mmBkEUCvLhlfWaurOa2oymHqwRfk,Gaussian,d9DagJChRxyeUKBEwzSiFw/G-I-O-P-gjf-out/G.LOG,0,error,ValueError,0,0
ase,lZL2bLfPSUye2YrTqZ-xrvpqRDE5,GAMESS,58G9YZi8SMS2QATRSom9MQ/RCWnE6CiPA8v5vyGpJEV5BKIm4XSC/data/tcnedim/tcnedim_b3_dis_3.out,0,error,ValueError,0,0
ase,mmBkEUCvLhlfWaurOa2oymHqwRfk,Gaussian,d9DagJChRxyeUKBEwzSiFw/G-I-O-P-gjf-out/I.gjf,0,error,ValueError,0,0
ase,mmBkEUCvLhlfWaurOa2oymHqwRfk,Gaussian,d9DagJChRxyeUKBEwzSiFw/G-I-O-P-gjf-out/I.mol,0,error,ValueError,0,0
ase,mmBkEUCvLhlfWaurOa2oymHqwRfk,Gaussian,d9DagJChRxyeUKBEwzSiFw/G-I-O-P-gjf-out/O.gjf,0,error,ValueError,0,0
ase,lZL2bLfPSUye2YrTqZ-xrvpqRDE5,GAMESS,58G9YZi8SMS2QATRSom9MQ/RCWnE6CiPA8v5vyGpJEV5BKIm4XSC/data/tcnedim/tcnedim_romp2_dis_3.inp,0,error,UnknownFileTypeError,0,0
ase,mmBkEUCvLhlfWaurOa2oymHqwRfk,Gaussian,d9DagJChRxyeUKBEwzSiFw/G-I-O-P-gjf-out/O.mol,0,error,ValueError,0,0
ase,mmBkEUCvLhlfWaurOa2oymHqwRfk,Gaussian,d9DagJChRxyeUKBEwzSiFw/G-I-O-P-gjf-out/P.gjf,0,error,ValueError,0,0
ase,mmBkEUCvLhlfWaurOa2oymHqwRfk,Gaussian,d9DagJChRxyeUKBEwzSiFw/G-I-O-P-gjf-out/P.mol,0,error,ValueError,0,0
ase,obU5oKqjav_dYdjPTvwEvGSWvEWF,ONETEP,Ohw7JTzLTpC83Y7dMv3ICg/test08/ethene_relax.dat,0,error,AttributeError,0,0
ase,lZL2bLfPSUye2YrTqZ-xrvpqRDE5,GAMESS,58G9YZi8SMS2QATRSom9MQ/RCWnE6CiPA8v5vyGpJEV5BKIm4XSC/data/tcnedim/tcnedim_romp2_dis_3.out,0,error,ValueError,0,0
ase,lZL2bLfPSUye2YrTqZ-xrvpqRDE5,GAMESS,58G9YZi8SMS2QATRSom9MQ/RCWnE6CiPA8v5vyGpJEV5BKIm4XSC/data/tcnedim/tcnedim_romp2_3_c.out,1,error,ValueError,0,0
ase,t1ZAa57J2MFCNajl9MvY_1OfPWgZ,Gaussian,d9DagJChRxyeUKBEwzSiFw/G-I-O-P-gjf-out/G.gjf,0,error,ValueError,0,0
ase,mmBkEUCvLhlfWaurOa2oymHqwRfk,Gaussian,d9DagJChRxyeUKBEwzSiFw/G-I-O-P-gjf-out/O.LOG,0,error,ValueError,0,0
ase,t1ZAa57J2MFCNajl9MvY_1OfPWgZ,Gaussian,d9DagJChRxyeUKBEwzSiFw/G-I-O-P-gjf-out/G.mol,0,error,ValueError,0,0
ase,t1ZAa57J2MFCNajl9MvY_1OfPWgZ,Gaussian,d9DagJChRxyeUKBEwzSiFw/G-I-O-P-gjf-out/G.LOG,0,error,ValueError,0,0
ase,obU5oKqjav_dYdjPTvwEvGSWvEWF,ONETEP,Ohw7JTzLTpC83Y7dMv3ICg/test08/ethene_relax.out,1,success,,1,0
ase,t1ZAa57J2MFCNajl9MvY_1OfPWgZ,Gaussian,d9DagJChRxyeUKBEwzSiFw/G-I-O-P-gjf-out/I.mol,0,error,ValueError,0,0
ase,t1ZAa57J2MFCNajl9MvY_1OfPWgZ,Gaussian,d9DagJChRxyeUKBEwzSiFw/G-I-O-P-gjf-out/I.gjf,0,error,ValueError,0,0
ase,t1ZAa57J2MFCNajl9MvY_1OfPWgZ,Gaussian,d9DagJChRxyeUKBEwzSiFw/G-I-O-P-gjf-out/O.gjf,0,error,ValueError,0,0
ase,t1ZAa57J2MFCNajl9MvY_1OfPWgZ,Gaussian,d9DagJChRxyeUKBEwzSiFw/G-I-O-P-gjf-out/O.mol,0,error,ValueError,0,0
ase,t1ZAa57J2MFCNajl9MvY_1OfPWgZ,Gaussian,d9DagJChRxyeUKBEwzSiFw/G-I-O-P-gjf-out/P.gjf,0,error,ValueError,0,0
ase,t1ZAa57J2MFCNajl9MvY_1OfPWgZ,Gaussian,d9DagJChRxyeUKBEwzSiFw/G-I-O-P-gjf-out/P.mol,0,error,ValueError,0,0
ase,mmBkEUCvLhlfWaurOa2oymHqwRfk,Gaussian,d9DagJChRxyeUKBEwzSiFw/G-I-O-P-gjf-out/I.LOG,0,error,ValueError,0,0
ase,mmBkEUCvLhlfWaurOa2oymHqwRfk,Gaussian,d9DagJChRxyeUKBEwzSiFw/G-I-O-P-gjf-out/P.LOG,1,error,ValueError,0,0
ase,t1ZAa57J2MFCNajl9MvY_1OfPWgZ,Gaussian,d9DagJChRxyeUKBEwzSiFw/G-I-O-P-gjf-out/P.LOG,0,error,ValueError,0,0
ase,t1ZAa57J2MFCNajl9MvY_1OfPWgZ,Gaussian,d9DagJChRxyeUKBEwzSiFw/G-I-O-P-gjf-out/I.LOG,0,error,ValueError,0,0
ase,t1ZAa57J2MFCNajl9MvY_1OfPWgZ,Gaussian,d9DagJChRxyeUKBEwzSiFw/G-I-O-P-gjf-out/O.LOG,1,error,ValueError,0,0
ase,tC7Wyj5fLziOGZWl26EVnJG9qbVO,Crystal,hANwphqaSQutIGuc3x5MDA/nomad/freeWH2O/ac1_w_h2o_g1.out,0,error,StopIteration,0,0
ase,-VzNnlku0TtqTklbRuDgiXVT795E,exciting,lO1jlxxeRKKURy4Fgso_oQ/Sn2Se/1/EIGVAL.OUT,0,error,StopIteration,0,0
ase,tC7Wyj5fLziOGZWl26EVnJG9qbVO,Crystal,hANwphqaSQutIGuc3x5MDA/nomad/freeWH2O/ac1_w_h2o_g2.out,0,error,StopIteration,0,0
ase,tC7Wyj5fLziOGZWl26EVnJG9qbVO,Crystal,hANwphqaSQutIGuc3x5MDA/nomad/freeWH2O/ac2_w_h2o_g1.out,0,error,StopIteration,0,0
ase,tC7Wyj5fLziOGZWl26EVnJG9qbVO,Crystal,hANwphqaSQutIGuc3x5MDA/nomad/freeWH2O/ac4_w_h2o_g1.out,0,error,StopIteration,0,0
ase,tC7Wyj5fLziOGZWl26EVnJG9qbVO,Crystal,hANwphqaSQutIGuc3x5MDA/nomad/freeWH2O/ac2_w_h2o_g2.out,0,error,StopIteration,0,0
ase,tC7Wyj5fLziOGZWl26EVnJG9qbVO,Crystal,hANwphqaSQutIGuc3x5MDA/nomad/freeWH2O/ac2_w_h2o_g3.out,0,error,StopIteration,0,0
ase,tC7Wyj5fLziOGZWl26EVnJG9qbVO,Crystal,hANwphqaSQutIGuc3x5MDA/nomad/freeWH2O/ac4_w_h2o_g2.out,0,error,StopIteration,0,0
ase,tC7Wyj5fLziOGZWl26EVnJG9qbVO,Crystal,hANwphqaSQutIGuc3x5MDA/nomad/freeWH2O/alt1_w_h2o_g2.out,0,error,StopIteration,0,0
ase,tC7Wyj5fLziOGZWl26EVnJG9qbVO,Crystal,hANwphqaSQutIGuc3x5MDA/nomad/freeWH2O/hbn_w_h2o_g1.out,0,error,AssertionError,0,0
ase,tC7Wyj5fLziOGZWl26EVnJG9qbVO,Crystal,hANwphqaSQutIGuc3x5MDA/nomad/freeWH2O/gra_w_h2o_g1.out,0,error,AssertionError,0,0
ase,tC7Wyj5fLziOGZWl26EVnJG9qbVO,Crystal,hANwphqaSQutIGuc3x5MDA/nomad/freeWH2O/ac4_w_h2o_g3.out,0,error,StopIteration,0,0
ase,tC7Wyj5fLziOGZWl26EVnJG9qbVO,Crystal,hANwphqaSQutIGuc3x5MDA/nomad/freeWH2O/alt1_w_h2o_g3.out,0,error,StopIteration,0,0
ase,tC7Wyj5fLziOGZWl26EVnJG9qbVO,Crystal,hANwphqaSQutIGuc3x5MDA/nomad/freeWH2O/hbn_w_h2o_g2.out,1,error,AssertionError,0,0
ase,tC7Wyj5fLziOGZWl26EVnJG9qbVO,Crystal,hANwphqaSQutIGuc3x5MDA/nomad/freeWH2O/gra_w_h2o_g3.out,0,error,AssertionError,0,0
ase,tC7Wyj5fLziOGZWl26EVnJG9qbVO,Crystal,hANwphqaSQutIGuc3x5MDA/nomad/freeWH2O/alt1_w_h2o_g1.out,0,error,StopIteration,0,0
ase,tC7Wyj5fLziOGZWl26EVnJG9qbVO,Crystal,hANwphqaSQutIGuc3x5MDA/nomad/freeWH2O/gra_w_h2o_g2.out,0,error,AssertionError,0,0
ase,tC7Wyj5fLziOGZWl26EVnJG9qbVO,Crystal,hANwphqaSQutIGuc3x5MDA/nomad/freeWH2O/hbn_w_h2o_g3.out,0,error,AssertionError,0,0
ase,tC7Wyj5fLziOGZWl26EVnJG9qbVO,Crystal,hANwphqaSQutIGuc3x5MDA/nomad/freeWH2O/hbn_w_h2o_g4.out,0,error,AssertionError,0,0
ase,tC7Wyj5fLziOGZWl26EVnJG9qbVO,Crystal,hANwphqaSQutIGuc3x5MDA/nomad/freeWH2O/i1_w_h2o_g1.out,0,error,StopIteration,0,0
ase,tC7Wyj5fLziOGZWl26EVnJG9qbVO,Crystal,hANwphqaSQutIGuc3x5MDA/nomad/freeWH2O/hbn_w_h2o_g5.out,0,error,StopIteration,0,0
ase,tR8zxshg6FWPBagsaFAiBXhemCWs,Crystal,hANwphqaSQutIGuc3x5MDA/nomad/.DS_Store,0,error,UnknownFileTypeError,0,0
ase,tC7Wyj5fLziOGZWl26EVnJG9qbVO,Crystal,hANwphqaSQutIGuc3x5MDA/nomad/freeWH2O/i2_w_h2o_g1.out,0,error,StopIteration,0,0
ase,tR8zxshg6FWPBagsaFAiBXhemCWs,Crystal,hANwphqaSQutIGuc3x5MDA/nomad/BASISSETS.DAT,0,error,AttributeError,0,0
ase,tR8zxshg6FWPBagsaFAiBXhemCWs,Crystal,hANwphqaSQutIGuc3x5MDA/nomad/bcn_ac1_freq.gui,0,error,UnknownFileTypeError,0,0
ase,tC7Wyj5fLziOGZWl26EVnJG9qbVO,Crystal,hANwphqaSQutIGuc3x5MDA/nomad/freeWH2O/i1_w_h2o_g2.out,0,error,StopIteration,0,0
ase,tC7Wyj5fLziOGZWl26EVnJG9qbVO,Crystal,hANwphqaSQutIGuc3x5MDA/nomad/freeWH2O/i2_w_h2o_g3.out,0,error,StopIteration,0,0
ase,tR8zxshg6FWPBagsaFAiBXhemCWs,Crystal,hANwphqaSQutIGuc3x5MDA/nomad/bcn_ac2_freq.gui,0,error,UnknownFileTypeError,0,0
ase,tC7Wyj5fLziOGZWl26EVnJG9qbVO,Crystal,hANwphqaSQutIGuc3x5MDA/nomad/freeWH2O/zz1_w_h2o_g2.out,0,error,StopIteration,0,0
ase,tR8zxshg6FWPBagsaFAiBXhemCWs,Crystal,hANwphqaSQutIGuc3x5MDA/nomad/bcn_ac1.out,0,error,AssertionError,0,0
ase,tR8zxshg6FWPBagsaFAiBXhemCWs,Crystal,hANwphqaSQutIGuc3x5MDA/nomad/bcn_ac4_freq.gui,0,error,UnknownFileTypeError,0,0
ase,tR8zxshg6FWPBagsaFAiBXhemCWs,Crystal,hANwphqaSQutIGuc3x5MDA/nomad/bcn_ac2.out,0,error,AssertionError,0,0
ase,tC7Wyj5fLziOGZWl26EVnJG9qbVO,Crystal,hANwphqaSQutIGuc3x5MDA/nomad/freeWH2O/zz1_w_h2o_g1.out,0,error,StopIteration,0,0
ase,tR8zxshg6FWPBagsaFAiBXhemCWs,Crystal,hANwphqaSQutIGuc3x5MDA/nomad/bcn_alt1_freq.gui,0,error,UnknownFileTypeError,0,0
ase,tR8zxshg6FWPBagsaFAiBXhemCWs,Crystal,hANwphqaSQutIGuc3x5MDA/nomad/bcn_ac2_freq.out,0,error,StopIteration,0,0
ase,tR8zxshg6FWPBagsaFAiBXhemCWs,Crystal,hANwphqaSQutIGuc3x5MDA/nomad/bcn_ac4.out,0,error,AssertionError,0,0
ase,tR8zxshg6FWPBagsaFAiBXhemCWs,Crystal,hANwphqaSQutIGuc3x5MDA/nomad/bcn_i1_freq.gui,0,error,UnknownFileTypeError,0,0
ase,tC7Wyj5fLziOGZWl26EVnJG9qbVO,Crystal,hANwphqaSQutIGuc3x5MDA/nomad/freeWH2O/i2_w_h2o_g2.out,0,error,StopIteration,0,0
ase,tR8zxshg6FWPBagsaFAiBXhemCWs,Crystal,hANwphqaSQutIGuc3x5MDA/nomad/bcn_i1.out,0,error,AssertionError,0,0
ase,tR8zxshg6FWPBagsaFAiBXhemCWs,Crystal,hANwphqaSQutIGuc3x5MDA/nomad/bcn_alt1.out,0,error,AssertionError,0,0
ase,tR8zxshg6FWPBagsaFAiBXhemCWs,Crystal,hANwphqaSQutIGuc3x5MDA/nomad/bcn_ac4_freq.out,0,error,StopIteration,0,0
ase,tR8zxshg6FWPBagsaFAiBXhemCWs,Crystal,hANwphqaSQutIGuc3x5MDA/nomad/bcn_ac1_freq.out,0,error,StopIteration,0,0
ase,tR8zxshg6FWPBagsaFAiBXhemCWs,Crystal,hANwphqaSQutIGuc3x5MDA/nomad/bcn_zz1_freq.gui,0,error,UnknownFileTypeError,0,0
ase,tR8zxshg6FWPBagsaFAiBXhemCWs,Crystal,hANwphqaSQutIGuc3x5MDA/nomad/bcn_alt1_freq.out,1,error,StopIteration,0,0
ase,tR8zxshg6FWPBagsaFAiBXhemCWs,Crystal,hANwphqaSQutIGuc3x5MDA/nomad/bn_freq.gui,0,error,UnknownFileTypeError,0,0
ase,tR8zxshg6FWPBagsaFAiBXhemCWs,Crystal,hANwphqaSQutIGuc3x5MDA/nomad/bcn_i1_freq.out,0,error,StopIteration,0,0
ase,tR8zxshg6FWPBagsaFAiBXhemCWs,Crystal,hANwphqaSQutIGuc3x5MDA/nomad/bcn_i2.out,0,error,AssertionError,0,0
ase,tR8zxshg6FWPBagsaFAiBXhemCWs,Crystal,hANwphqaSQutIGuc3x5MDA/nomad/graphene_freq.gui,0,error,UnknownFileTypeError,0,0
ase,tR8zxshg6FWPBagsaFAiBXhemCWs,Crystal,hANwphqaSQutIGuc3x5MDA/nomad/bcn_i2_freq.out,0,error,StopIteration,0,0
ase,tR8zxshg6FWPBagsaFAiBXhemCWs,Crystal,hANwphqaSQutIGuc3x5MDA/nomad/bcn_zz1.out,0,error,AssertionError,0,0
ase,v4sHIzDX2HTZNHxFvmyEgJxGYvw7,ONETEP,Ohw7JTzLTpC83Y7dMv3ICg/test05/chloroform.dat,0,error,AttributeError,0,0
ase,tR8zxshg6FWPBagsaFAiBXhemCWs,Crystal,hANwphqaSQutIGuc3x5MDA/nomad/bn_1x1_opt.out,0,error,AssertionError,0,0
ase,v4sHIzDX2HTZNHxFvmyEgJxGYvw7,ONETEP,Ohw7JTzLTpC83Y7dMv3ICg/test05/test05.out,1,error,RuntimeError,0,0
ase,tR8zxshg6FWPBagsaFAiBXhemCWs,Crystal,hANwphqaSQutIGuc3x5MDA/nomad/h2o_molecule.out,0,error,AssertionError,0,0
ase,tR8zxshg6FWPBagsaFAiBXhemCWs,Crystal,hANwphqaSQutIGuc3x5MDA/nomad/graphene_1x1_opt.out,0,error,AssertionError,0,0
ase,tR8zxshg6FWPBagsaFAiBXhemCWs,Crystal,hANwphqaSQutIGuc3x5MDA/nomad/bcn_zz1_freq.out,0,error,StopIteration,0,0
ase,tR8zxshg6FWPBagsaFAiBXhemCWs,Crystal,hANwphqaSQutIGuc3x5MDA/nomad/bn_freq.out,0,error,StopIteration,0,0
ase,vB3fq6XRyt6Lf9izhaAywJ28FLt7,FHI-aims,J8c5jGFcQ3-G-DDfyz7lgg/azora-paper-nomad/solid/splitting/aZORA-SOC/ElementalMaterials/Si_DIA/band1001.out.no_soc,0,error,UnknownFileTypeError,0,0
ase,tR8zxshg6FWPBagsaFAiBXhemCWs,Crystal,hANwphqaSQutIGuc3x5MDA/nomad/graphene_freq.out,0,error,StopIteration,0,0
ase,vB3fq6XRyt6Lf9izhaAywJ28FLt7,FHI-aims,J8c5jGFcQ3-G-DDfyz7lgg/azora-paper-nomad/solid/splitting/aZORA-SOC/ElementalMaterials/Si_DIA/band1001.out,0,error,StopIteration,0,0
ase,vB3fq6XRyt6Lf9izhaAywJ28FLt7,FHI-aims,J8c5jGFcQ3-G-DDfyz7lgg/azora-paper-nomad/solid/splitting/aZORA-SOC/ElementalMaterials/Si_DIA/band1003.out.no_soc,0,error,UnknownFileTypeError,0,0
ase,vB3fq6XRyt6Lf9izhaAywJ28FLt7,FHI-aims,J8c5jGFcQ3-G-DDfyz7lgg/azora-paper-nomad/solid/splitting/aZORA-SOC/ElementalMaterials/Si_DIA/band1002.out,0,error,StopIteration,0,0
ase,vB3fq6XRyt6Lf9izhaAywJ28FLt7,FHI-aims,J8c5jGFcQ3-G-DDfyz7lgg/azora-paper-nomad/solid/splitting/aZORA-SOC/ElementalMaterials/Si_DIA/band1002.out.no_soc,0,error,UnknownFileTypeError,0,0
ase,vB3fq6XRyt6Lf9izhaAywJ28FLt7,FHI-aims,J8c5jGFcQ3-G-DDfyz7lgg/azora-paper-nomad/solid/splitting/aZORA-SOC/ElementalMaterials/Si_DIA/band1003.out,0,error,StopIteration,0,0
ase,vB3fq6XRyt6Lf9izhaAywJ28FLt7,FHI-aims,J8c5jGFcQ3-G-DDfyz7lgg/azora-paper-nomad/solid/splitting/aZORA-SOC/ElementalMaterials/Si_DIA/band1004.out.no_soc,0,error,UnknownFileTypeError,0,0
ase,vB3fq6XRyt6Lf9izhaAywJ28FLt7,FHI-aims,J8c5jGFcQ3-G-DDfyz7lgg/azora-paper-nomad/solid/splitting/aZORA-SOC/ElementalMaterials/Si_DIA/band1005.out.no_soc,0,error,UnknownFileTypeError,0,0
ase,vB3fq6XRyt6Lf9izhaAywJ28FLt7,FHI-aims,J8c5jGFcQ3-G-DDfyz7lgg/azora-paper-nomad/solid/splitting/aZORA-SOC/ElementalMaterials/Si_DIA/band1004.out,0,error,StopIteration,0,0
ase,vB3fq6XRyt6Lf9izhaAywJ28FLt7,FHI-aims,J8c5jGFcQ3-G-DDfyz7lgg/azora-paper-nomad/solid/splitting/aZORA-SOC/ElementalMaterials/Si_DIA/band1006.out.no_soc,0,error,UnknownFileTypeError,0,0
ase,vB3fq6XRyt6Lf9izhaAywJ28FLt7,FHI-aims,J8c5jGFcQ3-G-DDfyz7lgg/azora-paper-nomad/solid/splitting/aZORA-SOC/ElementalMaterials/Si_DIA/band1005.out,0,error,StopIteration,0,0
ase,vB3fq6XRyt6Lf9izhaAywJ28FLt7,FHI-aims,J8c5jGFcQ3-G-DDfyz7lgg/azora-paper-nomad/solid/splitting/aZORA-SOC/ElementalMaterials/Si_DIA/band1007.out.no_soc,0,error,UnknownFileTypeError,0,0
ase,vB3fq6XRyt6Lf9izhaAywJ28FLt7,FHI-aims,J8c5jGFcQ3-G-DDfyz7lgg/azora-paper-nomad/solid/splitting/aZORA-SOC/ElementalMaterials/Si_DIA/band1007.out,0,error,StopIteration,0,0
ase,vB3fq6XRyt6Lf9izhaAywJ28FLt7,FHI-aims,J8c5jGFcQ3-G-DDfyz7lgg/azora-paper-nomad/solid/splitting/aZORA-SOC/ElementalMaterials/Si_DIA/band1008.out.no_soc,0,error,UnknownFileTypeError,0,0
ase,vB3fq6XRyt6Lf9izhaAywJ28FLt7,FHI-aims,J8c5jGFcQ3-G-DDfyz7lgg/azora-paper-nomad/solid/splitting/aZORA-SOC/ElementalMaterials/Si_DIA/band1008.out,0,error,StopIteration,0,0
ase,vB3fq6XRyt6Lf9izhaAywJ28FLt7,FHI-aims,J8c5jGFcQ3-G-DDfyz7lgg/azora-paper-nomad/solid/splitting/aZORA-SOC/ElementalMaterials/Si_DIA/aims.out,1,success,,1,0
ase,vB3fq6XRyt6Lf9izhaAywJ28FLt7,FHI-aims,J8c5jGFcQ3-G-DDfyz7lgg/azora-paper-nomad/solid/splitting/aZORA-SOC/ElementalMaterials/Si_DIA/geometry.in,0,success,,1,0
ase,vB3fq6XRyt6Lf9izhaAywJ28FLt7,FHI-aims,J8c5jGFcQ3-G-DDfyz7lgg/azora-paper-nomad/solid/splitting/aZORA-SOC/ElementalMaterials/Si_DIA/control.in,0,error,ValueError,0,0
ase,vB3fq6XRyt6Lf9izhaAywJ28FLt7,FHI-aims,J8c5jGFcQ3-G-DDfyz7lgg/azora-paper-nomad/solid/splitting/aZORA-SOC/ElementalMaterials/Si_DIA/band1009.out.no_soc,0,error,UnknownFileTypeError,0,0
ase,vPi8BIDT5mPmTosOT8VgHB4p98VK,Crystal,hANwphqaSQutIGuc3x5MDA/nomad/BASISSETS.DAT,0,error,AttributeError,0,0
ase,vPi8BIDT5mPmTosOT8VgHB4p98VK,Crystal,hANwphqaSQutIGuc3x5MDA/nomad/bcn_ac1_freq.gui,0,error,UnknownFileTypeError,0,0
ase,vPi8BIDT5mPmTosOT8VgHB4p98VK,Crystal,hANwphqaSQutIGuc3x5MDA/nomad/.DS_Store,0,error,UnknownFileTypeError,0,0
ase,vB3fq6XRyt6Lf9izhaAywJ28FLt7,FHI-aims,J8c5jGFcQ3-G-DDfyz7lgg/azora-paper-nomad/solid/splitting/aZORA-SOC/ElementalMaterials/Si_DIA/band1006.out,0,error,StopIteration,0,0
ase,vB3fq6XRyt6Lf9izhaAywJ28FLt7,FHI-aims,J8c5jGFcQ3-G-DDfyz7lgg/azora-paper-nomad/solid/splitting/aZORA-SOC/ElementalMaterials/Si_DIA/band1010.out.no_soc,0,error,UnknownFileTypeError,0,0
ase,vPi8BIDT5mPmTosOT8VgHB4p98VK,Crystal,hANwphqaSQutIGuc3x5MDA/nomad/bcn_ac2_freq.gui,0,error,UnknownFileTypeError,0,0
ase,vB3fq6XRyt6Lf9izhaAywJ28FLt7,FHI-aims,J8c5jGFcQ3-G-DDfyz7lgg/azora-paper-nomad/solid/splitting/aZORA-SOC/ElementalMaterials/Si_DIA/band1010.out,0,error,StopIteration,0,0
ase,vB3fq6XRyt6Lf9izhaAywJ28FLt7,FHI-aims,J8c5jGFcQ3-G-DDfyz7lgg/azora-paper-nomad/solid/splitting/aZORA-SOC/ElementalMaterials/Si_DIA/band1009.out,0,error,StopIteration,0,0
ase,vPi8BIDT5mPmTosOT8VgHB4p98VK,Crystal,hANwphqaSQutIGuc3x5MDA/nomad/bcn_ac4_freq.gui,0,error,UnknownFileTypeError,0,0
ase,vPi8BIDT5mPmTosOT8VgHB4p98VK,Crystal,hANwphqaSQutIGuc3x5MDA/nomad/bcn_ac1.out,0,error,AssertionError,0,0
ase,vPi8BIDT5mPmTosOT8VgHB4p98VK,Crystal,hANwphqaSQutIGuc3x5MDA/nomad/bcn_alt1_freq.gui,0,error,UnknownFileTypeError,0,0
ase,vPi8BIDT5mPmTosOT8VgHB4p98VK,Crystal,hANwphqaSQutIGuc3x5MDA/nomad/bcn_ac2.out,0,error,AssertionError,0,0
ase,vPi8BIDT5mPmTosOT8VgHB4p98VK,Crystal,hANwphqaSQutIGuc3x5MDA/nomad/bcn_ac1_freq.out,0,error,StopIteration,0,0
ase,vPi8BIDT5mPmTosOT8VgHB4p98VK,Crystal,hANwphqaSQutIGuc3x5MDA/nomad/bcn_alt1.out,0,error,AssertionError,0,0
ase,vPi8BIDT5mPmTosOT8VgHB4p98VK,Crystal,hANwphqaSQutIGuc3x5MDA/nomad/bcn_i1_freq.gui,0,error,UnknownFileTypeError,0,0
ase,vPi8BIDT5mPmTosOT8VgHB4p98VK,Crystal,hANwphqaSQutIGuc3x5MDA/nomad/bcn_ac4.out,0,error,AssertionError,0,0
ase,vPi8BIDT5mPmTosOT8VgHB4p98VK,Crystal,hANwphqaSQutIGuc3x5MDA/nomad/bcn_i1.out,0,error,AssertionError,0,0
ase,vPi8BIDT5mPmTosOT8VgHB4p98VK,Crystal,hANwphqaSQutIGuc3x5MDA/nomad/bcn_alt1_freq.out,0,error,StopIteration,0,0
ase,vPi8BIDT5mPmTosOT8VgHB4p98VK,Crystal,hANwphqaSQutIGuc3x5MDA/nomad/bcn_ac2_freq.out,0,error,StopIteration,0,0
ase,vPi8BIDT5mPmTosOT8VgHB4p98VK,Crystal,hANwphqaSQutIGuc3x5MDA/nomad/bcn_zz1_freq.gui,0,error,UnknownFileTypeError,0,0
ase,vPi8BIDT5mPmTosOT8VgHB4p98VK,Crystal,hANwphqaSQutIGuc3x5MDA/nomad/bcn_i2.out,0,error,AssertionError,0,0
ase,vPi8BIDT5mPmTosOT8VgHB4p98VK,Crystal,hANwphqaSQutIGuc3x5MDA/nomad/bn_freq.gui,0,error,UnknownFileTypeError,0,0
ase,vPi8BIDT5mPmTosOT8VgHB4p98VK,Crystal,hANwphqaSQutIGuc3x5MDA/nomad/bcn_i1_freq.out,0,error,StopIteration,0,0
ase,vPi8BIDT5mPmTosOT8VgHB4p98VK,Crystal,hANwphqaSQutIGuc3x5MDA/nomad/bn_1x1_opt.out,1,error,AssertionError,0,0
ase,vPi8BIDT5mPmTosOT8VgHB4p98VK,Crystal,hANwphqaSQutIGuc3x5MDA/nomad/bcn_zz1.out,0,error,AssertionError,0,0
ase,vPi8BIDT5mPmTosOT8VgHB4p98VK,Crystal,hANwphqaSQutIGuc3x5MDA/nomad/graphene_freq.gui,0,error,UnknownFileTypeError,0,0
ase,vPi8BIDT5mPmTosOT8VgHB4p98VK,Crystal,hANwphqaSQutIGuc3x5MDA/nomad/bcn_ac4_freq.out,0,error,StopIteration,0,0
ase,wlvahU0yjha1T3w5ITA0rN6lkqKN,ORCA,GSCz8oRWRR2pOM5YJIHzVw/ORCA_inputs_results_pH7.4/ACE-1.inp,0,error,UnknownFileTypeError,0,0
ase,vPi8BIDT5mPmTosOT8VgHB4p98VK,Crystal,hANwphqaSQutIGuc3x5MDA/nomad/graphene_1x1_opt.out,0,error,AssertionError,0,0
ase,wlvahU0yjha1T3w5ITA0rN6lkqKN,ORCA,GSCz8oRWRR2pOM5YJIHzVw/ORCA_inputs_results_pH7.4/ACE-1par.inp,0,error,UnknownFileTypeError,0,0
ase,vPi8BIDT5mPmTosOT8VgHB4p98VK,Crystal,hANwphqaSQutIGuc3x5MDA/nomad/bcn_zz1_freq.out,0,error,StopIteration,0,0
ase,vPi8BIDT5mPmTosOT8VgHB4p98VK,Crystal,hANwphqaSQutIGuc3x5MDA/nomad/bn_freq.out,0,error,StopIteration,0,0
ase,wlvahU0yjha1T3w5ITA0rN6lkqKN,ORCA,GSCz8oRWRR2pOM5YJIHzVw/ORCA_inputs_results_pH7.4/ACE0.inp,0,error,UnknownFileTypeError,0,0
ase,wlvahU0yjha1T3w5ITA0rN6lkqKN,ORCA,GSCz8oRWRR2pOM5YJIHzVw/ORCA_inputs_results_pH7.4/ACE0par.inp,0,error,UnknownFileTypeError,0,0
ase,vPi8BIDT5mPmTosOT8VgHB4p98VK,Crystal,hANwphqaSQutIGuc3x5MDA/nomad/h2o_molecule.out,0,error,AssertionError,0,0
ase,wlvahU0yjha1T3w5ITA0rN6lkqKN,ORCA,GSCz8oRWRR2pOM5YJIHzVw/ORCA_inputs_results_pH7.4/ASA-1.inp,0,error,UnknownFileTypeError,0,0
ase,wlvahU0yjha1T3w5ITA0rN6lkqKN,ORCA,GSCz8oRWRR2pOM5YJIHzVw/ORCA_inputs_results_pH7.4/ACE-1par.out,0,error,ParseError,0,0
ase,vPi8BIDT5mPmTosOT8VgHB4p98VK,Crystal,hANwphqaSQutIGuc3x5MDA/nomad/graphene_freq.out,0,error,StopIteration,0,0
ase,wlvahU0yjha1T3w5ITA0rN6lkqKN,ORCA,GSCz8oRWRR2pOM5YJIHzVw/ORCA_inputs_results_pH7.4/ASA-1par.inp,0,error,UnknownFileTypeError,0,0
ase,wlvahU0yjha1T3w5ITA0rN6lkqKN,ORCA,GSCz8oRWRR2pOM5YJIHzVw/ORCA_inputs_results_pH7.4/ASA0.inp,0,error,UnknownFileTypeError,0,0
ase,vPi8BIDT5mPmTosOT8VgHB4p98VK,Crystal,hANwphqaSQutIGuc3x5MDA/nomad/bcn_i2_freq.out,0,error,StopIteration,0,0
ase,wlvahU0yjha1T3w5ITA0rN6lkqKN,ORCA,GSCz8oRWRR2pOM5YJIHzVw/ORCA_inputs_results_pH7.4/ASA0par.inp,0,error,UnknownFileTypeError,0,0
ase,wlvahU0yjha1T3w5ITA0rN6lkqKN,ORCA,GSCz8oRWRR2pOM5YJIHzVw/ORCA_inputs_results_pH7.4/ACE0.out,0,error,ValueError,0,0
ase,wlvahU0yjha1T3w5ITA0rN6lkqKN,ORCA,GSCz8oRWRR2pOM5YJIHzVw/ORCA_inputs_results_pH7.4/BEN0.inp,0,error,UnknownFileTypeError,0,0
ase,wlvahU0yjha1T3w5ITA0rN6lkqKN,ORCA,GSCz8oRWRR2pOM5YJIHzVw/ORCA_inputs_results_pH7.4/ACE-1.out,0,error,ValueError,0,0
ase,wlvahU0yjha1T3w5ITA0rN6lkqKN,ORCA,GSCz8oRWRR2pOM5YJIHzVw/ORCA_inputs_results_pH7.4/BEN0par.inp,0,error,UnknownFileTypeError,0,0
ase,wlvahU0yjha1T3w5ITA0rN6lkqKN,ORCA,GSCz8oRWRR2pOM5YJIHzVw/ORCA_inputs_results_pH7.4/ACE0par.out,0,error,ParseError,0,0
ase,wlvahU0yjha1T3w5ITA0rN6lkqKN,ORCA,GSCz8oRWRR2pOM5YJIHzVw/ORCA_inputs_results_pH7.4/CAF0.inp,0,error,UnknownFileTypeError,0,0
ase,wlvahU0yjha1T3w5ITA0rN6lkqKN,ORCA,GSCz8oRWRR2pOM5YJIHzVw/ORCA_inputs_results_pH7.4/ASA-1.out,0,error,ValueError,0,0
ase,wlvahU0yjha1T3w5ITA0rN6lkqKN,ORCA,GSCz8oRWRR2pOM5YJIHzVw/ORCA_inputs_results_pH7.4/CAF0par.inp,0,error,UnknownFileTypeError,0,0
ase,wlvahU0yjha1T3w5ITA0rN6lkqKN,ORCA,GSCz8oRWRR2pOM5YJIHzVw/ORCA_inputs_results_pH7.4/ASA-1par.out,0,error,ParseError,0,0
ase,wlvahU0yjha1T3w5ITA0rN6lkqKN,ORCA,GSCz8oRWRR2pOM5YJIHzVw/ORCA_inputs_results_pH7.4/BEN0.out,0,error,ValueError,0,0
ase,wlvahU0yjha1T3w5ITA0rN6lkqKN,ORCA,GSCz8oRWRR2pOM5YJIHzVw/ORCA_inputs_results_pH7.4/CBZ0.inp,0,error,UnknownFileTypeError,0,0
ase,wlvahU0yjha1T3w5ITA0rN6lkqKN,ORCA,GSCz8oRWRR2pOM5YJIHzVw/ORCA_inputs_results_pH7.4/CBZ0par.inp,0,error,UnknownFileTypeError,0,0
ase,wlvahU0yjha1T3w5ITA0rN6lkqKN,ORCA,GSCz8oRWRR2pOM5YJIHzVw/ORCA_inputs_results_pH7.4/ASA0par.out,0,error,ParseError,0,0
ase,wlvahU0yjha1T3w5ITA0rN6lkqKN,ORCA,GSCz8oRWRR2pOM5YJIHzVw/ORCA_inputs_results_pH7.4/DCL0.inp,0,error,UnknownFileTypeError,0,0
ase,wlvahU0yjha1T3w5ITA0rN6lkqKN,ORCA,GSCz8oRWRR2pOM5YJIHzVw/ORCA_inputs_results_pH7.4/CAF0par.out,0,error,ParseError,0,0
ase,wlvahU0yjha1T3w5ITA0rN6lkqKN,ORCA,GSCz8oRWRR2pOM5YJIHzVw/ORCA_inputs_results_pH7.4/DCL0par.inp,0,error,UnknownFileTypeError,0,0
ase,wlvahU0yjha1T3w5ITA0rN6lkqKN,ORCA,GSCz8oRWRR2pOM5YJIHzVw/ORCA_inputs_results_pH7.4/BEN0par.out,0,error,ParseError,0,0
ase,wlvahU0yjha1T3w5ITA0rN6lkqKN,ORCA,GSCz8oRWRR2pOM5YJIHzVw/ORCA_inputs_results_pH7.4/GGG-2.inp,0,error,UnknownFileTypeError,0,0
ase,wlvahU0yjha1T3w5ITA0rN6lkqKN,ORCA,GSCz8oRWRR2pOM5YJIHzVw/ORCA_inputs_results_pH7.4/CBZ0par.out,0,error,ParseError,0,0
ase,wlvahU0yjha1T3w5ITA0rN6lkqKN,ORCA,GSCz8oRWRR2pOM5YJIHzVw/ORCA_inputs_results_pH7.4/GGG-2par.inp,0,error,UnknownFileTypeError,0,0
ase,wlvahU0yjha1T3w5ITA0rN6lkqKN,ORCA,GSCz8oRWRR2pOM5YJIHzVw/ORCA_inputs_results_pH7.4/ASA0.out,0,error,ValueError,0,0
ase,wlvahU0yjha1T3w5ITA0rN6lkqKN,ORCA,GSCz8oRWRR2pOM5YJIHzVw/ORCA_inputs_results_pH7.4/DCL0par.out,0,error,ParseError,0,0
ase,wlvahU0yjha1T3w5ITA0rN6lkqKN,ORCA,GSCz8oRWRR2pOM5YJIHzVw/ORCA_inputs_results_pH7.4/IBU-1.inp,0,error,UnknownFileTypeError,0,0
ase,wlvahU0yjha1T3w5ITA0rN6lkqKN,ORCA,GSCz8oRWRR2pOM5YJIHzVw/ORCA_inputs_results_pH7.4/CBZ0.out,0,error,ValueError,0,0
ase,wlvahU0yjha1T3w5ITA0rN6lkqKN,ORCA,GSCz8oRWRR2pOM5YJIHzVw/ORCA_inputs_results_pH7.4/IBU-1par.inp,0,error,UnknownFileTypeError,0,0
ase,wlvahU0yjha1T3w5ITA0rN6lkqKN,ORCA,GSCz8oRWRR2pOM5YJIHzVw/ORCA_inputs_results_pH7.4/IBU0.inp,0,error,UnknownFileTypeError,0,0
ase,wlvahU0yjha1T3w5ITA0rN6lkqKN,ORCA,GSCz8oRWRR2pOM5YJIHzVw/ORCA_inputs_results_pH7.4/CAF0.out,0,error,ValueError,0,0
ase,wlvahU0yjha1T3w5ITA0rN6lkqKN,ORCA,GSCz8oRWRR2pOM5YJIHzVw/ORCA_inputs_results_pH7.4/IBU0par.inp,0,error,UnknownFileTypeError,0,0
ase,wlvahU0yjha1T3w5ITA0rN6lkqKN,ORCA,GSCz8oRWRR2pOM5YJIHzVw/ORCA_inputs_results_pH7.4/DCL0.out,0,error,ValueError,0,0
ase,wlvahU0yjha1T3w5ITA0rN6lkqKN,ORCA,GSCz8oRWRR2pOM5YJIHzVw/ORCA_inputs_results_pH7.4/SLC-1.inp,0,error,UnknownFileTypeError,0,0
ase,wlvahU0yjha1T3w5ITA0rN6lkqKN,ORCA,GSCz8oRWRR2pOM5YJIHzVw/ORCA_inputs_results_pH7.4/GGG-2par.out,0,error,ParseError,0,0
ase,wlvahU0yjha1T3w5ITA0rN6lkqKN,ORCA,GSCz8oRWRR2pOM5YJIHzVw/ORCA_inputs_results_pH7.4/SLC-1par.inp,0,error,UnknownFileTypeError,0,0
ase,wlvahU0yjha1T3w5ITA0rN6lkqKN,ORCA,GSCz8oRWRR2pOM5YJIHzVw/ORCA_inputs_results_pH7.4/IBU-1par.out,0,error,ParseError,0,0
ase,wlvahU0yjha1T3w5ITA0rN6lkqKN,ORCA,GSCz8oRWRR2pOM5YJIHzVw/ORCA_inputs_results_pH7.4/GGG-2.out,0,error,ValueError,0,0
ase,wlvahU0yjha1T3w5ITA0rN6lkqKN,ORCA,GSCz8oRWRR2pOM5YJIHzVw/ORCA_inputs_results_pH7.4/SLC0.inp,0,error,UnknownFileTypeError,0,0
ase,wlvahU0yjha1T3w5ITA0rN6lkqKN,ORCA,GSCz8oRWRR2pOM5YJIHzVw/ORCA_inputs_results_pH7.4/SLC0par.inp,0,error,UnknownFileTypeError,0,0
ase,wlvahU0yjha1T3w5ITA0rN6lkqKN,ORCA,GSCz8oRWRR2pOM5YJIHzVw/ORCA_inputs_results_pH7.4/IBU0par.out,0,error,ParseError,0,0
ase,wlvahU0yjha1T3w5ITA0rN6lkqKN,ORCA,GSCz8oRWRR2pOM5YJIHzVw/ORCA_inputs_results_pH7.4/TTR-1.inp,0,error,UnknownFileTypeError,0,0
ase,wlvahU0yjha1T3w5ITA0rN6lkqKN,ORCA,GSCz8oRWRR2pOM5YJIHzVw/ORCA_inputs_results_pH7.4/SLC-1par.out,0,error,ParseError,0,0
ase,wlvahU0yjha1T3w5ITA0rN6lkqKN,ORCA,GSCz8oRWRR2pOM5YJIHzVw/ORCA_inputs_results_pH7.4/SLC0par.out,0,error,ParseError,0,0
ase,wlvahU0yjha1T3w5ITA0rN6lkqKN,ORCA,GSCz8oRWRR2pOM5YJIHzVw/ORCA_inputs_results_pH7.4/TTR-1par.inp,0,error,UnknownFileTypeError,0,0
ase,wlvahU0yjha1T3w5ITA0rN6lkqKN,ORCA,GSCz8oRWRR2pOM5YJIHzVw/ORCA_inputs_results_pH7.4/TTR-2.inp,0,error,UnknownFileTypeError,0,0
ase,wlvahU0yjha1T3w5ITA0rN6lkqKN,ORCA,GSCz8oRWRR2pOM5YJIHzVw/ORCA_inputs_results_pH7.4/IBU-1.out,0,error,ValueError,0,0
ase,wlvahU0yjha1T3w5ITA0rN6lkqKN,ORCA,GSCz8oRWRR2pOM5YJIHzVw/ORCA_inputs_results_pH7.4/TTR-2par.inp,0,error,UnknownFileTypeError,0,0
ase,wlvahU0yjha1T3w5ITA0rN6lkqKN,ORCA,GSCz8oRWRR2pOM5YJIHzVw/ORCA_inputs_results_pH7.4/SLC0.out,0,error,ValueError,0,0
ase,wlvahU0yjha1T3w5ITA0rN6lkqKN,ORCA,GSCz8oRWRR2pOM5YJIHzVw/ORCA_inputs_results_pH7.4/VLP-1.inp,0,error,UnknownFileTypeError,0,0
ase,wlvahU0yjha1T3w5ITA0rN6lkqKN,ORCA,GSCz8oRWRR2pOM5YJIHzVw/ORCA_inputs_results_pH7.4/SLC-1.out,0,error,ValueError,0,0
ase,wlvahU0yjha1T3w5ITA0rN6lkqKN,ORCA,GSCz8oRWRR2pOM5YJIHzVw/ORCA_inputs_results_pH7.4/VLP-1par.inp,0,error,UnknownFileTypeError,0,0
ase,wlvahU0yjha1T3w5ITA0rN6lkqKN,ORCA,GSCz8oRWRR2pOM5YJIHzVw/ORCA_inputs_results_pH7.4/TTR-1par.out,0,error,ParseError,0,0
ase,wlvahU0yjha1T3w5ITA0rN6lkqKN,ORCA,GSCz8oRWRR2pOM5YJIHzVw/ORCA_inputs_results_pH7.4/VLP0.inp,0,error,UnknownFileTypeError,0,0
ase,wlvahU0yjha1T3w5ITA0rN6lkqKN,ORCA,GSCz8oRWRR2pOM5YJIHzVw/ORCA_inputs_results_pH7.4/IBU0.out,0,error,ValueError,0,0
ase,wlvahU0yjha1T3w5ITA0rN6lkqKN,ORCA,GSCz8oRWRR2pOM5YJIHzVw/ORCA_inputs_results_pH7.4/VLP0par.inp,0,error,UnknownFileTypeError,0,0
ase,wlvahU0yjha1T3w5ITA0rN6lkqKN,ORCA,GSCz8oRWRR2pOM5YJIHzVw/ORCA_inputs_results_pH7.4/TTR-2par.out,0,error,ParseError,0,0
ase,xt8vl0QFelP266phNABAe83kpnf_,LAMMPS,fRCEh8wEQ0u4VG--8N9LLQ/NOMAD/diffusion/nu1000_solo/c4/1d0/LAMMPS.stderr,0,error,UnknownFileTypeError,0,0
ase,wlvahU0yjha1T3w5ITA0rN6lkqKN,ORCA,GSCz8oRWRR2pOM5YJIHzVw/ORCA_inputs_results_pH7.4/VLP-1par.out,0,error,ParseError,0,0
ase,xt8vl0QFelP266phNABAe83kpnf_,LAMMPS,fRCEh8wEQ0u4VG--8N9LLQ/NOMAD/diffusion/nu1000_solo/c4/1d0/NU1000h2o_2_2_2but.min.csv,0,error,UnknownFileTypeError,0,0
ase,wlvahU0yjha1T3w5ITA0rN6lkqKN,ORCA,GSCz8oRWRR2pOM5YJIHzVw/ORCA_inputs_results_pH7.4/VLP0par.out,0,error,ParseError,0,0
ase,xt8vl0QFelP266phNABAe83kpnf_,LAMMPS,fRCEh8wEQ0u4VG--8N9LLQ/NOMAD/diffusion/nu1000_solo/c4/1d0/in.lammps,0,error,UnknownFileTypeError,0,0
ase,xt8vl0QFelP266phNABAe83kpnf_,LAMMPS,fRCEh8wEQ0u4VG--8N9LLQ/NOMAD/diffusion/nu1000_solo/c4/1d0/log.lammps,1,error,UnknownFileTypeError,0,0
ase,wlvahU0yjha1T3w5ITA0rN6lkqKN,ORCA,GSCz8oRWRR2pOM5YJIHzVw/ORCA_inputs_results_pH7.4/VLP0.out,0,error,ValueError,0,0
ase,wlvahU0yjha1T3w5ITA0rN6lkqKN,ORCA,GSCz8oRWRR2pOM5YJIHzVw/ORCA_inputs_results_pH7.4/VLP-1.out,0,error,ValueError,0,0
ase,xt8vl0QFelP266phNABAe83kpnf_,LAMMPS,fRCEh8wEQ0u4VG--8N9LLQ/NOMAD/diffusion/nu1000_solo/c4/1d0/LAMMPS.stdout,0,error,UnknownFileTypeError,0,0
ase,xt8vl0QFelP266phNABAe83kpnf_,LAMMPS,fRCEh8wEQ0u4VG--8N9LLQ/NOMAD/diffusion/nu1000_solo/c4/1d0/log.NU1000h2o_2_2_2but,0,error,UnknownFileTypeError,0,0
ase,xt8vl0QFelP266phNABAe83kpnf_,LAMMPS,fRCEh8wEQ0u4VG--8N9LLQ/NOMAD/diffusion/nu1000_solo/c4/1d0/nvt.equil,0,error,UnknownFileTypeError,0,0
ase,wlvahU0yjha1T3w5ITA0rN6lkqKN,ORCA,GSCz8oRWRR2pOM5YJIHzVw/ORCA_inputs_results_pH7.4/TTR-1.out,1,error,ValueError,0,0
ase,xt8vl0QFelP266phNABAe83kpnf_,LAMMPS,fRCEh8wEQ0u4VG--8N9LLQ/NOMAD/diffusion/nu1000_solo/c4/1d0/olefin.data,0,error,UnknownFileTypeError,0,0
ase,yEZZiai9gtACrSbYUU83cXkiNyaj,Octopus,uxiinuyeSW2ZjDlc1HXdhQ/inp,0,error,FileNotFoundError,0,0
ase,xt8vl0QFelP266phNABAe83kpnf_,LAMMPS,fRCEh8wEQ0u4VG--8N9LLQ/NOMAD/diffusion/nu1000_solo/c4/1d0/opt.equil,0,error,UnknownFileTypeError,0,0
ase,yEZZiai9gtACrSbYUU83cXkiNyaj,Octopus,uxiinuyeSW2ZjDlc1HXdhQ/eps_diff,0,error,UnknownFileTypeError,0,0
ase,yEZZiai9gtACrSbYUU83cXkiNyaj,Octopus,uxiinuyeSW2ZjDlc1HXdhQ/00065,0,error,UnknownFileTypeError,0,0
ase,yEZZiai9gtACrSbYUU83cXkiNyaj,Octopus,uxiinuyeSW2ZjDlc1HXdhQ/output.out,1,error,StopIteration,0,0
ase,yEZZiai9gtACrSbYUU83cXkiNyaj,Octopus,uxiinuyeSW2ZjDlc1HXdhQ/spectrum.casida,0,error,UnknownFileTypeError,0,0
ase,yL5fT-q_8F2Lr1V5JDlKGy2y4bq1,NWChem,GMuZUSYeTeK1gsEVmecjKg/separableRI_nomad_v2/NWChem/Def2TZVP/molecules/hf/09_naphthalene_NWChem_noRI_HF_Def2TZVP/input.nw,0,error,UnknownFileTypeError,0,0
ase,yEZZiai9gtACrSbYUU83cXkiNyaj,Octopus,uxiinuyeSW2ZjDlc1HXdhQ/casida,0,error,UnknownFileTypeError,0,0
ase,yEZZiai9gtACrSbYUU83cXkiNyaj,Octopus,uxiinuyeSW2ZjDlc1HXdhQ/spectrum.tamm_dancoff,0,error,UnknownFileTypeError,0,0
ase,yaQiW-Ljx4WRhLuxNZwTrV9z7ENm,NWChem,GMuZUSYeTeK1gsEVmecjKg/separableRI_nomad_v2/NWChem/Def2TZVP/molecules/hf/23_acetamide_NWChem_noRI_HF_Def2TZVP/input.nw,0,error,UnknownFileTypeError,0,0
ase,ycOSC5qaQYF65znrTjRKG9I6TaV9,CP2K,HgarHl1tSluBF-5bhZPOfA/Inputs_Outputs_Periodic_Small_Cell_GW_TMDC-master/Figure_9/MoS2/Window_100/SZV_MOLOPT/GW.inp,0,error,UnknownFileTypeError,0,0
ase,yEZZiai9gtACrSbYUU83cXkiNyaj,Octopus,uxiinuyeSW2ZjDlc1HXdhQ/tamm_dancoff,0,error,UnknownFileTypeError,0,0
ase,ycOSC5qaQYF65znrTjRKG9I6TaV9,CP2K,HgarHl1tSluBF-5bhZPOfA/Inputs_Outputs_Periodic_Small_Cell_GW_TMDC-master/Figure_9/MoS2/Window_100/SZV_MOLOPT/bandstructure_SCF_and_G0W0_plus_SOC,0,error,UnknownFileTypeError,0,0
ase,yiSp6LrFJxEf5dzspbOX_PyFDJ-j,CP2K,HgarHl1tSluBF-5bhZPOfA/Inputs_Outputs_Periodic_Small_Cell_GW_TMDC-master/Figure_9/WSe2/Window_10/TZVP_MOLOPT/GW.inp,0,error,UnknownFileTypeError,0,0
ase,yEZZiai9gtACrSbYUU83cXkiNyaj,Octopus,uxiinuyeSW2ZjDlc1HXdhQ/spectrum.eps_diff,0,error,UnknownFileTypeError,0,0
ase,yaQiW-Ljx4WRhLuxNZwTrV9z7ENm,NWChem,GMuZUSYeTeK1gsEVmecjKg/separableRI_nomad_v2/NWChem/Def2TZVP/molecules/hf/23_acetamide_NWChem_noRI_HF_Def2TZVP/output.out,1,error,IndexError,0,0
ase,ytbyrwLI-BvnJ1ZFekukJC0IbVjo,ORCA,GSCz8oRWRR2pOM5YJIHzVw/ORCA_inputs_results_pH7.4/ACE-1.inp,0,error,UnknownFileTypeError,0,0
ase,wlvahU0yjha1T3w5ITA0rN6lkqKN,ORCA,GSCz8oRWRR2pOM5YJIHzVw/ORCA_inputs_results_pH7.4/TTR-2.out,0,error,ValueError,0,0
ase,ytbyrwLI-BvnJ1ZFekukJC0IbVjo,ORCA,GSCz8oRWRR2pOM5YJIHzVw/ORCA_inputs_results_pH7.4/ACE-1par.inp,0,error,UnknownFileTypeError,0,0
ase,ycOSC5qaQYF65znrTjRKG9I6TaV9,CP2K,HgarHl1tSluBF-5bhZPOfA/Inputs_Outputs_Periodic_Small_Cell_GW_TMDC-master/Figure_9/MoS2/Window_100/SZV_MOLOPT/cp2k.out,1,error,StopIteration,0,0
ase,ytbyrwLI-BvnJ1ZFekukJC0IbVjo,ORCA,GSCz8oRWRR2pOM5YJIHzVw/ORCA_inputs_results_pH7.4/ACE-1par.out,0,error,ParseError,0,0
ase,ytbyrwLI-BvnJ1ZFekukJC0IbVjo,ORCA,GSCz8oRWRR2pOM5YJIHzVw/ORCA_inputs_results_pH7.4/ACE-1.out,0,error,ValueError,0,0
ase,ytbyrwLI-BvnJ1ZFekukJC0IbVjo,ORCA,GSCz8oRWRR2pOM5YJIHzVw/ORCA_inputs_results_pH7.4/ACE0.inp,0,error,UnknownFileTypeError,0,0
ase,ytbyrwLI-BvnJ1ZFekukJC0IbVjo,ORCA,GSCz8oRWRR2pOM5YJIHzVw/ORCA_inputs_results_pH7.4/ACE0par.inp,0,error,UnknownFileTypeError,0,0
ase,ytbyrwLI-BvnJ1ZFekukJC0IbVjo,ORCA,GSCz8oRWRR2pOM5YJIHzVw/ORCA_inputs_results_pH7.4/ASA-1.inp,0,error,UnknownFileTypeError,0,0
ase,yiSp6LrFJxEf5dzspbOX_PyFDJ-j,CP2K,HgarHl1tSluBF-5bhZPOfA/Inputs_Outputs_Periodic_Small_Cell_GW_TMDC-master/Figure_9/WSe2/Window_10/TZVP_MOLOPT/bandstructure_SCF_and_G0W0_plus_SOC,0,error,UnknownFileTypeError,0,0
ase,ytbyrwLI-BvnJ1ZFekukJC0IbVjo,ORCA,GSCz8oRWRR2pOM5YJIHzVw/ORCA_inputs_results_pH7.4/ASA-1par.inp,0,error,UnknownFileTypeError,0,0
ase,yL5fT-q_8F2Lr1V5JDlKGy2y4bq1,NWChem,GMuZUSYeTeK1gsEVmecjKg/separableRI_nomad_v2/NWChem/Def2TZVP/molecules/hf/09_naphthalene_NWChem_noRI_HF_Def2TZVP/output.out,1,error,IndexError,0,0
ase,ytbyrwLI-BvnJ1ZFekukJC0IbVjo,ORCA,GSCz8oRWRR2pOM5YJIHzVw/ORCA_inputs_results_pH7.4/ASA0.inp,0,error,UnknownFileTypeError,0,0
ase,yiSp6LrFJxEf5dzspbOX_PyFDJ-j,CP2K,HgarHl1tSluBF-5bhZPOfA/Inputs_Outputs_Periodic_Small_Cell_GW_TMDC-master/Figure_9/WSe2/Window_10/TZVP_MOLOPT/cp2k.out,1,error,StopIteration,0,0
ase,ytbyrwLI-BvnJ1ZFekukJC0IbVjo,ORCA,GSCz8oRWRR2pOM5YJIHzVw/ORCA_inputs_results_pH7.4/ASA0par.inp,0,error,UnknownFileTypeError,0,0
ase,ytbyrwLI-BvnJ1ZFekukJC0IbVjo,ORCA,GSCz8oRWRR2pOM5YJIHzVw/ORCA_inputs_results_pH7.4/ACE0par.out,1,error,ParseError,0,0
ase,ytbyrwLI-BvnJ1ZFekukJC0IbVjo,ORCA,GSCz8oRWRR2pOM5YJIHzVw/ORCA_inputs_results_pH7.4/BEN0.inp,0,error,UnknownFileTypeError,0,0
ase,xt8vl0QFelP266phNABAe83kpnf_,LAMMPS,fRCEh8wEQ0u4VG--8N9LLQ/NOMAD/diffusion/nu1000_solo/c4/1d0/msd.dat,0,error,AttributeError,0,0
ase,ytbyrwLI-BvnJ1ZFekukJC0IbVjo,ORCA,GSCz8oRWRR2pOM5YJIHzVw/ORCA_inputs_results_pH7.4/BEN0par.inp,0,error,UnknownFileTypeError,0,0
ase,ytbyrwLI-BvnJ1ZFekukJC0IbVjo,ORCA,GSCz8oRWRR2pOM5YJIHzVw/ORCA_inputs_results_pH7.4/ACE0.out,0,error,ValueError,0,0
ase,ytbyrwLI-BvnJ1ZFekukJC0IbVjo,ORCA,GSCz8oRWRR2pOM5YJIHzVw/ORCA_inputs_results_pH7.4/ASA-1.out,0,error,ValueError,0,0
ase,ytbyrwLI-BvnJ1ZFekukJC0IbVjo,ORCA,GSCz8oRWRR2pOM5YJIHzVw/ORCA_inputs_results_pH7.4/CAF0.inp,0,error,UnknownFileTypeError,0,0
ase,ytbyrwLI-BvnJ1ZFekukJC0IbVjo,ORCA,GSCz8oRWRR2pOM5YJIHzVw/ORCA_inputs_results_pH7.4/ASA-1par.out,0,error,ParseError,0,0
ase,ytbyrwLI-BvnJ1ZFekukJC0IbVjo,ORCA,GSCz8oRWRR2pOM5YJIHzVw/ORCA_inputs_results_pH7.4/CAF0par.inp,0,error,UnknownFileTypeError,0,0
ase,ytbyrwLI-BvnJ1ZFekukJC0IbVjo,ORCA,GSCz8oRWRR2pOM5YJIHzVw/ORCA_inputs_results_pH7.4/CBZ0.inp,0,error,UnknownFileTypeError,0,0
ase,ytbyrwLI-BvnJ1ZFekukJC0IbVjo,ORCA,GSCz8oRWRR2pOM5YJIHzVw/ORCA_inputs_results_pH7.4/ASA0par.out,0,error,ParseError,0,0
ase,ytbyrwLI-BvnJ1ZFekukJC0IbVjo,ORCA,GSCz8oRWRR2pOM5YJIHzVw/ORCA_inputs_results_pH7.4/BEN0par.out,0,error,ParseError,0,0
ase,ytbyrwLI-BvnJ1ZFekukJC0IbVjo,ORCA,GSCz8oRWRR2pOM5YJIHzVw/ORCA_inputs_results_pH7.4/CBZ0par.inp,0,error,UnknownFileTypeError,0,0
ase,ytbyrwLI-BvnJ1ZFekukJC0IbVjo,ORCA,GSCz8oRWRR2pOM5YJIHzVw/ORCA_inputs_results_pH7.4/DCL0.inp,0,error,UnknownFileTypeError,0,0
ase,ytbyrwLI-BvnJ1ZFekukJC0IbVjo,ORCA,GSCz8oRWRR2pOM5YJIHzVw/ORCA_inputs_results_pH7.4/ASA0.out,0,error,ValueError,0,0
ase,ytbyrwLI-BvnJ1ZFekukJC0IbVjo,ORCA,GSCz8oRWRR2pOM5YJIHzVw/ORCA_inputs_results_pH7.4/DCL0par.inp,0,error,UnknownFileTypeError,0,0
ase,ytbyrwLI-BvnJ1ZFekukJC0IbVjo,ORCA,GSCz8oRWRR2pOM5YJIHzVw/ORCA_inputs_results_pH7.4/BEN0.out,0,error,ValueError,0,0
ase,ytbyrwLI-BvnJ1ZFekukJC0IbVjo,ORCA,GSCz8oRWRR2pOM5YJIHzVw/ORCA_inputs_results_pH7.4/CAF0par.out,0,error,ParseError,0,0
ase,ytbyrwLI-BvnJ1ZFekukJC0IbVjo,ORCA,GSCz8oRWRR2pOM5YJIHzVw/ORCA_inputs_results_pH7.4/GGG-2.inp,0,error,UnknownFileTypeError,0,0
ase,ytbyrwLI-BvnJ1ZFekukJC0IbVjo,ORCA,GSCz8oRWRR2pOM5YJIHzVw/ORCA_inputs_results_pH7.4/GGG-2par.inp,0,error,UnknownFileTypeError,0,0
ase,ytbyrwLI-BvnJ1ZFekukJC0IbVjo,ORCA,GSCz8oRWRR2pOM5YJIHzVw/ORCA_inputs_results_pH7.4/DCL0par.out,0,error,ParseError,0,0
ase,ytbyrwLI-BvnJ1ZFekukJC0IbVjo,ORCA,GSCz8oRWRR2pOM5YJIHzVw/ORCA_inputs_results_pH7.4/CBZ0par.out,0,error,ParseError,0,0
ase,ytbyrwLI-BvnJ1ZFekukJC0IbVjo,ORCA,GSCz8oRWRR2pOM5YJIHzVw/ORCA_inputs_results_pH7.4/IBU-1.inp,0,error,UnknownFileTypeError,0,0
ase,ytbyrwLI-BvnJ1ZFekukJC0IbVjo,ORCA,GSCz8oRWRR2pOM5YJIHzVw/ORCA_inputs_results_pH7.4/IBU-1par.inp,0,error,UnknownFileTypeError,0,0
ase,ytbyrwLI-BvnJ1ZFekukJC0IbVjo,ORCA,GSCz8oRWRR2pOM5YJIHzVw/ORCA_inputs_results_pH7.4/DCL0.out,0,error,ValueError,0,0
ase,ytbyrwLI-BvnJ1ZFekukJC0IbVjo,ORCA,GSCz8oRWRR2pOM5YJIHzVw/ORCA_inputs_results_pH7.4/IBU0.inp,0,error,UnknownFileTypeError,0,0
ase,ytbyrwLI-BvnJ1ZFekukJC0IbVjo,ORCA,GSCz8oRWRR2pOM5YJIHzVw/ORCA_inputs_results_pH7.4/IBU-1par.out,0,error,ParseError,0,0
ase,ytbyrwLI-BvnJ1ZFekukJC0IbVjo,ORCA,GSCz8oRWRR2pOM5YJIHzVw/ORCA_inputs_results_pH7.4/GGG-2par.out,0,error,ParseError,0,0
ase,ytbyrwLI-BvnJ1ZFekukJC0IbVjo,ORCA,GSCz8oRWRR2pOM5YJIHzVw/ORCA_inputs_results_pH7.4/IBU0par.inp,0,error,UnknownFileTypeError,0,0
ase,ytbyrwLI-BvnJ1ZFekukJC0IbVjo,ORCA,GSCz8oRWRR2pOM5YJIHzVw/ORCA_inputs_results_pH7.4/CAF0.out,0,error,ValueError,0,0
ase,ytbyrwLI-BvnJ1ZFekukJC0IbVjo,ORCA,GSCz8oRWRR2pOM5YJIHzVw/ORCA_inputs_results_pH7.4/SLC-1.inp,0,error,UnknownFileTypeError,0,0
ase,ytbyrwLI-BvnJ1ZFekukJC0IbVjo,ORCA,GSCz8oRWRR2pOM5YJIHzVw/ORCA_inputs_results_pH7.4/SLC-1par.inp,0,error,UnknownFileTypeError,0,0
ase,ytbyrwLI-BvnJ1ZFekukJC0IbVjo,ORCA,GSCz8oRWRR2pOM5YJIHzVw/ORCA_inputs_results_pH7.4/GGG-2.out,0,error,ValueError,0,0
ase,ytbyrwLI-BvnJ1ZFekukJC0IbVjo,ORCA,GSCz8oRWRR2pOM5YJIHzVw/ORCA_inputs_results_pH7.4/SLC0.inp,0,error,UnknownFileTypeError,0,0
ase,ytbyrwLI-BvnJ1ZFekukJC0IbVjo,ORCA,GSCz8oRWRR2pOM5YJIHzVw/ORCA_inputs_results_pH7.4/CBZ0.out,0,error,ValueError,0,0
ase,ytbyrwLI-BvnJ1ZFekukJC0IbVjo,ORCA,GSCz8oRWRR2pOM5YJIHzVw/ORCA_inputs_results_pH7.4/SLC0par.inp,0,error,UnknownFileTypeError,0,0
ase,ytbyrwLI-BvnJ1ZFekukJC0IbVjo,ORCA,GSCz8oRWRR2pOM5YJIHzVw/ORCA_inputs_results_pH7.4/IBU0par.out,0,error,ParseError,0,0
ase,ytbyrwLI-BvnJ1ZFekukJC0IbVjo,ORCA,GSCz8oRWRR2pOM5YJIHzVw/ORCA_inputs_results_pH7.4/TTR-1.inp,0,error,UnknownFileTypeError,0,0
ase,ytbyrwLI-BvnJ1ZFekukJC0IbVjo,ORCA,GSCz8oRWRR2pOM5YJIHzVw/ORCA_inputs_results_pH7.4/IBU-1.out,0,error,ValueError,0,0
ase,ytbyrwLI-BvnJ1ZFekukJC0IbVjo,ORCA,GSCz8oRWRR2pOM5YJIHzVw/ORCA_inputs_results_pH7.4/TTR-1par.inp,0,error,UnknownFileTypeError,0,0
ase,ytbyrwLI-BvnJ1ZFekukJC0IbVjo,ORCA,GSCz8oRWRR2pOM5YJIHzVw/ORCA_inputs_results_pH7.4/SLC-1par.out,0,error,ParseError,0,0
ase,ytbyrwLI-BvnJ1ZFekukJC0IbVjo,ORCA,GSCz8oRWRR2pOM5YJIHzVw/ORCA_inputs_results_pH7.4/SLC0.out,0,error,ValueError,0,0
ase,ytbyrwLI-BvnJ1ZFekukJC0IbVjo,ORCA,GSCz8oRWRR2pOM5YJIHzVw/ORCA_inputs_results_pH7.4/IBU0.out,0,error,ValueError,0,0
ase,ytbyrwLI-BvnJ1ZFekukJC0IbVjo,ORCA,GSCz8oRWRR2pOM5YJIHzVw/ORCA_inputs_results_pH7.4/SLC-1.out,0,error,ValueError,0,0
ase,ytbyrwLI-BvnJ1ZFekukJC0IbVjo,ORCA,GSCz8oRWRR2pOM5YJIHzVw/ORCA_inputs_results_pH7.4/TTR-2.inp,0,error,UnknownFileTypeError,0,0
ase,ytbyrwLI-BvnJ1ZFekukJC0IbVjo,ORCA,GSCz8oRWRR2pOM5YJIHzVw/ORCA_inputs_results_pH7.4/TTR-2par.inp,0,error,UnknownFileTypeError,0,0
ase,ytbyrwLI-BvnJ1ZFekukJC0IbVjo,ORCA,GSCz8oRWRR2pOM5YJIHzVw/ORCA_inputs_results_pH7.4/VLP-1.inp,0,error,UnknownFileTypeError,0,0
ase,ytbyrwLI-BvnJ1ZFekukJC0IbVjo,ORCA,GSCz8oRWRR2pOM5YJIHzVw/ORCA_inputs_results_pH7.4/TTR-1par.out,0,error,ParseError,0,0
ase,ytbyrwLI-BvnJ1ZFekukJC0IbVjo,ORCA,GSCz8oRWRR2pOM5YJIHzVw/ORCA_inputs_results_pH7.4/VLP-1par.inp,0,error,UnknownFileTypeError,0,0
ase,ytbyrwLI-BvnJ1ZFekukJC0IbVjo,ORCA,GSCz8oRWRR2pOM5YJIHzVw/ORCA_inputs_results_pH7.4/VLP0.inp,0,error,UnknownFileTypeError,0,0
ase,ytbyrwLI-BvnJ1ZFekukJC0IbVjo,ORCA,GSCz8oRWRR2pOM5YJIHzVw/ORCA_inputs_results_pH7.4/SLC0par.out,0,error,ParseError,0,0
ase,ytbyrwLI-BvnJ1ZFekukJC0IbVjo,ORCA,GSCz8oRWRR2pOM5YJIHzVw/ORCA_inputs_results_pH7.4/VLP0par.inp,0,error,UnknownFileTypeError,0,0
ase,ytbyrwLI-BvnJ1ZFekukJC0IbVjo,ORCA,GSCz8oRWRR2pOM5YJIHzVw/ORCA_inputs_results_pH7.4/TTR-2par.out,0,error,ParseError,0,0
ase,ytbyrwLI-BvnJ1ZFekukJC0IbVjo,ORCA,GSCz8oRWRR2pOM5YJIHzVw/ORCA_inputs_results_pH7.4/VLP-1par.out,0,error,ParseError,0,0
ase,yzVrn4831KFsSTgMd5zNGi6YjSKN,VASP,OWvCtMY0RWe98WYGBLuwxA/nomad_upload/P/binding_energies/DFThalf/sc7/pristine/INCAR,0,error,UnknownFileTypeError,0,0
ase,yzVrn4831KFsSTgMd5zNGi6YjSKN,VASP,OWvCtMY0RWe98WYGBLuwxA/nomad_upload/P/binding_energies/DFThalf/sc7/pristine/KPOINTS,0,error,UnknownFileTypeError,0,0
ase,ytbyrwLI-BvnJ1ZFekukJC0IbVjo,ORCA,GSCz8oRWRR2pOM5YJIHzVw/ORCA_inputs_results_pH7.4/VLP0par.out,0,error,ParseError,0,0
ase,ytbyrwLI-BvnJ1ZFekukJC0IbVjo,ORCA,GSCz8oRWRR2pOM5YJIHzVw/ORCA_inputs_results_pH7.4/VLP-1.out,0,error,ValueError,0,0
ase,yzVrn4831KFsSTgMd5zNGi6YjSKN,VASP,OWvCtMY0RWe98WYGBLuwxA/nomad_upload/P/binding_energies/DFThalf/sc7/pristine/EIGENVAL,0,error,UnknownFileTypeError,0,0
ase,zOnVuVC5y8Wf-1SEGPJj8EfwTYqB,ORCA,GSCz8oRWRR2pOM5YJIHzVw/ORCA_inputs_results_pH7.4/ACE-1.inp,0,error,UnknownFileTypeError,0,0
ase,ytbyrwLI-BvnJ1ZFekukJC0IbVjo,ORCA,GSCz8oRWRR2pOM5YJIHzVw/ORCA_inputs_results_pH7.4/VLP0.out,0,error,ValueError,0,0
ase,zOnVuVC5y8Wf-1SEGPJj8EfwTYqB,ORCA,GSCz8oRWRR2pOM5YJIHzVw/ORCA_inputs_results_pH7.4/ACE-1par.inp,0,error,UnknownFileTypeError,0,0
ase,zOnVuVC5y8Wf-1SEGPJj8EfwTYqB,ORCA,GSCz8oRWRR2pOM5YJIHzVw/ORCA_inputs_results_pH7.4/ACE-1par.out,0,error,ParseError,0,0
ase,zOnVuVC5y8Wf-1SEGPJj8EfwTYqB,ORCA,GSCz8oRWRR2pOM5YJIHzVw/ORCA_inputs_results_pH7.4/ACE0.inp,0,error,UnknownFileTypeError,0,0
ase,yzVrn4831KFsSTgMd5zNGi6YjSKN,VASP,OWvCtMY0RWe98WYGBLuwxA/nomad_upload/P/binding_energies/DFThalf/sc7/pristine/POSCAR,0,success,,1,0
ase,zOnVuVC5y8Wf-1SEGPJj8EfwTYqB,ORCA,GSCz8oRWRR2pOM5YJIHzVw/ORCA_inputs_results_pH7.4/ACE0par.inp,0,error,UnknownFileTypeError,0,0
ase,ytbyrwLI-BvnJ1ZFekukJC0IbVjo,ORCA,GSCz8oRWRR2pOM5YJIHzVw/ORCA_inputs_results_pH7.4/TTR-1.out,0,error,ValueError,0,0
ase,zOnVuVC5y8Wf-1SEGPJj8EfwTYqB,ORCA,GSCz8oRWRR2pOM5YJIHzVw/ORCA_inputs_results_pH7.4/ASA-1.inp,0,error,UnknownFileTypeError,0,0
ase,zOnVuVC5y8Wf-1SEGPJj8EfwTYqB,ORCA,GSCz8oRWRR2pOM5YJIHzVw/ORCA_inputs_results_pH7.4/ACE-1.out,0,error,ValueError,0,0
ase,zOnVuVC5y8Wf-1SEGPJj8EfwTYqB,ORCA,GSCz8oRWRR2pOM5YJIHzVw/ORCA_inputs_results_pH7.4/ACE0.out,0,error,ValueError,0,0
ase,zOnVuVC5y8Wf-1SEGPJj8EfwTYqB,ORCA,GSCz8oRWRR2pOM5YJIHzVw/ORCA_inputs_results_pH7.4/ACE0par.out,0,error,ParseError,0,0
ase,zOnVuVC5y8Wf-1SEGPJj8EfwTYqB,ORCA,GSCz8oRWRR2pOM5YJIHzVw/ORCA_inputs_results_pH7.4/ASA-1par.inp,0,error,UnknownFileTypeError,0,0
ase,zOnVuVC5y8Wf-1SEGPJj8EfwTYqB,ORCA,GSCz8oRWRR2pOM5YJIHzVw/ORCA_inputs_results_pH7.4/ASA0.inp,0,error,UnknownFileTypeError,0,0
ase,zOnVuVC5y8Wf-1SEGPJj8EfwTYqB,ORCA,GSCz8oRWRR2pOM5YJIHzVw/ORCA_inputs_results_pH7.4/ASA0par.inp,0,error,UnknownFileTypeError,0,0
ase,zOnVuVC5y8Wf-1SEGPJj8EfwTYqB,ORCA,GSCz8oRWRR2pOM5YJIHzVw/ORCA_inputs_results_pH7.4/ASA-1par.out,0,error,ParseError,0,0
ase,zOnVuVC5y8Wf-1SEGPJj8EfwTYqB,ORCA,GSCz8oRWRR2pOM5YJIHzVw/ORCA_inputs_results_pH7.4/BEN0.inp,0,error,UnknownFileTypeError,0,0
ase,zOnVuVC5y8Wf-1SEGPJj8EfwTYqB,ORCA,GSCz8oRWRR2pOM5YJIHzVw/ORCA_inputs_results_pH7.4/ASA0par.out,1,error,ParseError,0,0
ase,zOnVuVC5y8Wf-1SEGPJj8EfwTYqB,ORCA,GSCz8oRWRR2pOM5YJIHzVw/ORCA_inputs_results_pH7.4/BEN0par.inp,0,error,UnknownFileTypeError,0,0
ase,zOnVuVC5y8Wf-1SEGPJj8EfwTYqB,ORCA,GSCz8oRWRR2pOM5YJIHzVw/ORCA_inputs_results_pH7.4/ASA0.out,0,error,ValueError,0,0
ase,zOnVuVC5y8Wf-1SEGPJj8EfwTYqB,ORCA,GSCz8oRWRR2pOM5YJIHzVw/ORCA_inputs_results_pH7.4/CAF0.inp,0,error,UnknownFileTypeError,0,0
ase,zOnVuVC5y8Wf-1SEGPJj8EfwTYqB,ORCA,GSCz8oRWRR2pOM5YJIHzVw/ORCA_inputs_results_pH7.4/ASA-1.out,0,error,ValueError,0,0
ase,zOnVuVC5y8Wf-1SEGPJj8EfwTYqB,ORCA,GSCz8oRWRR2pOM5YJIHzVw/ORCA_inputs_results_pH7.4/CAF0par.inp,0,error,UnknownFileTypeError,0,0
ase,zOnVuVC5y8Wf-1SEGPJj8EfwTYqB,ORCA,GSCz8oRWRR2pOM5YJIHzVw/ORCA_inputs_results_pH7.4/BEN0.out,0,error,ValueError,0,0
ase,zOnVuVC5y8Wf-1SEGPJj8EfwTYqB,ORCA,GSCz8oRWRR2pOM5YJIHzVw/ORCA_inputs_results_pH7.4/CBZ0.inp,0,error,UnknownFileTypeError,0,0
ase,zOnVuVC5y8Wf-1SEGPJj8EfwTYqB,ORCA,GSCz8oRWRR2pOM5YJIHzVw/ORCA_inputs_results_pH7.4/BEN0par.out,0,error,ParseError,0,0
ase,ytbyrwLI-BvnJ1ZFekukJC0IbVjo,ORCA,GSCz8oRWRR2pOM5YJIHzVw/ORCA_inputs_results_pH7.4/TTR-2.out,0,error,ValueError,0,0
ase,zOnVuVC5y8Wf-1SEGPJj8EfwTYqB,ORCA,GSCz8oRWRR2pOM5YJIHzVw/ORCA_inputs_results_pH7.4/CBZ0par.inp,0,error,UnknownFileTypeError,0,0
ase,zOnVuVC5y8Wf-1SEGPJj8EfwTYqB,ORCA,GSCz8oRWRR2pOM5YJIHzVw/ORCA_inputs_results_pH7.4/CAF0par.out,0,error,ParseError,0,0
ase,zOnVuVC5y8Wf-1SEGPJj8EfwTYqB,ORCA,GSCz8oRWRR2pOM5YJIHzVw/ORCA_inputs_results_pH7.4/DCL0.inp,0,error,UnknownFileTypeError,0,0
ase,zOnVuVC5y8Wf-1SEGPJj8EfwTYqB,ORCA,GSCz8oRWRR2pOM5YJIHzVw/ORCA_inputs_results_pH7.4/DCL0par.inp,0,error,UnknownFileTypeError,0,0
ase,zOnVuVC5y8Wf-1SEGPJj8EfwTYqB,ORCA,GSCz8oRWRR2pOM5YJIHzVw/ORCA_inputs_results_pH7.4/CAF0.out,0,error,ValueError,0,0
ase,zOnVuVC5y8Wf-1SEGPJj8EfwTYqB,ORCA,GSCz8oRWRR2pOM5YJIHzVw/ORCA_inputs_results_pH7.4/GGG-2.inp,0,error,UnknownFileTypeError,0,0
ase,zOnVuVC5y8Wf-1SEGPJj8EfwTYqB,ORCA,GSCz8oRWRR2pOM5YJIHzVw/ORCA_inputs_results_pH7.4/CBZ0par.out,0,error,ParseError,0,0
ase,zOnVuVC5y8Wf-1SEGPJj8EfwTYqB,ORCA,GSCz8oRWRR2pOM5YJIHzVw/ORCA_inputs_results_pH7.4/GGG-2par.inp,0,error,UnknownFileTypeError,0,0
ase,zOnVuVC5y8Wf-1SEGPJj8EfwTYqB,ORCA,GSCz8oRWRR2pOM5YJIHzVw/ORCA_inputs_results_pH7.4/DCL0.out,0,error,ValueError,0,0
ase,zOnVuVC5y8Wf-1SEGPJj8EfwTYqB,ORCA,GSCz8oRWRR2pOM5YJIHzVw/ORCA_inputs_results_pH7.4/IBU-1.inp,0,error,UnknownFileTypeError,0,0
ase,zOnVuVC5y8Wf-1SEGPJj8EfwTYqB,ORCA,GSCz8oRWRR2pOM5YJIHzVw/ORCA_inputs_results_pH7.4/DCL0par.out,0,error,ParseError,0,0
ase,zOnVuVC5y8Wf-1SEGPJj8EfwTYqB,ORCA,GSCz8oRWRR2pOM5YJIHzVw/ORCA_inputs_results_pH7.4/CBZ0.out,0,error,ValueError,0,0
ase,zOnVuVC5y8Wf-1SEGPJj8EfwTYqB,ORCA,GSCz8oRWRR2pOM5YJIHzVw/ORCA_inputs_results_pH7.4/IBU-1par.inp,0,error,UnknownFileTypeError,0,0
ase,zOnVuVC5y8Wf-1SEGPJj8EfwTYqB,ORCA,GSCz8oRWRR2pOM5YJIHzVw/ORCA_inputs_results_pH7.4/GGG-2par.out,0,error,ParseError,0,0
ase,zOnVuVC5y8Wf-1SEGPJj8EfwTYqB,ORCA,GSCz8oRWRR2pOM5YJIHzVw/ORCA_inputs_results_pH7.4/IBU0.inp,0,error,UnknownFileTypeError,0,0
ase,zOnVuVC5y8Wf-1SEGPJj8EfwTYqB,ORCA,GSCz8oRWRR2pOM5YJIHzVw/ORCA_inputs_results_pH7.4/IBU0par.inp,0,error,UnknownFileTypeError,0,0
ase,zOnVuVC5y8Wf-1SEGPJj8EfwTYqB,ORCA,GSCz8oRWRR2pOM5YJIHzVw/ORCA_inputs_results_pH7.4/IBU-1par.out,0,error,ParseError,0,0
ase,zOnVuVC5y8Wf-1SEGPJj8EfwTYqB,ORCA,GSCz8oRWRR2pOM5YJIHzVw/ORCA_inputs_results_pH7.4/SLC-1.inp,0,error,UnknownFileTypeError,0,0
ase,zOnVuVC5y8Wf-1SEGPJj8EfwTYqB,ORCA,GSCz8oRWRR2pOM5YJIHzVw/ORCA_inputs_results_pH7.4/IBU0par.out,0,error,ParseError,0,0
ase,zOnVuVC5y8Wf-1SEGPJj8EfwTYqB,ORCA,GSCz8oRWRR2pOM5YJIHzVw/ORCA_inputs_results_pH7.4/IBU-1.out,0,error,ValueError,0,0
ase,zOnVuVC5y8Wf-1SEGPJj8EfwTYqB,ORCA,GSCz8oRWRR2pOM5YJIHzVw/ORCA_inputs_results_pH7.4/GGG-2.out,0,error,ValueError,0,0
ase,zOnVuVC5y8Wf-1SEGPJj8EfwTYqB,ORCA,GSCz8oRWRR2pOM5YJIHzVw/ORCA_inputs_results_pH7.4/SLC0.inp,0,error,UnknownFileTypeError,0,0
ase,zOnVuVC5y8Wf-1SEGPJj8EfwTYqB,ORCA,GSCz8oRWRR2pOM5YJIHzVw/ORCA_inputs_results_pH7.4/SLC-1par.inp,0,error,UnknownFileTypeError,0,0
ase,zOnVuVC5y8Wf-1SEGPJj8EfwTYqB,ORCA,GSCz8oRWRR2pOM5YJIHzVw/ORCA_inputs_results_pH7.4/SLC0par.inp,0,error,UnknownFileTypeError,0,0
ase,zOnVuVC5y8Wf-1SEGPJj8EfwTYqB,ORCA,GSCz8oRWRR2pOM5YJIHzVw/ORCA_inputs_results_pH7.4/SLC-1par.out,0,error,ParseError,0,0
ase,zOnVuVC5y8Wf-1SEGPJj8EfwTYqB,ORCA,GSCz8oRWRR2pOM5YJIHzVw/ORCA_inputs_results_pH7.4/TTR-1.inp,0,error,UnknownFileTypeError,0,0
ase,zOnVuVC5y8Wf-1SEGPJj8EfwTYqB,ORCA,GSCz8oRWRR2pOM5YJIHzVw/ORCA_inputs_results_pH7.4/IBU0.out,0,error,ValueError,0,0
ase,zOnVuVC5y8Wf-1SEGPJj8EfwTYqB,ORCA,GSCz8oRWRR2pOM5YJIHzVw/ORCA_inputs_results_pH7.4/TTR-1par.inp,0,error,UnknownFileTypeError,0,0
ase,zOnVuVC5y8Wf-1SEGPJj8EfwTYqB,ORCA,GSCz8oRWRR2pOM5YJIHzVw/ORCA_inputs_results_pH7.4/SLC0par.out,0,error,ParseError,0,0
ase,zOnVuVC5y8Wf-1SEGPJj8EfwTYqB,ORCA,GSCz8oRWRR2pOM5YJIHzVw/ORCA_inputs_results_pH7.4/TTR-2.inp,0,error,UnknownFileTypeError,0,0
ase,zOnVuVC5y8Wf-1SEGPJj8EfwTYqB,ORCA,GSCz8oRWRR2pOM5YJIHzVw/ORCA_inputs_results_pH7.4/SLC0.out,0,error,ValueError,0,0
ase,zOnVuVC5y8Wf-1SEGPJj8EfwTYqB,ORCA,GSCz8oRWRR2pOM5YJIHzVw/ORCA_inputs_results_pH7.4/TTR-1par.out,0,error,ParseError,0,0
ase,zOnVuVC5y8Wf-1SEGPJj8EfwTYqB,ORCA,GSCz8oRWRR2pOM5YJIHzVw/ORCA_inputs_results_pH7.4/TTR-2par.inp,0,error,UnknownFileTypeError,0,0
ase,zOnVuVC5y8Wf-1SEGPJj8EfwTYqB,ORCA,GSCz8oRWRR2pOM5YJIHzVw/ORCA_inputs_results_pH7.4/VLP-1.inp,0,error,UnknownFileTypeError,0,0
ase,zOnVuVC5y8Wf-1SEGPJj8EfwTYqB,ORCA,GSCz8oRWRR2pOM5YJIHzVw/ORCA_inputs_results_pH7.4/SLC-1.out,0,error,ValueError,0,0
ase,zOnVuVC5y8Wf-1SEGPJj8EfwTYqB,ORCA,GSCz8oRWRR2pOM5YJIHzVw/ORCA_inputs_results_pH7.4/VLP-1par.inp,0,error,UnknownFileTypeError,0,0
ase,zOnVuVC5y8Wf-1SEGPJj8EfwTYqB,ORCA,GSCz8oRWRR2pOM5YJIHzVw/ORCA_inputs_results_pH7.4/TTR-2par.out,0,error,ParseError,0,0
ase,zOnVuVC5y8Wf-1SEGPJj8EfwTYqB,ORCA,GSCz8oRWRR2pOM5YJIHzVw/ORCA_inputs_results_pH7.4/VLP0.inp,0,error,UnknownFileTypeError,0,0
ase,zOnVuVC5y8Wf-1SEGPJj8EfwTYqB,ORCA,GSCz8oRWRR2pOM5YJIHzVw/ORCA_inputs_results_pH7.4/TTR-1.out,0,error,ValueError,0,0
ase,zOnVuVC5y8Wf-1SEGPJj8EfwTYqB,ORCA,GSCz8oRWRR2pOM5YJIHzVw/ORCA_inputs_results_pH7.4/VLP0par.inp,0,error,UnknownFileTypeError,0,0
ase,yzVrn4831KFsSTgMd5zNGi6YjSKN,VASP,OWvCtMY0RWe98WYGBLuwxA/nomad_upload/P/binding_energies/DFThalf/sc7/pristine/vasprun.xml,1,success,,1,0
ase,zWWsNOkalQRYFPYyLmafwWwMpJ7R,NWChem,GMuZUSYeTeK1gsEVmecjKg/separableRI_nomad_v2/NWChem/Def2TZVP/atom/mp2/08_Nitrogen_NWChem_noRI_MP2_Def2TZVP/input.nw,0,error,UnknownFileTypeError,0,0
ase,zOnVuVC5y8Wf-1SEGPJj8EfwTYqB,ORCA,GSCz8oRWRR2pOM5YJIHzVw/ORCA_inputs_results_pH7.4/VLP0.out,0,error,ValueError,0,0
ase,zr7YIQ17tuWOUjCM7OspKDQ87ito,CP2K,HgarHl1tSluBF-5bhZPOfA/Inputs_Outputs_Periodic_Small_Cell_GW_TMDC-master/Figure_9/WSe2/Window_100/TZV2P_MOLOPT/GW.inp,0,error,UnknownFileTypeError,0,0
ase,zOnVuVC5y8Wf-1SEGPJj8EfwTYqB,ORCA,GSCz8oRWRR2pOM5YJIHzVw/ORCA_inputs_results_pH7.4/VLP0par.out,0,error,ParseError,0,0
ase,yzVrn4831KFsSTgMd5zNGi6YjSKN,VASP,OWvCtMY0RWe98WYGBLuwxA/nomad_upload/P/binding_energies/DFThalf/sc7/pristine/OUTCAR,0,success,,1,0
ase,zOnVuVC5y8Wf-1SEGPJj8EfwTYqB,ORCA,GSCz8oRWRR2pOM5YJIHzVw/ORCA_inputs_results_pH7.4/VLP-1par.out,0,error,ParseError,0,0
ase,zrBGgzazZT1LBD6kkOGMlLkr-dhl,CASTEP,loddw6wwSbKmyTgsHuX6PQ/benzene_rotation_x/angle_1/sites/2/ELNES.param,0,error,UnknownFileTypeError,0,0
ase,zrBGgzazZT1LBD6kkOGMlLkr-dhl,CASTEP,loddw6wwSbKmyTgsHuX6PQ/benzene_rotation_x/angle_1/sites/2/case.bands,0,error,UnknownFileTypeError,0,0
ase,zWWsNOkalQRYFPYyLmafwWwMpJ7R,NWChem,GMuZUSYeTeK1gsEVmecjKg/separableRI_nomad_v2/NWChem/Def2TZVP/atom/mp2/08_Nitrogen_NWChem_noRI_MP2_Def2TZVP/output.out,1,error,ValueError,0,0
ase,zrBGgzazZT1LBD6kkOGMlLkr-dhl,CASTEP,loddw6wwSbKmyTgsHuX6PQ/benzene_rotation_x/angle_1/sites/2/case.bib,0,error,UnknownFileTypeError,0,0
ase,zr7YIQ17tuWOUjCM7OspKDQ87ito,CP2K,HgarHl1tSluBF-5bhZPOfA/Inputs_Outputs_Periodic_Small_Cell_GW_TMDC-master/Figure_9/WSe2/Window_100/TZV2P_MOLOPT/bandstructure_SCF_and_G0W0_plus_SOC,0,error,UnknownFileTypeError,0,0
ase,zOnVuVC5y8Wf-1SEGPJj8EfwTYqB,ORCA,GSCz8oRWRR2pOM5YJIHzVw/ORCA_inputs_results_pH7.4/VLP-1.out,0,error,ValueError,0,0
ase,zrBGgzazZT1LBD6kkOGMlLkr-dhl,CASTEP,loddw6wwSbKmyTgsHuX6PQ/benzene_rotation_x/angle_1/sites/2/case.castep_bin,0,error,UnicodeDecodeError,0,0
ase,zrBGgzazZT1LBD6kkOGMlLkr-dhl,CASTEP,loddw6wwSbKmyTgsHuX6PQ/benzene_rotation_x/angle_1/sites/2/case.param,0,error,UnknownFileTypeError,0,0
ase,zr7YIQ17tuWOUjCM7OspKDQ87ito,CP2K,HgarHl1tSluBF-5bhZPOfA/Inputs_Outputs_Periodic_Small_Cell_GW_TMDC-master/Figure_9/WSe2/Window_100/TZV2P_MOLOPT/cp2k.out,1,error,StopIteration,0,0
ase,zrBGgzazZT1LBD6kkOGMlLkr-dhl,CASTEP,loddw6wwSbKmyTgsHuX6PQ/benzene_rotation_x/angle_1/sites/2/case_elnes.bib,0,error,UnknownFileTypeError,0,0
ase,zrBGgzazZT1LBD6kkOGMlLkr-dhl,CASTEP,loddw6wwSbKmyTgsHuX6PQ/benzene_rotation_x/angle_1/sites/2/case_elnes.bands,0,error,UnknownFileTypeError,0,0
ase,zrBGgzazZT1LBD6kkOGMlLkr-dhl,CASTEP,loddw6wwSbKmyTgsHuX6PQ/benzene_rotation_x/angle_1/sites/2/case.check,0,error,UnicodeDecodeError,0,0
ase,zrBGgzazZT1LBD6kkOGMlLkr-dhl,CASTEP,loddw6wwSbKmyTgsHuX6PQ/benzene_rotation_x/angle_1/sites/2/case.cell,0,error,OSError,0,0
ase,zrBGgzazZT1LBD6kkOGMlLkr-dhl,CASTEP,loddw6wwSbKmyTgsHuX6PQ/benzene_rotation_x/angle_1/sites/2/case.castep,1,error,UnboundLocalError,0,0
ase,zrBGgzazZT1LBD6kkOGMlLkr-dhl,CASTEP,loddw6wwSbKmyTgsHuX6PQ/benzene_rotation_x/angle_1/sites/2/case_elnes.castep_bin,0,error,UnicodeDecodeError,0,0
ase,zrBGgzazZT1LBD6kkOGMlLkr-dhl,CASTEP,loddw6wwSbKmyTgsHuX6PQ/benzene_rotation_x/angle_1/sites/2/case.cst_esp,0,error,UnknownFileTypeError,0,0
ase,zrBGgzazZT1LBD6kkOGMlLkr-dhl,CASTEP,loddw6wwSbKmyTgsHuX6PQ/benzene_rotation_x/angle_1/sites/2/case_elnes.castep,0,error,KeyError,0,0
ase,zrBGgzazZT1LBD6kkOGMlLkr-dhl,CASTEP,loddw6wwSbKmyTgsHuX6PQ/benzene_rotation_x/angle_1/sites/2/case_elnes.param,0,error,UnknownFileTypeError,0,0
ase,zrBGgzazZT1LBD6kkOGMlLkr-dhl,CASTEP,loddw6wwSbKmyTgsHuX6PQ/benzene_rotation_x/angle_1/sites/2/case_elnes.cell,0,error,OSError,0,0
ase,zrBGgzazZT1LBD6kkOGMlLkr-dhl,CASTEP,loddw6wwSbKmyTgsHuX6PQ/benzene_rotation_x/angle_1/sites/2/case_elnes.cst_esp,0,error,UnknownFileTypeError,0,0
ase,zrBGgzazZT1LBD6kkOGMlLkr-dhl,CASTEP,loddw6wwSbKmyTgsHuX6PQ/benzene_rotation_x/angle_1/sites/2/case_gs.bands,0,error,UnknownFileTypeError,0,0
ase,zrBGgzazZT1LBD6kkOGMlLkr-dhl,CASTEP,loddw6wwSbKmyTgsHuX6PQ/benzene_rotation_x/angle_1/sites/2/case_gs.bib,0,error,UnknownFileTypeError,0,0
ase,zrBGgzazZT1LBD6kkOGMlLkr-dhl,CASTEP,loddw6wwSbKmyTgsHuX6PQ/benzene_rotation_x/angle_1/sites/2/case_elnes.eels_mat,0,error,UnknownFileTypeError,0,0
ase,zrBGgzazZT1LBD6kkOGMlLkr-dhl,CASTEP,loddw6wwSbKmyTgsHuX6PQ/benzene_rotation_x/angle_1/sites/2/case_elnes.check,0,error,UnicodeDecodeError,0,0
ase,zrBGgzazZT1LBD6kkOGMlLkr-dhl,CASTEP,loddw6wwSbKmyTgsHuX6PQ/benzene_rotation_x/angle_1/sites/2/case_elnes.paw,0,error,UnknownFileTypeError,0,0
ase,zrBGgzazZT1LBD6kkOGMlLkr-dhl,CASTEP,loddw6wwSbKmyTgsHuX6PQ/benzene_rotation_x/angle_1/sites/2/case_elnes.elnes,0,error,UnknownFileTypeError,0,0
ase,zrBGgzazZT1LBD6kkOGMlLkr-dhl,CASTEP,loddw6wwSbKmyTgsHuX6PQ/benzene_rotation_x/angle_1/sites/2/case_elnes.uncorr,0,error,UnknownFileTypeError,0,0
ase,zrBGgzazZT1LBD6kkOGMlLkr-dhl,CASTEP,loddw6wwSbKmyTgsHuX6PQ/benzene_rotation_x/angle_1/sites/2/case_gs.castep_bin,0,error,UnicodeDecodeError,0,0
ase,zrBGgzazZT1LBD6kkOGMlLkr-dhl,CASTEP,loddw6wwSbKmyTgsHuX6PQ/benzene_rotation_x/angle_1/sites/2/case_gs.param,0,error,UnknownFileTypeError,0,0
ase,zs4_TvFw8MI-PFlNF9p2OFjFr889,CASTEP,loddw6wwSbKmyTgsHuX6PQ/benzene_rotation_x/angle_2/sites/4/ELNES.param,0,error,UnknownFileTypeError,0,0
ase,zs4_TvFw8MI-PFlNF9p2OFjFr889,CASTEP,loddw6wwSbKmyTgsHuX6PQ/benzene_rotation_x/angle_2/sites/4/case.bands,0,error,UnknownFileTypeError,0,0
ase,zs4_TvFw8MI-PFlNF9p2OFjFr889,CASTEP,loddw6wwSbKmyTgsHuX6PQ/benzene_rotation_x/angle_2/sites/4/case.bib,0,error,UnknownFileTypeError,0,0
ase,zrBGgzazZT1LBD6kkOGMlLkr-dhl,CASTEP,loddw6wwSbKmyTgsHuX6PQ/benzene_rotation_x/angle_1/sites/2/case_gs.castep,0,error,UnboundLocalError,0,0
ase,zrBGgzazZT1LBD6kkOGMlLkr-dhl,CASTEP,loddw6wwSbKmyTgsHuX6PQ/benzene_rotation_x/angle_1/sites/2/case_gs.cell,0,error,OSError,0,0
ase,zs4_TvFw8MI-PFlNF9p2OFjFr889,CASTEP,loddw6wwSbKmyTgsHuX6PQ/benzene_rotation_x/angle_2/sites/4/case.cell,0,error,OSError,0,0
ase,zrBGgzazZT1LBD6kkOGMlLkr-dhl,CASTEP,loddw6wwSbKmyTgsHuX6PQ/benzene_rotation_x/angle_1/sites/2/case_gs.check,0,error,UnicodeDecodeError,0,0
ase,zs4_TvFw8MI-PFlNF9p2OFjFr889,CASTEP,loddw6wwSbKmyTgsHuX6PQ/benzene_rotation_x/angle_2/sites/4/case.castep_bin,0,error,UnicodeDecodeError,0,0
ase,zs4_TvFw8MI-PFlNF9p2OFjFr889,CASTEP,loddw6wwSbKmyTgsHuX6PQ/benzene_rotation_x/angle_2/sites/4/case.param,0,error,UnknownFileTypeError,0,0
ase,zs4_TvFw8MI-PFlNF9p2OFjFr889,CASTEP,loddw6wwSbKmyTgsHuX6PQ/benzene_rotation_x/angle_2/sites/4/case_elnes.bib,0,error,UnknownFileTypeError,0,0
ase,zs4_TvFw8MI-PFlNF9p2OFjFr889,CASTEP,loddw6wwSbKmyTgsHuX6PQ/benzene_rotation_x/angle_2/sites/4/case.castep,0,error,UnboundLocalError,0,0
ase,zs4_TvFw8MI-PFlNF9p2OFjFr889,CASTEP,loddw6wwSbKmyTgsHuX6PQ/benzene_rotation_x/angle_2/sites/4/case_elnes.bands,0,error,UnknownFileTypeError,0,0
ase,zs4_TvFw8MI-PFlNF9p2OFjFr889,CASTEP,loddw6wwSbKmyTgsHuX6PQ/benzene_rotation_x/angle_2/sites/4/case.check,0,error,UnicodeDecodeError,0,0
ase,zs4_TvFw8MI-PFlNF9p2OFjFr889,CASTEP,loddw6wwSbKmyTgsHuX6PQ/benzene_rotation_x/angle_2/sites/4/case_elnes.cell,0,error,OSError,0,0
ase,zs4_TvFw8MI-PFlNF9p2OFjFr889,CASTEP,loddw6wwSbKmyTgsHuX6PQ/benzene_rotation_x/angle_2/sites/4/case_elnes.castep_bin,0,error,UnicodeDecodeError,0,0
ase,zOnVuVC5y8Wf-1SEGPJj8EfwTYqB,ORCA,GSCz8oRWRR2pOM5YJIHzVw/ORCA_inputs_results_pH7.4/TTR-2.out,0,error,ValueError,0,0
ase,zrBGgzazZT1LBD6kkOGMlLkr-dhl,CASTEP,loddw6wwSbKmyTgsHuX6PQ/benzene_rotation_x/angle_1/sites/2/case_gs.cst_esp,0,error,UnknownFileTypeError,0,0
ase,zs4_TvFw8MI-PFlNF9p2OFjFr889,CASTEP,loddw6wwSbKmyTgsHuX6PQ/benzene_rotation_x/angle_2/sites/4/case_elnes.castep,0,error,KeyError,0,0
ase,zs4_TvFw8MI-PFlNF9p2OFjFr889,CASTEP,loddw6wwSbKmyTgsHuX6PQ/benzene_rotation_x/angle_2/sites/4/case_elnes.param,0,error,UnknownFileTypeError,0,0
ase,zs4_TvFw8MI-PFlNF9p2OFjFr889,CASTEP,loddw6wwSbKmyTgsHuX6PQ/benzene_rotation_x/angle_2/sites/4/case.cst_esp,0,error,UnknownFileTypeError,0,0
ase,zs4_TvFw8MI-PFlNF9p2OFjFr889,CASTEP,loddw6wwSbKmyTgsHuX6PQ/benzene_rotation_x/angle_2/sites/4/case_gs.bands,0,error,UnknownFileTypeError,0,0
ase,zs4_TvFw8MI-PFlNF9p2OFjFr889,CASTEP,loddw6wwSbKmyTgsHuX6PQ/benzene_rotation_x/angle_2/sites/4/case_gs.bib,0,error,UnknownFileTypeError,0,0
ase,zs4_TvFw8MI-PFlNF9p2OFjFr889,CASTEP,loddw6wwSbKmyTgsHuX6PQ/benzene_rotation_x/angle_2/sites/4/case_elnes.cst_esp,0,error,UnknownFileTypeError,0,0
ase,zs4_TvFw8MI-PFlNF9p2OFjFr889,CASTEP,loddw6wwSbKmyTgsHuX6PQ/benzene_rotation_x/angle_2/sites/4/case_elnes.eels_mat,0,error,UnknownFileTypeError,0,0
ase,zs4_TvFw8MI-PFlNF9p2OFjFr889,CASTEP,loddw6wwSbKmyTgsHuX6PQ/benzene_rotation_x/angle_2/sites/4/case_elnes.elnes,0,error,UnknownFileTypeError,0,0
ase,zs4_TvFw8MI-PFlNF9p2OFjFr889,CASTEP,loddw6wwSbKmyTgsHuX6PQ/benzene_rotation_x/angle_2/sites/4/case_elnes.paw,0,error,UnknownFileTypeError,0,0
ase,zs4_TvFw8MI-PFlNF9p2OFjFr889,CASTEP,loddw6wwSbKmyTgsHuX6PQ/benzene_rotation_x/angle_2/sites/4/case_gs.cell,0,error,OSError,0,0
ase,zs4_TvFw8MI-PFlNF9p2OFjFr889,CASTEP,loddw6wwSbKmyTgsHuX6PQ/benzene_rotation_x/angle_2/sites/4/case_elnes.check,0,error,UnicodeDecodeError,0,0
ase,zs4_TvFw8MI-PFlNF9p2OFjFr889,CASTEP,loddw6wwSbKmyTgsHuX6PQ/benzene_rotation_x/angle_2/sites/4/case_gs.param,0,error,UnknownFileTypeError,0,0
ase,ztbeMA28ILtxhTRp_mnCXhJYSARd,Gaussian,fc2yNy-pQG2J5fqcRs99tA/generate_c11_c12_dataset/run_calculations/6245/input_smiles.txt,0,error,UnknownFileTypeError,0,0
ase,ztbeMA28ILtxhTRp_mnCXhJYSARd,Gaussian,fc2yNy-pQG2J5fqcRs99tA/generate_c11_c12_dataset/run_calculations/6245/molecule.mol,0,error,ValueError,0,0
ase,zy4IYoQrBIAhxVxhYIhHJiaNRnja,CASTEP,loddw6wwSbKmyTgsHuX6PQ/benzene_rotation_x/angle_1/sites/6/ELNES.param,0,error,UnknownFileTypeError,0,0
ase,ztbeMA28ILtxhTRp_mnCXhJYSARd,Gaussian,fc2yNy-pQG2J5fqcRs99tA/generate_c11_c12_dataset/run_calculations/6245/input.gjf,0,error,ValueError,0,0
ase,zy4IYoQrBIAhxVxhYIhHJiaNRnja,CASTEP,loddw6wwSbKmyTgsHuX6PQ/benzene_rotation_x/angle_1/sites/6/case.bands,0,error,UnknownFileTypeError,0,0
ase,zy4IYoQrBIAhxVxhYIhHJiaNRnja,CASTEP,loddw6wwSbKmyTgsHuX6PQ/benzene_rotation_x/angle_1/sites/6/case.bib,0,error,UnknownFileTypeError,0,0
ase,zs4_TvFw8MI-PFlNF9p2OFjFr889,CASTEP,loddw6wwSbKmyTgsHuX6PQ/benzene_rotation_x/angle_2/sites/4/case_gs.check,0,error,UnicodeDecodeError,0,0
ase,zs4_TvFw8MI-PFlNF9p2OFjFr889,CASTEP,loddw6wwSbKmyTgsHuX6PQ/benzene_rotation_x/angle_2/sites/4/case_gs.castep_bin,0,error,UnicodeDecodeError,0,0
ase,zs4_TvFw8MI-PFlNF9p2OFjFr889,CASTEP,loddw6wwSbKmyTgsHuX6PQ/benzene_rotation_x/angle_2/sites/4/case_gs.castep,1,error,UnboundLocalError,0,0
ase,zs4_TvFw8MI-PFlNF9p2OFjFr889,CASTEP,loddw6wwSbKmyTgsHuX6PQ/benzene_rotation_x/angle_2/sites/4/case_elnes.uncorr,0,error,UnknownFileTypeError,0,0
ase,zs4_TvFw8MI-PFlNF9p2OFjFr889,CASTEP,loddw6wwSbKmyTgsHuX6PQ/benzene_rotation_x/angle_2/sites/4/case_gs.cst_esp,0,error,UnknownFileTypeError,0,0
ase,zy4IYoQrBIAhxVxhYIhHJiaNRnja,CASTEP,loddw6wwSbKmyTgsHuX6PQ/benzene_rotation_x/angle_1/sites/6/case.param,0,error,UnknownFileTypeError,0,0
ase,zy4IYoQrBIAhxVxhYIhHJiaNRnja,CASTEP,loddw6wwSbKmyTgsHuX6PQ/benzene_rotation_x/angle_1/sites/6/case_elnes.bib,0,error,UnknownFileTypeError,0,0
ase,zy4IYoQrBIAhxVxhYIhHJiaNRnja,CASTEP,loddw6wwSbKmyTgsHuX6PQ/benzene_rotation_x/angle_1/sites/6/case.cell,0,error,OSError,0,0
ase,zy4IYoQrBIAhxVxhYIhHJiaNRnja,CASTEP,loddw6wwSbKmyTgsHuX6PQ/benzene_rotation_x/angle_1/sites/6/case.castep,1,error,UnboundLocalError,0,0
ase,zy4IYoQrBIAhxVxhYIhHJiaNRnja,CASTEP,loddw6wwSbKmyTgsHuX6PQ/benzene_rotation_x/angle_1/sites/6/case_elnes.bands,0,error,UnknownFileTypeError,0,0
ase,zy4IYoQrBIAhxVxhYIhHJiaNRnja,CASTEP,loddw6wwSbKmyTgsHuX6PQ/benzene_rotation_x/angle_1/sites/6/case.check,0,error,UnicodeDecodeError,0,0
ase,zy4IYoQrBIAhxVxhYIhHJiaNRnja,CASTEP,loddw6wwSbKmyTgsHuX6PQ/benzene_rotation_x/angle_1/sites/6/case_elnes.cell,0,error,OSError,0,0
ase,zy4IYoQrBIAhxVxhYIhHJiaNRnja,CASTEP,loddw6wwSbKmyTgsHuX6PQ/benzene_rotation_x/angle_1/sites/6/case_elnes.castep_bin,0,error,UnicodeDecodeError,0,0
ase,zy4IYoQrBIAhxVxhYIhHJiaNRnja,CASTEP,loddw6wwSbKmyTgsHuX6PQ/benzene_rotation_x/angle_1/sites/6/case.cst_esp,0,error,UnknownFileTypeError,0,0
ase,zy4IYoQrBIAhxVxhYIhHJiaNRnja,CASTEP,loddw6wwSbKmyTgsHuX6PQ/benzene_rotation_x/angle_1/sites/6/case.castep_bin,0,error,UnicodeDecodeError,0,0
ase,zy4IYoQrBIAhxVxhYIhHJiaNRnja,CASTEP,loddw6wwSbKmyTgsHuX6PQ/benzene_rotation_x/angle_1/sites/6/case_elnes.param,0,error,UnknownFileTypeError,0,0
ase,zy4IYoQrBIAhxVxhYIhHJiaNRnja,CASTEP,loddw6wwSbKmyTgsHuX6PQ/benzene_rotation_x/angle_1/sites/6/case_elnes.check,0,error,UnicodeDecodeError,0,0
ase,zy4IYoQrBIAhxVxhYIhHJiaNRnja,CASTEP,loddw6wwSbKmyTgsHuX6PQ/benzene_rotation_x/angle_1/sites/6/case_gs.bands,0,error,UnknownFileTypeError,0,0
ase,zy4IYoQrBIAhxVxhYIhHJiaNRnja,CASTEP,loddw6wwSbKmyTgsHuX6PQ/benzene_rotation_x/angle_1/sites/6/case_gs.bib,0,error,UnknownFileTypeError,0,0
ase,zy4IYoQrBIAhxVxhYIhHJiaNRnja,CASTEP,loddw6wwSbKmyTgsHuX6PQ/benzene_rotation_x/angle_1/sites/6/case_elnes.cst_esp,0,error,UnknownFileTypeError,0,0
ase,zy4IYoQrBIAhxVxhYIhHJiaNRnja,CASTEP,loddw6wwSbKmyTgsHuX6PQ/benzene_rotation_x/angle_1/sites/6/case_elnes.eels_mat,0,error,UnknownFileTypeError,0,0
ase,zy4IYoQrBIAhxVxhYIhHJiaNRnja,CASTEP,loddw6wwSbKmyTgsHuX6PQ/benzene_rotation_x/angle_1/sites/6/case_elnes.elnes,0,error,UnknownFileTypeError,0,0
ase,zy4IYoQrBIAhxVxhYIhHJiaNRnja,CASTEP,loddw6wwSbKmyTgsHuX6PQ/benzene_rotation_x/angle_1/sites/6/case_elnes.castep,0,error,KeyError,0,0
ase,zy4IYoQrBIAhxVxhYIhHJiaNRnja,CASTEP,loddw6wwSbKmyTgsHuX6PQ/benzene_rotation_x/angle_1/sites/6/case_gs.cell,0,error,OSError,0,0
ase,zy4IYoQrBIAhxVxhYIhHJiaNRnja,CASTEP,loddw6wwSbKmyTgsHuX6PQ/benzene_rotation_x/angle_1/sites/6/case_elnes.uncorr,0,error,UnknownFileTypeError,0,0
ase,zy4IYoQrBIAhxVxhYIhHJiaNRnja,CASTEP,loddw6wwSbKmyTgsHuX6PQ/benzene_rotation_x/angle_1/sites/6/case_gs.param,0,error,UnknownFileTypeError,0,0
cclib,-VzNnlku0TtqTklbRuDgiXVT795E,exciting,lO1jlxxeRKKURy4Fgso_oQ/Sn2Se/1/BANDLINES.OUT,0,error,FileNotFoundError,0,0
cclib,-VzNnlku0TtqTklbRuDgiXVT795E,exciting,lO1jlxxeRKKURy4Fgso_oQ/Sn2Se/1/BONDLENGTH.OUT,0,error,FileNotFoundError,0,0
cclib,-VzNnlku0TtqTklbRuDgiXVT795E,exciting,lO1jlxxeRKKURy4Fgso_oQ/Sn2Se/1/DFSCFMAX.OUT,0,error,FileNotFoundError,0,0
cclib,-VzNnlku0TtqTklbRuDgiXVT795E,exciting,lO1jlxxeRKKURy4Fgso_oQ/Sn2Se/1/EFERMI.OUT,0,error,FileNotFoundError,0,0
ase,zy4IYoQrBIAhxVxhYIhHJiaNRnja,CASTEP,loddw6wwSbKmyTgsHuX6PQ/benzene_rotation_x/angle_1/sites/6/case_gs.castep_bin,0,error,UnicodeDecodeError,0,0
cclib,-VzNnlku0TtqTklbRuDgiXVT795E,exciting,lO1jlxxeRKKURy4Fgso_oQ/Sn2Se/1/EQATOMS.OUT,0,error,FileNotFoundError,0,0
cclib,-VzNnlku0TtqTklbRuDgiXVT795E,exciting,lO1jlxxeRKKURy4Fgso_oQ/Sn2Se/1/EVALCORE.OUT,0,error,FileNotFoundError,0,0
ase,zy4IYoQrBIAhxVxhYIhHJiaNRnja,CASTEP,loddw6wwSbKmyTgsHuX6PQ/benzene_rotation_x/angle_1/sites/6/case_gs.check,0,error,UnicodeDecodeError,0,0
cclib,-VzNnlku0TtqTklbRuDgiXVT795E,exciting,lO1jlxxeRKKURy4Fgso_oQ/Sn2Se/1/INFO_GS.OUT,1,error,AttributeError,0,0
cclib,-VzNnlku0TtqTklbRuDgiXVT795E,exciting,lO1jlxxeRKKURy4Fgso_oQ/Sn2Se/1/LATTICE.OUT,0,error,FileNotFoundError,0,0
cclib,-VzNnlku0TtqTklbRuDgiXVT795E,exciting,lO1jlxxeRKKURy4Fgso_oQ/Sn2Se/1/LINENGY.OUT,0,error,FileNotFoundError,0,0
cclib,-VzNnlku0TtqTklbRuDgiXVT795E,exciting,lO1jlxxeRKKURy4Fgso_oQ/Sn2Se/1/RMSDVEFF.OUT,0,error,FileNotFoundError,0,0
ase,zy4IYoQrBIAhxVxhYIhHJiaNRnja,CASTEP,loddw6wwSbKmyTgsHuX6PQ/benzene_rotation_x/angle_1/sites/6/case_gs.castep,0,error,UnboundLocalError,0,0
cclib,-VzNnlku0TtqTklbRuDgiXVT795E,exciting,lO1jlxxeRKKURy4Fgso_oQ/Sn2Se/1/SYMCRYS.OUT,0,error,FileNotFoundError,0,0
cclib,-VzNnlku0TtqTklbRuDgiXVT795E,exciting,lO1jlxxeRKKURy4Fgso_oQ/Sn2Se/1/SYMGENR.OUT,0,error,FileNotFoundError,0,0
ase,zy4IYoQrBIAhxVxhYIhHJiaNRnja,CASTEP,loddw6wwSbKmyTgsHuX6PQ/benzene_rotation_x/angle_1/sites/6/case_elnes.paw,0,error,UnknownFileTypeError,0,0
cclib,-VzNnlku0TtqTklbRuDgiXVT795E,exciting,lO1jlxxeRKKURy4Fgso_oQ/Sn2Se/1/SYMINV.OUT,0,error,FileNotFoundError,0,0
cclib,-VzNnlku0TtqTklbRuDgiXVT795E,exciting,lO1jlxxeRKKURy4Fgso_oQ/Sn2Se/1/SYMLAT.OUT,0,error,FileNotFoundError,0,0
ase,zy4IYoQrBIAhxVxhYIhHJiaNRnja,CASTEP,loddw6wwSbKmyTgsHuX6PQ/benzene_rotation_x/angle_1/sites/6/case_gs.cst_esp,0,error,UnknownFileTypeError,0,0
cclib,-VzNnlku0TtqTklbRuDgiXVT795E,exciting,lO1jlxxeRKKURy4Fgso_oQ/Sn2Se/1/SYMMULT.OUT,0,error,FileNotFoundError,0,0
cclib,-VzNnlku0TtqTklbRuDgiXVT795E,exciting,lO1jlxxeRKKURy4Fgso_oQ/Sn2Se/1/Se_ini.xml,0,error,FileNotFoundError,0,0
cclib,-VzNnlku0TtqTklbRuDgiXVT795E,exciting,lO1jlxxeRKKURy4Fgso_oQ/Sn2Se/1/SYMT2.OUT,0,error,FileNotFoundError,0,0
cclib,-VzNnlku0TtqTklbRuDgiXVT795E,exciting,lO1jlxxeRKKURy4Fgso_oQ/Sn2Se/1/Sn_ini.xml,0,error,FileNotFoundError,0,0
cclib,-VzNnlku0TtqTklbRuDgiXVT795E,exciting,lO1jlxxeRKKURy4Fgso_oQ/Sn2Se/1/TOTENERGY.OUT,0,error,FileNotFoundError,0,0
cclib,-VzNnlku0TtqTklbRuDgiXVT795E,exciting,lO1jlxxeRKKURy4Fgso_oQ/Sn2Se/1/Sn_scf.xml,0,error,FileNotFoundError,0,0
cclib,-VzNnlku0TtqTklbRuDgiXVT795E,exciting,lO1jlxxeRKKURy4Fgso_oQ/Sn2Se/1/atoms.xml,0,error,FileNotFoundError,0,0
cclib,-VzNnlku0TtqTklbRuDgiXVT795E,exciting,lO1jlxxeRKKURy4Fgso_oQ/Sn2Se/1/SYMSITE.OUT,0,error,FileNotFoundError,0,0
cclib,-VzNnlku0TtqTklbRuDgiXVT795E,exciting,lO1jlxxeRKKURy4Fgso_oQ/Sn2Se/1/Se_scf.xml,0,error,FileNotFoundError,0,0
cclib,-VzNnlku0TtqTklbRuDgiXVT795E,exciting,lO1jlxxeRKKURy4Fgso_oQ/Sn2Se/1/go,0,error,FileNotFoundError,0,0
cclib,-VzNnlku0TtqTklbRuDgiXVT795E,exciting,lO1jlxxeRKKURy4Fgso_oQ/Sn2Se/1/geometry.xml,0,error,FileNotFoundError,0,0
cclib,-VzNnlku0TtqTklbRuDgiXVT795E,exciting,lO1jlxxeRKKURy4Fgso_oQ/Sn2Se/1/input_GS.xml,0,error,FileNotFoundError,0,0
cclib,5ENjXmFFad2r1UIwkBfqZDMxbA0B,LAMMPS,mwKkPSBPTxyCgUfPHXXkhw/scratch/09487/znamenski/W90x90/W90x90.e1328944,0,error,FileNotFoundError,0,0
cclib,5ENjXmFFad2r1UIwkBfqZDMxbA0B,LAMMPS,mwKkPSBPTxyCgUfPHXXkhw/scratch/09487/znamenski/W90x90/W90x90.lmp,0,error,FileNotFoundError,0,0
cclib,-VzNnlku0TtqTklbRuDgiXVT795E,exciting,lO1jlxxeRKKURy4Fgso_oQ/Sn2Se/1/info.xml,0,error,FileNotFoundError,0,0
cclib,5ENjXmFFad2r1UIwkBfqZDMxbA0B,LAMMPS,mwKkPSBPTxyCgUfPHXXkhw/scratch/09487/znamenski/W90x90/W90x90.log,0,error,FileNotFoundError,0,0
cclib,5ENjXmFFad2r1UIwkBfqZDMxbA0B,LAMMPS,mwKkPSBPTxyCgUfPHXXkhw/scratch/09487/znamenski/W90x90/W90x90.sh,0,error,FileNotFoundError,0,0
cclib,5ENjXmFFad2r1UIwkBfqZDMxbA0B,LAMMPS,mwKkPSBPTxyCgUfPHXXkhw/scratch/09487/znamenski/W90x90/log.lammps,1,error,FileNotFoundError,0,0
cclib,5ENjXmFFad2r1UIwkBfqZDMxbA0B,LAMMPS,mwKkPSBPTxyCgUfPHXXkhw/scratch/09487/znamenski/W90x90/W90x90.o1328944,0,error,FileNotFoundError,0,0
cclib,5GwBxvrAu6rOURCUdFugR96W3Fv2,WIEN2k,8CgjZq8tT6Wk_qw_N8qw7w/ZnSe/2/ZnSe_ZB.struct,0,error,FileNotFoundError,0,0
cclib,5GwBxvrAu6rOURCUdFugR96W3Fv2,WIEN2k,8CgjZq8tT6Wk_qw_N8qw7w/ZnSe/2/ZnSe_ZB.scf,1,error,FileNotFoundError,0,0
cclib,8_uFGZM2WmGcJhXtDZ7O8-Imnnxj,WIEN2k,lO1jlxxeRKKURy4Fgso_oQ/ZnSe/2/ZnSe_ZB.struct,0,error,FileNotFoundError,0,0
cclib,8_uFGZM2WmGcJhXtDZ7O8-Imnnxj,WIEN2k,lO1jlxxeRKKURy4Fgso_oQ/ZnSe/2/ZnSe_ZB.scf,1,error,FileNotFoundError,0,0
cclib,9IH2u4pYPkh3uJjwX0TrUQOrUAuF,ABINIT,bOymleKaQgOAyWEI61EIpQ/bandstructure/relax/error_6060039.out,0,error,FileNotFoundError,0,0
cclib,9IH2u4pYPkh3uJjwX0TrUQOrUAuF,ABINIT,bOymleKaQgOAyWEI61EIpQ/bandstructure/relax/graphene.files,0,error,FileNotFoundError,0,0
cclib,9IH2u4pYPkh3uJjwX0TrUQOrUAuF,ABINIT,bOymleKaQgOAyWEI61EIpQ/bandstructure/relax/graphene.in,0,error,FileNotFoundError,0,0
cclib,9IH2u4pYPkh3uJjwX0TrUQOrUAuF,ABINIT,bOymleKaQgOAyWEI61EIpQ/bandstructure/relax/C.psp8,0,error,FileNotFoundError,0,0
cclib,9IH2u4pYPkh3uJjwX0TrUQOrUAuF,ABINIT,bOymleKaQgOAyWEI61EIpQ/bandstructure/relax/graphene_o_DS1_DDB,0,error,FileNotFoundError,0,0
cclib,-VzNnlku0TtqTklbRuDgiXVT795E,exciting,lO1jlxxeRKKURy4Fgso_oQ/Sn2Se/1/KPOINTS.OUT,0,error,FileNotFoundError,0,0
cclib,9IH2u4pYPkh3uJjwX0TrUQOrUAuF,ABINIT,bOymleKaQgOAyWEI61EIpQ/bandstructure/relax/graphene_o_DS1_EIG,0,error,FileNotFoundError,0,0
cclib,9IH2u4pYPkh3uJjwX0TrUQOrUAuF,ABINIT,bOymleKaQgOAyWEI61EIpQ/bandstructure/relax/graphene_o_DS1_EBANDS.agr,0,error,FileNotFoundError,0,0
cclib,9IH2u4pYPkh3uJjwX0TrUQOrUAuF,ABINIT,bOymleKaQgOAyWEI61EIpQ/bandstructure/relax/graphene_o_DS1_EIG.nc,0,error,FileNotFoundError,0,0
cclib,9IH2u4pYPkh3uJjwX0TrUQOrUAuF,ABINIT,bOymleKaQgOAyWEI61EIpQ/bandstructure/relax/graphene.out,1,error,FileNotFoundError,0,0
cclib,9IH2u4pYPkh3uJjwX0TrUQOrUAuF,ABINIT,bOymleKaQgOAyWEI61EIpQ/bandstructure/relax/graphene_o_DS1_HIST.nc,0,error,FileNotFoundError,0,0
cclib,9IH2u4pYPkh3uJjwX0TrUQOrUAuF,ABINIT,bOymleKaQgOAyWEI61EIpQ/bandstructure/relax/graphene_o_OUT.nc,0,error,FileNotFoundError,0,0
cclib,9IH2u4pYPkh3uJjwX0TrUQOrUAuF,ABINIT,bOymleKaQgOAyWEI61EIpQ/bandstructure/relax/graphene_o_DS1_GSR.nc,0,error,FileNotFoundError,0,0
cclib,9IH2u4pYPkh3uJjwX0TrUQOrUAuF,ABINIT,bOymleKaQgOAyWEI61EIpQ/bandstructure/relax/submit.sh,0,error,FileNotFoundError,0,0
cclib,9IH2u4pYPkh3uJjwX0TrUQOrUAuF,ABINIT,bOymleKaQgOAyWEI61EIpQ/bandstructure/relax/w90.win,0,error,FileNotFoundError,0,0
cclib,-VzNnlku0TtqTklbRuDgiXVT795E,exciting,lO1jlxxeRKKURy4Fgso_oQ/Sn2Se/1/bandstructure.xml,0,error,FileNotFoundError,0,0
cclib,CTp61euc_JBq5kMTN3ZCuVSBqINj,exciting,8CgjZq8tT6Wk_qw_N8qw7w/Sn2Se/1/BANDLINES.OUT,0,error,FileNotFoundError,0,0
cclib,CTp61euc_JBq5kMTN3ZCuVSBqINj,exciting,8CgjZq8tT6Wk_qw_N8qw7w/Sn2Se/1/BONDLENGTH.OUT,0,error,FileNotFoundError,0,0
cclib,CTp61euc_JBq5kMTN3ZCuVSBqINj,exciting,8CgjZq8tT6Wk_qw_N8qw7w/Sn2Se/1/DFSCFMAX.OUT,0,error,FileNotFoundError,0,0
cclib,CTp61euc_JBq5kMTN3ZCuVSBqINj,exciting,8CgjZq8tT6Wk_qw_N8qw7w/Sn2Se/1/EFERMI.OUT,0,error,FileNotFoundError,0,0
cclib,9IH2u4pYPkh3uJjwX0TrUQOrUAuF,ABINIT,bOymleKaQgOAyWEI61EIpQ/bandstructure/relax/output_6060039.out,0,error,FileNotFoundError,0,0
cclib,CTp61euc_JBq5kMTN3ZCuVSBqINj,exciting,8CgjZq8tT6Wk_qw_N8qw7w/Sn2Se/1/EQATOMS.OUT,0,error,FileNotFoundError,0,0
cclib,CTp61euc_JBq5kMTN3ZCuVSBqINj,exciting,8CgjZq8tT6Wk_qw_N8qw7w/Sn2Se/1/EVALCORE.OUT,0,error,FileNotFoundError,0,0
cclib,CTp61euc_JBq5kMTN3ZCuVSBqINj,exciting,8CgjZq8tT6Wk_qw_N8qw7w/Sn2Se/1/INFO_GS.OUT,1,error,AttributeError,0,0
cclib,CTp61euc_JBq5kMTN3ZCuVSBqINj,exciting,8CgjZq8tT6Wk_qw_N8qw7w/Sn2Se/1/KPOINTS.OUT,0,error,FileNotFoundError,0,0
cclib,CTp61euc_JBq5kMTN3ZCuVSBqINj,exciting,8CgjZq8tT6Wk_qw_N8qw7w/Sn2Se/1/LATTICE.OUT,0,error,FileNotFoundError,0,0
cclib,CTp61euc_JBq5kMTN3ZCuVSBqINj,exciting,8CgjZq8tT6Wk_qw_N8qw7w/Sn2Se/1/LINENGY.OUT,0,error,FileNotFoundError,0,0
cclib,CTp61euc_JBq5kMTN3ZCuVSBqINj,exciting,8CgjZq8tT6Wk_qw_N8qw7w/Sn2Se/1/RMSDVEFF.OUT,0,error,FileNotFoundError,0,0
cclib,CTp61euc_JBq5kMTN3ZCuVSBqINj,exciting,8CgjZq8tT6Wk_qw_N8qw7w/Sn2Se/1/SYMCRYS.OUT,0,error,FileNotFoundError,0,0
cclib,CTp61euc_JBq5kMTN3ZCuVSBqINj,exciting,8CgjZq8tT6Wk_qw_N8qw7w/Sn2Se/1/SYMGENR.OUT,0,error,FileNotFoundError,0,0
cclib,-VzNnlku0TtqTklbRuDgiXVT795E,exciting,lO1jlxxeRKKURy4Fgso_oQ/Sn2Se/1/BAND.OUT,0,error,FileNotFoundError,0,0
cclib,CTp61euc_JBq5kMTN3ZCuVSBqINj,exciting,8CgjZq8tT6Wk_qw_N8qw7w/Sn2Se/1/SYMINV.OUT,0,error,FileNotFoundError,0,0
cclib,CTp61euc_JBq5kMTN3ZCuVSBqINj,exciting,8CgjZq8tT6Wk_qw_N8qw7w/Sn2Se/1/SYMLAT.OUT,0,error,FileNotFoundError,0,0
cclib,CTp61euc_JBq5kMTN3ZCuVSBqINj,exciting,8CgjZq8tT6Wk_qw_N8qw7w/Sn2Se/1/SYMMULT.OUT,0,error,FileNotFoundError,0,0
cclib,CTp61euc_JBq5kMTN3ZCuVSBqINj,exciting,8CgjZq8tT6Wk_qw_N8qw7w/Sn2Se/1/SYMSITE.OUT,0,error,FileNotFoundError,0,0
cclib,CTp61euc_JBq5kMTN3ZCuVSBqINj,exciting,8CgjZq8tT6Wk_qw_N8qw7w/Sn2Se/1/SYMT2.OUT,0,error,FileNotFoundError,0,0
cclib,CTp61euc_JBq5kMTN3ZCuVSBqINj,exciting,8CgjZq8tT6Wk_qw_N8qw7w/Sn2Se/1/Se_ini.xml,0,error,FileNotFoundError,0,0
cclib,CTp61euc_JBq5kMTN3ZCuVSBqINj,exciting,8CgjZq8tT6Wk_qw_N8qw7w/Sn2Se/1/Sn_ini.xml,0,error,FileNotFoundError,0,0
cclib,CTp61euc_JBq5kMTN3ZCuVSBqINj,exciting,8CgjZq8tT6Wk_qw_N8qw7w/Sn2Se/1/Sn_scf.xml,0,error,FileNotFoundError,0,0
cclib,CTp61euc_JBq5kMTN3ZCuVSBqINj,exciting,8CgjZq8tT6Wk_qw_N8qw7w/Sn2Se/1/Se_scf.xml,0,error,FileNotFoundError,0,0
cclib,CTp61euc_JBq5kMTN3ZCuVSBqINj,exciting,8CgjZq8tT6Wk_qw_N8qw7w/Sn2Se/1/TOTENERGY.OUT,0,error,FileNotFoundError,0,0
cclib,CTp61euc_JBq5kMTN3ZCuVSBqINj,exciting,8CgjZq8tT6Wk_qw_N8qw7w/Sn2Se/1/atoms.xml,0,error,FileNotFoundError,0,0
cclib,-VzNnlku0TtqTklbRuDgiXVT795E,exciting,lO1jlxxeRKKURy4Fgso_oQ/Sn2Se/1/bandstructure.dat,0,error,FileNotFoundError,0,0
cclib,CTp61euc_JBq5kMTN3ZCuVSBqINj,exciting,8CgjZq8tT6Wk_qw_N8qw7w/Sn2Se/1/geometry.xml,0,error,FileNotFoundError,0,0
cclib,CTp61euc_JBq5kMTN3ZCuVSBqINj,exciting,8CgjZq8tT6Wk_qw_N8qw7w/Sn2Se/1/go,0,error,FileNotFoundError,0,0
cclib,CTp61euc_JBq5kMTN3ZCuVSBqINj,exciting,8CgjZq8tT6Wk_qw_N8qw7w/Sn2Se/1/info.xml,0,error,FileNotFoundError,0,0
cclib,CTp61euc_JBq5kMTN3ZCuVSBqINj,exciting,8CgjZq8tT6Wk_qw_N8qw7w/Sn2Se/1/input_GS.xml,0,error,FileNotFoundError,0,0
cclib,CTp61euc_JBq5kMTN3ZCuVSBqINj,exciting,8CgjZq8tT6Wk_qw_N8qw7w/Sn2Se/1/BAND.OUT,0,error,FileNotFoundError,0,0
cclib,GIgds3tnt7Y4G7S06OJySAN63ubH,VASP,PVFd-ql-QnGWZAzklz5MYQ/ldau65/scf/CHG,0,error,FileNotFoundError,0,0
cclib,GIgds3tnt7Y4G7S06OJySAN63ubH,VASP,PVFd-ql-QnGWZAzklz5MYQ/ldau65/scf/CONTCAR,0,error,FileNotFoundError,0,0
cclib,GIgds3tnt7Y4G7S06OJySAN63ubH,VASP,PVFd-ql-QnGWZAzklz5MYQ/ldau65/scf/DOSCAR,0,error,FileNotFoundError,0,0
cclib,GIgds3tnt7Y4G7S06OJySAN63ubH,VASP,PVFd-ql-QnGWZAzklz5MYQ/ldau65/scf/EIGENVAL,0,error,FileNotFoundError,0,0
ase,mbJdWz98ooWTe6iyr61yGztZ7rgy,FHI-aims,s7RWKK2cTgmBh_c5sD9m7A/MoS2/Vac/hse/aims.out,1,success,,1,0
cclib,GIgds3tnt7Y4G7S06OJySAN63ubH,VASP,PVFd-ql-QnGWZAzklz5MYQ/ldau65/scf/INCAR,0,error,FileNotFoundError,0,0
cclib,GIgds3tnt7Y4G7S06OJySAN63ubH,VASP,PVFd-ql-QnGWZAzklz5MYQ/ldau65/scf/KPOINTS,0,error,FileNotFoundError,0,0
cclib,GIgds3tnt7Y4G7S06OJySAN63ubH,VASP,PVFd-ql-QnGWZAzklz5MYQ/ldau65/scf/OSZICAR,0,error,FileNotFoundError,0,0
cclib,GIgds3tnt7Y4G7S06OJySAN63ubH,VASP,PVFd-ql-QnGWZAzklz5MYQ/ldau65/scf/IBZKPT,0,error,FileNotFoundError,0,0
cclib,GIgds3tnt7Y4G7S06OJySAN63ubH,VASP,PVFd-ql-QnGWZAzklz5MYQ/ldau65/scf/PCDAT,0,error,FileNotFoundError,0,0
cclib,GIgds3tnt7Y4G7S06OJySAN63ubH,VASP,PVFd-ql-QnGWZAzklz5MYQ/ldau65/scf/POSCAR,0,error,FileNotFoundError,0,0
cclib,GIgds3tnt7Y4G7S06OJySAN63ubH,VASP,PVFd-ql-QnGWZAzklz5MYQ/ldau65/scf/POTCAR.stripped,0,error,FileNotFoundError,0,0
cclib,GIgds3tnt7Y4G7S06OJySAN63ubH,VASP,PVFd-ql-QnGWZAzklz5MYQ/ldau65/scf/REPORT,0,error,FileNotFoundError,0,0
cclib,GIgds3tnt7Y4G7S06OJySAN63ubH,VASP,PVFd-ql-QnGWZAzklz5MYQ/ldau65/scf/XDATCAR,0,error,FileNotFoundError,0,0
cclib,GIgds3tnt7Y4G7S06OJySAN63ubH,VASP,PVFd-ql-QnGWZAzklz5MYQ/ldau65/scf/slurm-1453997.out,0,error,FileNotFoundError,0,0
cclib,GIgds3tnt7Y4G7S06OJySAN63ubH,VASP,PVFd-ql-QnGWZAzklz5MYQ/ldau65/scf/vasp.sh,0,error,FileNotFoundError,0,0
cclib,CTp61euc_JBq5kMTN3ZCuVSBqINj,exciting,8CgjZq8tT6Wk_qw_N8qw7w/Sn2Se/1/bandstructure.dat,0,error,FileNotFoundError,0,0
cclib,KOz5MBCBTBUOdBP20bX7zMiw6Fe4,Octopus,QCoX1W2NRPeX4Rz3iEfaPw/convergence,0,error,FileNotFoundError,0,0
cclib,KOz5MBCBTBUOdBP20bX7zMiw6Fe4,Octopus,QCoX1W2NRPeX4Rz3iEfaPw/eigenvalues,0,error,FileNotFoundError,0,0
cclib,KOz5MBCBTBUOdBP20bX7zMiw6Fe4,Octopus,QCoX1W2NRPeX4Rz3iEfaPw/inp,0,error,FileNotFoundError,0,0
cclib,GIgds3tnt7Y4G7S06OJySAN63ubH,VASP,PVFd-ql-QnGWZAzklz5MYQ/ldau65/scf/OUTCAR,0,error,FileNotFoundError,0,0
cclib,GIgds3tnt7Y4G7S06OJySAN63ubH,VASP,PVFd-ql-QnGWZAzklz5MYQ/ldau65/scf/vasprun.xml,1,error,FileNotFoundError,0,0
cclib,KOz5MBCBTBUOdBP20bX7zMiw6Fe4,Octopus,QCoX1W2NRPeX4Rz3iEfaPw/ks_me_dipole.k1_x,0,error,FileNotFoundError,0,0
cclib,KOz5MBCBTBUOdBP20bX7zMiw6Fe4,Octopus,QCoX1W2NRPeX4Rz3iEfaPw/ks_me_dipole.k1_y,0,error,FileNotFoundError,0,0
cclib,KOz5MBCBTBUOdBP20bX7zMiw6Fe4,Octopus,QCoX1W2NRPeX4Rz3iEfaPw/output.out,1,error,FileNotFoundError,0,0
cclib,N5IbCCIsCp3TgTM-zQLcXZIWlCcH,Gaussian,JPGMC2nNT1WHZrEPw_chUw/Calculations/Gaussian09/Minima Optimization/Water/H2O.err,0,error,FileNotFoundError,0,0
cclib,N5IbCCIsCp3TgTM-zQLcXZIWlCcH,Gaussian,JPGMC2nNT1WHZrEPw_chUw/Calculations/Gaussian09/Minima Optimization/Water/H2O.gjf,0,error,FileNotFoundError,0,0
cclib,N5IbCCIsCp3TgTM-zQLcXZIWlCcH,Gaussian,JPGMC2nNT1WHZrEPw_chUw/Calculations/Gaussian09/Minima Optimization/Water/H2O.log,1,success,,1,1
cclib,N5IbCCIsCp3TgTM-zQLcXZIWlCcH,Gaussian,JPGMC2nNT1WHZrEPw_chUw/Calculations/Gaussian09/Minima Optimization/Water/H2O.out,0,error,FileNotFoundError,0,0
cclib,NBOCe85s8_8stAsSeav4Do7FGiPs,LAMMPS,mwKkPSBPTxyCgUfPHXXkhw/scratch/09487/znamenski/W64x64/W64x64.e1328804,0,error,FileNotFoundError,0,0
cclib,NBOCe85s8_8stAsSeav4Do7FGiPs,LAMMPS,mwKkPSBPTxyCgUfPHXXkhw/scratch/09487/znamenski/W64x64/W64x64.e1328824,0,error,FileNotFoundError,0,0
cclib,NBOCe85s8_8stAsSeav4Do7FGiPs,LAMMPS,mwKkPSBPTxyCgUfPHXXkhw/scratch/09487/znamenski/W64x64/W64x64.e1328839,0,error,FileNotFoundError,0,0
cclib,NBOCe85s8_8stAsSeav4Do7FGiPs,LAMMPS,mwKkPSBPTxyCgUfPHXXkhw/scratch/09487/znamenski/W64x64/W64x64.lmp,0,error,FileNotFoundError,0,0
cclib,NBOCe85s8_8stAsSeav4Do7FGiPs,LAMMPS,mwKkPSBPTxyCgUfPHXXkhw/scratch/09487/znamenski/W64x64/W64x64.log,0,error,FileNotFoundError,0,0
cclib,NBOCe85s8_8stAsSeav4Do7FGiPs,LAMMPS,mwKkPSBPTxyCgUfPHXXkhw/scratch/09487/znamenski/W64x64/W64x64.o1328804,0,error,FileNotFoundError,0,0
cclib,CTp61euc_JBq5kMTN3ZCuVSBqINj,exciting,8CgjZq8tT6Wk_qw_N8qw7w/Sn2Se/1/bandstructure.xml,0,error,FileNotFoundError,0,0
cclib,NBOCe85s8_8stAsSeav4Do7FGiPs,LAMMPS,mwKkPSBPTxyCgUfPHXXkhw/scratch/09487/znamenski/W64x64/W64x64.o1328824,0,error,FileNotFoundError,0,0
cclib,NBOCe85s8_8stAsSeav4Do7FGiPs,LAMMPS,mwKkPSBPTxyCgUfPHXXkhw/scratch/09487/znamenski/W64x64/W64x64.sh,0,error,FileNotFoundError,0,0
cclib,NBOCe85s8_8stAsSeav4Do7FGiPs,LAMMPS,mwKkPSBPTxyCgUfPHXXkhw/scratch/09487/znamenski/W64x64/log.lammps,1,error,FileNotFoundError,0,0
cclib,NBOCe85s8_8stAsSeav4Do7FGiPs,LAMMPS,mwKkPSBPTxyCgUfPHXXkhw/scratch/09487/znamenski/W64x64/W64x64.o1328839,0,error,FileNotFoundError,0,0
cclib,NcjV1wLuShzcKbCQNyx9WYfgl-sj,FHI-aims,s7RWKK2cTgmBh_c5sD9m7A/MoS2/Vac/intermediate/11geo.in,0,error,FileNotFoundError,0,0
cclib,NcjV1wLuShzcKbCQNyx9WYfgl-sj,FHI-aims,s7RWKK2cTgmBh_c5sD9m7A/MoS2/Vac/intermediate/control.in,0,error,FileNotFoundError,0,0
cclib,NcjV1wLuShzcKbCQNyx9WYfgl-sj,FHI-aims,s7RWKK2cTgmBh_c5sD9m7A/MoS2/Vac/intermediate/geometry.in,0,error,FileNotFoundError,0,0
cclib,KOz5MBCBTBUOdBP20bX7zMiw6Fe4,Octopus,QCoX1W2NRPeX4Rz3iEfaPw/ks_me_dipole.k1_z,0,error,FileNotFoundError,0,0
cclib,NcjV1wLuShzcKbCQNyx9WYfgl-sj,FHI-aims,s7RWKK2cTgmBh_c5sD9m7A/MoS2/Vac/intermediate/geometry.in.next_step,0,error,FileNotFoundError,0,0
cclib,OmD7TXGKSfdnqzjg48C4MWsg-NiY,GPAW,UhPjAI9qSx2ARyYvTkOSOg/ZnO/tree/materials/Zn2O2-Apr29-544eV-G885/WaveFunctions/gs_gw.txt,0,error,FileNotFoundError,0,0
cclib,GIgds3tnt7Y4G7S06OJySAN63ubH,VASP,PVFd-ql-QnGWZAzklz5MYQ/ldau65/scf/CHGCAR,0,error,FileNotFoundError,0,0
cclib,OmD7TXGKSfdnqzjg48C4MWsg-NiY,GPAW,UhPjAI9qSx2ARyYvTkOSOg/ZnO/tree/materials/Zn2O2-Apr29-544eV-G885/WaveFunctions/input.json,0,error,FileNotFoundError,0,0
cclib,OmD7TXGKSfdnqzjg48C4MWsg-NiY,GPAW,UhPjAI9qSx2ARyYvTkOSOg/ZnO/tree/materials/Zn2O2-Apr29-544eV-G885/WaveFunctions/output.json,0,error,FileNotFoundError,0,0
cclib,QTNlDyNK-XK_OYZ21JKIDqGn2axi,VASP,PVFd-ql-QnGWZAzklz5MYQ/ldau65/CHG,0,error,FileNotFoundError,0,0
cclib,NcjV1wLuShzcKbCQNyx9WYfgl-sj,FHI-aims,s7RWKK2cTgmBh_c5sD9m7A/MoS2/Vac/intermediate/aims.out,1,error,AttributeError,0,0
cclib,QTNlDyNK-XK_OYZ21JKIDqGn2axi,VASP,PVFd-ql-QnGWZAzklz5MYQ/ldau65/CONTCAR,0,error,FileNotFoundError,0,0
cclib,QTNlDyNK-XK_OYZ21JKIDqGn2axi,VASP,PVFd-ql-QnGWZAzklz5MYQ/ldau65/DOSCAR,0,error,FileNotFoundError,0,0
cclib,QTNlDyNK-XK_OYZ21JKIDqGn2axi,VASP,PVFd-ql-QnGWZAzklz5MYQ/ldau65/EIGENVAL,0,error,FileNotFoundError,0,0
cclib,QTNlDyNK-XK_OYZ21JKIDqGn2axi,VASP,PVFd-ql-QnGWZAzklz5MYQ/ldau65/IBZKPT,0,error,FileNotFoundError,0,0
cclib,QTNlDyNK-XK_OYZ21JKIDqGn2axi,VASP,PVFd-ql-QnGWZAzklz5MYQ/ldau65/INCAR,0,error,FileNotFoundError,0,0
cclib,QTNlDyNK-XK_OYZ21JKIDqGn2axi,VASP,PVFd-ql-QnGWZAzklz5MYQ/ldau65/KPOINTS,0,error,FileNotFoundError,0,0
cclib,QTNlDyNK-XK_OYZ21JKIDqGn2axi,VASP,PVFd-ql-QnGWZAzklz5MYQ/ldau65/OSZICAR,0,error,FileNotFoundError,0,0
cclib,QTNlDyNK-XK_OYZ21JKIDqGn2axi,VASP,PVFd-ql-QnGWZAzklz5MYQ/ldau65/OUTCAR,0,error,FileNotFoundError,0,0
cclib,QTNlDyNK-XK_OYZ21JKIDqGn2axi,VASP,PVFd-ql-QnGWZAzklz5MYQ/ldau65/PCDAT,0,error,FileNotFoundError,0,0
cclib,QTNlDyNK-XK_OYZ21JKIDqGn2axi,VASP,PVFd-ql-QnGWZAzklz5MYQ/ldau65/POSCAR,0,error,FileNotFoundError,0,0
cclib,QTNlDyNK-XK_OYZ21JKIDqGn2axi,VASP,PVFd-ql-QnGWZAzklz5MYQ/ldau65/POTCAR.stripped,0,error,FileNotFoundError,0,0
cclib,QTNlDyNK-XK_OYZ21JKIDqGn2axi,VASP,PVFd-ql-QnGWZAzklz5MYQ/ldau65/REPORT,0,error,FileNotFoundError,0,0
cclib,QTNlDyNK-XK_OYZ21JKIDqGn2axi,VASP,PVFd-ql-QnGWZAzklz5MYQ/ldau65/XDATCAR,0,error,FileNotFoundError,0,0
cclib,QTNlDyNK-XK_OYZ21JKIDqGn2axi,VASP,PVFd-ql-QnGWZAzklz5MYQ/ldau65/slurm-1453983.out,0,error,FileNotFoundError,0,0
cclib,QTNlDyNK-XK_OYZ21JKIDqGn2axi,VASP,PVFd-ql-QnGWZAzklz5MYQ/ldau65/vasp.sh,0,error,FileNotFoundError,0,0
cclib,QTNlDyNK-XK_OYZ21JKIDqGn2axi,VASP,PVFd-ql-QnGWZAzklz5MYQ/ldau65/vasprun.xml,1,error,FileNotFoundError,0,0
cclib,SHh1xr_l58eCk-JphIicR28nv6Yn,ONETEP,DLpXm6AbTc64oVO8luYgag/onetep/single_point_2.out,1,error,FileNotFoundError,0,0
cclib,SMaGnwZkstE9pgZ5kY2nTsbB8F6R,FHI-aims,s7RWKK2cTgmBh_c5sD9m7A/MoS2/Au_Vac/intermediate/11geo.in,0,error,FileNotFoundError,0,0
cclib,QTNlDyNK-XK_OYZ21JKIDqGn2axi,VASP,PVFd-ql-QnGWZAzklz5MYQ/ldau65/CHGCAR,0,error,FileNotFoundError,0,0
cclib,SMaGnwZkstE9pgZ5kY2nTsbB8F6R,FHI-aims,s7RWKK2cTgmBh_c5sD9m7A/MoS2/Au_Vac/intermediate/control.in,0,error,FileNotFoundError,0,0
cclib,SMaGnwZkstE9pgZ5kY2nTsbB8F6R,FHI-aims,s7RWKK2cTgmBh_c5sD9m7A/MoS2/Au_Vac/intermediate/geometry.in,0,error,FileNotFoundError,0,0
cclib,SMaGnwZkstE9pgZ5kY2nTsbB8F6R,FHI-aims,s7RWKK2cTgmBh_c5sD9m7A/MoS2/Au_Vac/intermediate/geometry.in.next_step,0,error,FileNotFoundError,0,0
cclib,SMaGnwZkstE9pgZ5kY2nTsbB8F6R,FHI-aims,s7RWKK2cTgmBh_c5sD9m7A/MoS2/Au_Vac/intermediate/aims.out,1,error,AttributeError,0,0
cclib,TEmqes8EM9dsrpSPHEGZelHkRL3R,ABINIT,8CgjZq8tT6Wk_qw_N8qw7w/ZnSe/1/run.abi,0,error,FileNotFoundError,0,0
cclib,TEmqes8EM9dsrpSPHEGZelHkRL3R,ABINIT,8CgjZq8tT6Wk_qw_N8qw7w/ZnSe/1/run.abo,1,error,FileNotFoundError,0,0
cclib,TEmqes8EM9dsrpSPHEGZelHkRL3R,ABINIT,8CgjZq8tT6Wk_qw_N8qw7w/ZnSe/1/run.log,0,error,FileNotFoundError,0,0
cclib,TRpxYNCXoPIhy1jB15tmKpLHyqCE,Gaussian,d9DagJChRxyeUKBEwzSiFw/G-I-O-P-gjf-out/G.LOG,1,success,,1,1
cclib,TRpxYNCXoPIhy1jB15tmKpLHyqCE,Gaussian,d9DagJChRxyeUKBEwzSiFw/G-I-O-P-gjf-out/G.gjf,0,error,FileNotFoundError,0,0
cclib,TRpxYNCXoPIhy1jB15tmKpLHyqCE,Gaussian,d9DagJChRxyeUKBEwzSiFw/G-I-O-P-gjf-out/G.mol,0,error,FileNotFoundError,0,0
cclib,TRpxYNCXoPIhy1jB15tmKpLHyqCE,Gaussian,d9DagJChRxyeUKBEwzSiFw/G-I-O-P-gjf-out/I.LOG,0,success,,1,1
cclib,TRpxYNCXoPIhy1jB15tmKpLHyqCE,Gaussian,d9DagJChRxyeUKBEwzSiFw/G-I-O-P-gjf-out/I.gjf,0,error,FileNotFoundError,0,0
cclib,TRpxYNCXoPIhy1jB15tmKpLHyqCE,Gaussian,d9DagJChRxyeUKBEwzSiFw/G-I-O-P-gjf-out/I.mol,0,error,FileNotFoundError,0,0
cclib,TRpxYNCXoPIhy1jB15tmKpLHyqCE,Gaussian,d9DagJChRxyeUKBEwzSiFw/G-I-O-P-gjf-out/O.LOG,0,success,,1,1
cclib,TRpxYNCXoPIhy1jB15tmKpLHyqCE,Gaussian,d9DagJChRxyeUKBEwzSiFw/G-I-O-P-gjf-out/O.gjf,0,error,FileNotFoundError,0,0
cclib,TRpxYNCXoPIhy1jB15tmKpLHyqCE,Gaussian,d9DagJChRxyeUKBEwzSiFw/G-I-O-P-gjf-out/O.mol,0,error,FileNotFoundError,0,0
cclib,TRpxYNCXoPIhy1jB15tmKpLHyqCE,Gaussian,d9DagJChRxyeUKBEwzSiFw/G-I-O-P-gjf-out/P.LOG,0,success,,1,1
cclib,TRpxYNCXoPIhy1jB15tmKpLHyqCE,Gaussian,d9DagJChRxyeUKBEwzSiFw/G-I-O-P-gjf-out/P.gjf,0,error,FileNotFoundError,0,0
cclib,TRpxYNCXoPIhy1jB15tmKpLHyqCE,Gaussian,d9DagJChRxyeUKBEwzSiFw/G-I-O-P-gjf-out/P.mol,0,error,FileNotFoundError,0,0
cclib,UJcTclMEejNtTbcYO2enL2OM0PSG,ABINIT,lO1jlxxeRKKURy4Fgso_oQ/ZnSe/1/run.abi,0,error,FileNotFoundError,0,0
cclib,UJcTclMEejNtTbcYO2enL2OM0PSG,ABINIT,lO1jlxxeRKKURy4Fgso_oQ/ZnSe/1/run.abo,1,error,FileNotFoundError,0,0
cclib,UJcTclMEejNtTbcYO2enL2OM0PSG,ABINIT,lO1jlxxeRKKURy4Fgso_oQ/ZnSe/1/run.log,0,error,FileNotFoundError,0,0
cclib,N5IbCCIsCp3TgTM-zQLcXZIWlCcH,Gaussian,JPGMC2nNT1WHZrEPw_chUw/Calculations/Gaussian09/Minima Optimization/Water/H2O.chk,0,error,FileNotFoundError,0,0
cclib,_4eGoIDqu6NZcvw14Y9VyFJtykSr,VASP,PVFd-ql-QnGWZAzklz5MYQ/ldau65/scf/band/BAND.dat,0,error,FileNotFoundError,0,0
cclib,_4eGoIDqu6NZcvw14Y9VyFJtykSr,VASP,PVFd-ql-QnGWZAzklz5MYQ/ldau65/scf/band/BAND_GAP,0,error,FileNotFoundError,0,0
cclib,_4eGoIDqu6NZcvw14Y9VyFJtykSr,VASP,PVFd-ql-QnGWZAzklz5MYQ/ldau65/scf/band/BAND.jpg,0,error,FileNotFoundError,0,0
cclib,_4eGoIDqu6NZcvw14Y9VyFJtykSr,VASP,PVFd-ql-QnGWZAzklz5MYQ/ldau65/scf/band/CHG,0,error,FileNotFoundError,0,0
cclib,_4eGoIDqu6NZcvw14Y9VyFJtykSr,VASP,PVFd-ql-QnGWZAzklz5MYQ/ldau65/scf/band/CONTCAR,0,error,FileNotFoundError,0,0
cclib,_4eGoIDqu6NZcvw14Y9VyFJtykSr,VASP,PVFd-ql-QnGWZAzklz5MYQ/ldau65/scf/band/DOSCAR,0,error,FileNotFoundError,0,0
cclib,_4eGoIDqu6NZcvw14Y9VyFJtykSr,VASP,PVFd-ql-QnGWZAzklz5MYQ/ldau65/scf/band/EIGENVAL,0,error,FileNotFoundError,0,0
cclib,_4eGoIDqu6NZcvw14Y9VyFJtykSr,VASP,PVFd-ql-QnGWZAzklz5MYQ/ldau65/scf/band/FERMI_ENERGY,0,error,FileNotFoundError,0,0
cclib,_4eGoIDqu6NZcvw14Y9VyFJtykSr,VASP,PVFd-ql-QnGWZAzklz5MYQ/ldau65/scf/band/INCAR,0,error,FileNotFoundError,0,0
cclib,_4eGoIDqu6NZcvw14Y9VyFJtykSr,VASP,PVFd-ql-QnGWZAzklz5MYQ/ldau65/scf/band/KLABELS,0,error,FileNotFoundError,0,0
cclib,_4eGoIDqu6NZcvw14Y9VyFJtykSr,VASP,PVFd-ql-QnGWZAzklz5MYQ/ldau65/scf/band/KLINES.dat,0,error,FileNotFoundError,0,0
cclib,_4eGoIDqu6NZcvw14Y9VyFJtykSr,VASP,PVFd-ql-QnGWZAzklz5MYQ/ldau65/scf/band/KPOINTS,0,error,FileNotFoundError,0,0
cclib,_4eGoIDqu6NZcvw14Y9VyFJtykSr,VASP,PVFd-ql-QnGWZAzklz5MYQ/ldau65/scf/band/OSZICAR,0,error,FileNotFoundError,0,0
cclib,_4eGoIDqu6NZcvw14Y9VyFJtykSr,VASP,PVFd-ql-QnGWZAzklz5MYQ/ldau65/scf/band/OUTCAR,0,error,FileNotFoundError,0,0
cclib,_4eGoIDqu6NZcvw14Y9VyFJtykSr,VASP,PVFd-ql-QnGWZAzklz5MYQ/ldau65/scf/band/PCDAT,0,error,FileNotFoundError,0,0
cclib,_4eGoIDqu6NZcvw14Y9VyFJtykSr,VASP,PVFd-ql-QnGWZAzklz5MYQ/ldau65/scf/band/PLOT.in,0,error,FileNotFoundError,0,0
cclib,_4eGoIDqu6NZcvw14Y9VyFJtykSr,VASP,PVFd-ql-QnGWZAzklz5MYQ/ldau65/scf/band/POSCAR,0,error,FileNotFoundError,0,0
cclib,_4eGoIDqu6NZcvw14Y9VyFJtykSr,VASP,PVFd-ql-QnGWZAzklz5MYQ/ldau65/scf/band/POTCAR.stripped,0,error,FileNotFoundError,0,0
cclib,_4eGoIDqu6NZcvw14Y9VyFJtykSr,VASP,PVFd-ql-QnGWZAzklz5MYQ/ldau65/scf/band/PROCAR,0,error,FileNotFoundError,0,0
cclib,_4eGoIDqu6NZcvw14Y9VyFJtykSr,VASP,PVFd-ql-QnGWZAzklz5MYQ/ldau65/scf/band/REFORMATTED_BAND.dat,0,error,FileNotFoundError,0,0
cclib,_4eGoIDqu6NZcvw14Y9VyFJtykSr,VASP,PVFd-ql-QnGWZAzklz5MYQ/ldau65/scf/band/REPORT,0,error,FileNotFoundError,0,0
cclib,_4eGoIDqu6NZcvw14Y9VyFJtykSr,VASP,PVFd-ql-QnGWZAzklz5MYQ/ldau65/scf/band/XDATCAR,0,error,FileNotFoundError,0,0
cclib,_4eGoIDqu6NZcvw14Y9VyFJtykSr,VASP,PVFd-ql-QnGWZAzklz5MYQ/ldau65/scf/band/slurm-1454043.out,0,error,FileNotFoundError,0,0
cclib,_4eGoIDqu6NZcvw14Y9VyFJtykSr,VASP,PVFd-ql-QnGWZAzklz5MYQ/ldau65/scf/band/vasp.sh,0,error,FileNotFoundError,0,0
cclib,_4eGoIDqu6NZcvw14Y9VyFJtykSr,VASP,PVFd-ql-QnGWZAzklz5MYQ/ldau65/scf/band/CHGCAR,0,error,FileNotFoundError,0,0
cclib,ebTSTiuPZWDnFoJgFsqCAvFX_-GT,GPAW,v8so8T4nRrC7GD-yV59PDA/production_Apr29_Zr2Y2O7_10Ha_444/tree/444/materials/ZrY2ZrO7-Apr29-272eV-G444/WaveFunctions/gs_gw.txt,0,error,FileNotFoundError,0,0
cclib,_4eGoIDqu6NZcvw14Y9VyFJtykSr,VASP,PVFd-ql-QnGWZAzklz5MYQ/ldau65/scf/band/vasprun.xml,1,error,FileNotFoundError,0,0
cclib,ebTSTiuPZWDnFoJgFsqCAvFX_-GT,GPAW,v8so8T4nRrC7GD-yV59PDA/production_Apr29_Zr2Y2O7_10Ha_444/tree/444/materials/ZrY2ZrO7-Apr29-272eV-G444/WaveFunctions/input.json,0,error,FileNotFoundError,0,0
cclib,ebTSTiuPZWDnFoJgFsqCAvFX_-GT,GPAW,v8so8T4nRrC7GD-yV59PDA/production_Apr29_Zr2Y2O7_10Ha_444/tree/444/materials/ZrY2ZrO7-Apr29-272eV-G444/WaveFunctions/output.json,0,error,FileNotFoundError,0,0
cclib,fr50Zj7V_qCFMt401DJwQW4l11wK,GAMESS,58G9YZi8SMS2QATRSom9MQ/RCWnE6CiPA8v5vyGpJEV5BKIm4XSC/data/tcnedim/tcnedim_b3_1_a.inp,0,empty,,0,0
cclib,fr50Zj7V_qCFMt401DJwQW4l11wK,GAMESS,58G9YZi8SMS2QATRSom9MQ/RCWnE6CiPA8v5vyGpJEV5BKIm4XSC/data/tcnedim/tcnedim_b3_1_a.out,0,success,,1,1
cclib,fr50Zj7V_qCFMt401DJwQW4l11wK,GAMESS,58G9YZi8SMS2QATRSom9MQ/RCWnE6CiPA8v5vyGpJEV5BKIm4XSC/data/tcnedim/tcnedim_b3_1_b.inp,0,empty,,0,0
cclib,fr50Zj7V_qCFMt401DJwQW4l11wK,GAMESS,58G9YZi8SMS2QATRSom9MQ/RCWnE6CiPA8v5vyGpJEV5BKIm4XSC/data/tcnedim/tcnedim_b3_1_b.out,1,success,,1,1
cclib,fr50Zj7V_qCFMt401DJwQW4l11wK,GAMESS,58G9YZi8SMS2QATRSom9MQ/RCWnE6CiPA8v5vyGpJEV5BKIm4XSC/data/tcnedim/tcnedim_b3_1_c.inp,0,empty,,0,0
cclib,fr50Zj7V_qCFMt401DJwQW4l11wK,GAMESS,58G9YZi8SMS2QATRSom9MQ/RCWnE6CiPA8v5vyGpJEV5BKIm4XSC/data/tcnedim/tcnedim_b3_1_c.out,0,success,,1,1
cclib,fr50Zj7V_qCFMt401DJwQW4l11wK,GAMESS,58G9YZi8SMS2QATRSom9MQ/RCWnE6CiPA8v5vyGpJEV5BKIm4XSC/data/tcnedim/tcnedim_b3_1bs_a.inp,0,empty,,0,0
cclib,fr50Zj7V_qCFMt401DJwQW4l11wK,GAMESS,58G9YZi8SMS2QATRSom9MQ/RCWnE6CiPA8v5vyGpJEV5BKIm4XSC/data/tcnedim/tcnedim_b3_1bs_a.out,0,success,,1,1
cclib,fr50Zj7V_qCFMt401DJwQW4l11wK,GAMESS,58G9YZi8SMS2QATRSom9MQ/RCWnE6CiPA8v5vyGpJEV5BKIm4XSC/data/tcnedim/tcnedim_b3_1bs_b.inp,0,empty,,0,0
cclib,fr50Zj7V_qCFMt401DJwQW4l11wK,GAMESS,58G9YZi8SMS2QATRSom9MQ/RCWnE6CiPA8v5vyGpJEV5BKIm4XSC/data/tcnedim/tcnedim_b3_1bs_b.out,0,success,,1,1
cclib,fr50Zj7V_qCFMt401DJwQW4l11wK,GAMESS,58G9YZi8SMS2QATRSom9MQ/RCWnE6CiPA8v5vyGpJEV5BKIm4XSC/data/tcnedim/tcnedim_b3_1bs_c.inp,0,empty,,0,0
cclib,fr50Zj7V_qCFMt401DJwQW4l11wK,GAMESS,58G9YZi8SMS2QATRSom9MQ/RCWnE6CiPA8v5vyGpJEV5BKIm4XSC/data/tcnedim/tcnedim_b3_1bs_c.out,0,success,,1,1
cclib,fr50Zj7V_qCFMt401DJwQW4l11wK,GAMESS,58G9YZi8SMS2QATRSom9MQ/RCWnE6CiPA8v5vyGpJEV5BKIm4XSC/data/tcnedim/tcnedim_b3_3_a.inp,0,empty,,0,0
cclib,fr50Zj7V_qCFMt401DJwQW4l11wK,GAMESS,58G9YZi8SMS2QATRSom9MQ/RCWnE6CiPA8v5vyGpJEV5BKIm4XSC/data/tcnedim/tcnedim_b3_3_a.out,0,success,,1,1
cclib,fr50Zj7V_qCFMt401DJwQW4l11wK,GAMESS,58G9YZi8SMS2QATRSom9MQ/RCWnE6CiPA8v5vyGpJEV5BKIm4XSC/data/tcnedim/tcnedim_b3_3_b.inp,0,empty,,0,0
cclib,fr50Zj7V_qCFMt401DJwQW4l11wK,GAMESS,58G9YZi8SMS2QATRSom9MQ/RCWnE6CiPA8v5vyGpJEV5BKIm4XSC/data/tcnedim/tcnedim_b3_3_b.out,0,success,,1,1
cclib,fr50Zj7V_qCFMt401DJwQW4l11wK,GAMESS,58G9YZi8SMS2QATRSom9MQ/RCWnE6CiPA8v5vyGpJEV5BKIm4XSC/data/tcnedim/tcnedim_b3_3_c.inp,0,empty,,0,0
cclib,fr50Zj7V_qCFMt401DJwQW4l11wK,GAMESS,58G9YZi8SMS2QATRSom9MQ/RCWnE6CiPA8v5vyGpJEV5BKIm4XSC/data/tcnedim/tcnedim_b3_3_c.out,0,success,,1,1
cclib,fr50Zj7V_qCFMt401DJwQW4l11wK,GAMESS,58G9YZi8SMS2QATRSom9MQ/RCWnE6CiPA8v5vyGpJEV5BKIm4XSC/data/tcnedim/tcnedim_b3_dis_3.inp,0,empty,,0,0
cclib,fr50Zj7V_qCFMt401DJwQW4l11wK,GAMESS,58G9YZi8SMS2QATRSom9MQ/RCWnE6CiPA8v5vyGpJEV5BKIm4XSC/data/tcnedim/tcnedim_b3_dis_3.out,0,error,ValueError,0,0
cclib,fr50Zj7V_qCFMt401DJwQW4l11wK,GAMESS,58G9YZi8SMS2QATRSom9MQ/RCWnE6CiPA8v5vyGpJEV5BKIm4XSC/data/tcnedim/tcnedim_cas22mp2_1_a.inp,0,error,ValueError,0,0
cclib,fr50Zj7V_qCFMt401DJwQW4l11wK,GAMESS,58G9YZi8SMS2QATRSom9MQ/RCWnE6CiPA8v5vyGpJEV5BKIm4XSC/data/tcnedim/tcnedim_cas22mp2_1_a.out,0,success,,1,1
cclib,fr50Zj7V_qCFMt401DJwQW4l11wK,GAMESS,58G9YZi8SMS2QATRSom9MQ/RCWnE6CiPA8v5vyGpJEV5BKIm4XSC/data/tcnedim/tcnedim_cas22mp2_1_b.inp,0,error,ValueError,0,0
cclib,fr50Zj7V_qCFMt401DJwQW4l11wK,GAMESS,58G9YZi8SMS2QATRSom9MQ/RCWnE6CiPA8v5vyGpJEV5BKIm4XSC/data/tcnedim/tcnedim_cas22mp2_1_b.out,0,success,,1,1
cclib,fr50Zj7V_qCFMt401DJwQW4l11wK,GAMESS,58G9YZi8SMS2QATRSom9MQ/RCWnE6CiPA8v5vyGpJEV5BKIm4XSC/data/tcnedim/tcnedim_cas22mp2_1_c.inp,0,error,ValueError,0,0
cclib,fr50Zj7V_qCFMt401DJwQW4l11wK,GAMESS,58G9YZi8SMS2QATRSom9MQ/RCWnE6CiPA8v5vyGpJEV5BKIm4XSC/data/tcnedim/tcnedim_cas22mp2_1_c.out,0,success,,1,1
cclib,fr50Zj7V_qCFMt401DJwQW4l11wK,GAMESS,58G9YZi8SMS2QATRSom9MQ/RCWnE6CiPA8v5vyGpJEV5BKIm4XSC/data/tcnedim/tcnedim_cas22mp2_dis_1.inp,0,error,ValueError,0,0
cclib,fr50Zj7V_qCFMt401DJwQW4l11wK,GAMESS,58G9YZi8SMS2QATRSom9MQ/RCWnE6CiPA8v5vyGpJEV5BKIm4XSC/data/tcnedim/tcnedim_cas22mp2_dis_1.out,0,error,ValueError,0,0
cclib,fr50Zj7V_qCFMt401DJwQW4l11wK,GAMESS,58G9YZi8SMS2QATRSom9MQ/RCWnE6CiPA8v5vyGpJEV5BKIm4XSC/data/tcnedim/tcnedim_rmp2_1_a.inp,0,empty,,0,0
cclib,fr50Zj7V_qCFMt401DJwQW4l11wK,GAMESS,58G9YZi8SMS2QATRSom9MQ/RCWnE6CiPA8v5vyGpJEV5BKIm4XSC/data/tcnedim/tcnedim_rmp2_1_a.out,0,success,,1,1
cclib,fr50Zj7V_qCFMt401DJwQW4l11wK,GAMESS,58G9YZi8SMS2QATRSom9MQ/RCWnE6CiPA8v5vyGpJEV5BKIm4XSC/data/tcnedim/tcnedim_rmp2_1_b.inp,0,empty,,0,0
cclib,fr50Zj7V_qCFMt401DJwQW4l11wK,GAMESS,58G9YZi8SMS2QATRSom9MQ/RCWnE6CiPA8v5vyGpJEV5BKIm4XSC/data/tcnedim/tcnedim_rmp2_1_b.out,0,success,,1,1
cclib,fr50Zj7V_qCFMt401DJwQW4l11wK,GAMESS,58G9YZi8SMS2QATRSom9MQ/RCWnE6CiPA8v5vyGpJEV5BKIm4XSC/data/tcnedim/tcnedim_rmp2_1_c.inp,0,empty,,0,0
cclib,fr50Zj7V_qCFMt401DJwQW4l11wK,GAMESS,58G9YZi8SMS2QATRSom9MQ/RCWnE6CiPA8v5vyGpJEV5BKIm4XSC/data/tcnedim/tcnedim_rmp2_1_c.out,0,success,,1,1
cclib,fr50Zj7V_qCFMt401DJwQW4l11wK,GAMESS,58G9YZi8SMS2QATRSom9MQ/RCWnE6CiPA8v5vyGpJEV5BKIm4XSC/data/tcnedim/tcnedim_romp2_3_a.inp,0,error,ValueError,0,0
cclib,fr50Zj7V_qCFMt401DJwQW4l11wK,GAMESS,58G9YZi8SMS2QATRSom9MQ/RCWnE6CiPA8v5vyGpJEV5BKIm4XSC/data/tcnedim/tcnedim_romp2_3_a.out,0,success,,1,1
cclib,-VzNnlku0TtqTklbRuDgiXVT795E,exciting,lO1jlxxeRKKURy4Fgso_oQ/Sn2Se/1/EIGVAL.OUT,0,error,FileNotFoundError,0,0
cclib,fr50Zj7V_qCFMt401DJwQW4l11wK,GAMESS,58G9YZi8SMS2QATRSom9MQ/RCWnE6CiPA8v5vyGpJEV5BKIm4XSC/data/tcnedim/tcnedim_romp2_3_b.inp,0,error,ValueError,0,0
cclib,9IH2u4pYPkh3uJjwX0TrUQOrUAuF,ABINIT,bOymleKaQgOAyWEI61EIpQ/bandstructure/relax/graphene_o_DS1_WFK,0,error,FileNotFoundError,0,0
cclib,fr50Zj7V_qCFMt401DJwQW4l11wK,GAMESS,58G9YZi8SMS2QATRSom9MQ/RCWnE6CiPA8v5vyGpJEV5BKIm4XSC/data/tcnedim/tcnedim_romp2_3_b.out,0,success,,1,1
cclib,fr50Zj7V_qCFMt401DJwQW4l11wK,GAMESS,58G9YZi8SMS2QATRSom9MQ/RCWnE6CiPA8v5vyGpJEV5BKIm4XSC/data/tcnedim/tcnedim_romp2_3_c.inp,0,error,ValueError,0,0
cclib,fr50Zj7V_qCFMt401DJwQW4l11wK,GAMESS,58G9YZi8SMS2QATRSom9MQ/RCWnE6CiPA8v5vyGpJEV5BKIm4XSC/data/tcnedim/tcnedim_romp2_dis_3.inp,0,error,ValueError,0,0
cclib,iBIeUIvhEDHWwRGRXri8-gJqbWeZ,exciting,qpxNMvKmRhqq_F-CfHJw8Q/C.xml,0,error,FileNotFoundError,0,0
cclib,fr50Zj7V_qCFMt401DJwQW4l11wK,GAMESS,58G9YZi8SMS2QATRSom9MQ/RCWnE6CiPA8v5vyGpJEV5BKIm4XSC/data/tcnedim/tcnedim_romp2_dis_3.out,0,error,ValueError,0,0
cclib,fr50Zj7V_qCFMt401DJwQW4l11wK,GAMESS,58G9YZi8SMS2QATRSom9MQ/RCWnE6CiPA8v5vyGpJEV5BKIm4XSC/data/tcnedim/tcnedim_romp2_3_c.out,0,success,,1,1
cclib,CTp61euc_JBq5kMTN3ZCuVSBqINj,exciting,8CgjZq8tT6Wk_qw_N8qw7w/Sn2Se/1/EIGVAL.OUT,0,error,FileNotFoundError,0,0
cclib,NcjV1wLuShzcKbCQNyx9WYfgl-sj,FHI-aims,s7RWKK2cTgmBh_c5sD9m7A/MoS2/Vac/intermediate/hessian.aims,0,error,FileNotFoundError,0,0
cclib,OmD7TXGKSfdnqzjg48C4MWsg-NiY,GPAW,UhPjAI9qSx2ARyYvTkOSOg/ZnO/tree/materials/Zn2O2-Apr29-544eV-G885/WaveFunctions/gs_gw_nowfs.gpw,1,error,FileNotFoundError,0,0
cclib,SMaGnwZkstE9pgZ5kY2nTsbB8F6R,FHI-aims,s7RWKK2cTgmBh_c5sD9m7A/MoS2/Au_Vac/intermediate/hessian.aims,0,error,FileNotFoundError,0,0
cclib,iBIeUIvhEDHWwRGRXri8-gJqbWeZ,exciting,qpxNMvKmRhqq_F-CfHJw8Q/DVEFF_Q0000_0000_0000_S01_A001_P2.OUT,0,error,FileNotFoundError,0,0
cclib,iBIeUIvhEDHWwRGRXri8-gJqbWeZ,exciting,qpxNMvKmRhqq_F-CfHJw8Q/DVEFF_Q0000_0000_0000_S01_A001_P3.OUT,0,error,FileNotFoundError,0,0
cclib,iBIeUIvhEDHWwRGRXri8-gJqbWeZ,exciting,qpxNMvKmRhqq_F-CfHJw8Q/DVEFF_Q0000_0000_0000_S01_A002_P1.OUT,0,error,FileNotFoundError,0,0
cclib,iBIeUIvhEDHWwRGRXri8-gJqbWeZ,exciting,qpxNMvKmRhqq_F-CfHJw8Q/DVEFF_Q0000_0000_0000_S01_A002_P2.OUT,0,error,FileNotFoundError,0,0
cclib,iBIeUIvhEDHWwRGRXri8-gJqbWeZ,exciting,qpxNMvKmRhqq_F-CfHJw8Q/DVEFF_Q0000_0000_0000_S01_A002_P3.OUT,0,error,FileNotFoundError,0,0
cclib,iBIeUIvhEDHWwRGRXri8-gJqbWeZ,exciting,qpxNMvKmRhqq_F-CfHJw8Q/DVEFF_Q0000_0000_0000_S01_A003_P1.OUT,0,error,FileNotFoundError,0,0
cclib,ebTSTiuPZWDnFoJgFsqCAvFX_-GT,GPAW,v8so8T4nRrC7GD-yV59PDA/production_Apr29_Zr2Y2O7_10Ha_444/tree/444/materials/ZrY2ZrO7-Apr29-272eV-G444/WaveFunctions/gs_gw_nowfs.gpw,1,timeout,HardTimeout,0,0
cclib,iBIeUIvhEDHWwRGRXri8-gJqbWeZ,exciting,qpxNMvKmRhqq_F-CfHJw8Q/DVEFF_Q0000_0000_0000_S01_A003_P2.OUT,0,error,FileNotFoundError,0,0
cclib,iBIeUIvhEDHWwRGRXri8-gJqbWeZ,exciting,qpxNMvKmRhqq_F-CfHJw8Q/DVEFF_Q0000_0000_0000_S01_A003_P3.OUT,0,error,FileNotFoundError,0,0
cclib,iBIeUIvhEDHWwRGRXri8-gJqbWeZ,exciting,qpxNMvKmRhqq_F-CfHJw8Q/DVEFF_Q0000_0000_0000_S01_A004_P1.OUT,0,error,FileNotFoundError,0,0
cclib,iBIeUIvhEDHWwRGRXri8-gJqbWeZ,exciting,qpxNMvKmRhqq_F-CfHJw8Q/DVEFF_Q0000_0000_0000_S01_A004_P2.OUT,0,error,FileNotFoundError,0,0
cclib,iBIeUIvhEDHWwRGRXri8-gJqbWeZ,exciting,qpxNMvKmRhqq_F-CfHJw8Q/DVEFF_Q0000_0000_0000_S01_A001_P1.OUT,0,timeout,HardTimeout,0,0
cclib,iBIeUIvhEDHWwRGRXri8-gJqbWeZ,exciting,qpxNMvKmRhqq_F-CfHJw8Q/DVEFF_Q0000_0000_0000_S01_A005_P3.OUT,0,error,FileNotFoundError,0,0
cclib,iBIeUIvhEDHWwRGRXri8-gJqbWeZ,exciting,qpxNMvKmRhqq_F-CfHJw8Q/DVEFF_Q0000_0000_0000_S01_A006_P1.OUT,0,error,FileNotFoundError,0,0
cclib,iBIeUIvhEDHWwRGRXri8-gJqbWeZ,exciting,qpxNMvKmRhqq_F-CfHJw8Q/DVEFF_Q0000_0000_0000_S01_A006_P2.OUT,0,error,FileNotFoundError,0,0
cclib,iBIeUIvhEDHWwRGRXri8-gJqbWeZ,exciting,qpxNMvKmRhqq_F-CfHJw8Q/DVEFF_Q0000_0000_0000_S01_A006_P3.OUT,0,error,FileNotFoundError,0,0
cclib,iBIeUIvhEDHWwRGRXri8-gJqbWeZ,exciting,qpxNMvKmRhqq_F-CfHJw8Q/DVEFF_Q0000_0000_0000_S01_A004_P3.OUT,0,timeout,HardTimeout,0,0
cclib,iBIeUIvhEDHWwRGRXri8-gJqbWeZ,exciting,qpxNMvKmRhqq_F-CfHJw8Q/DVEFF_Q0000_0000_0000_S01_A005_P1.OUT,0,timeout,HardTimeout,0,0
cclib,iBIeUIvhEDHWwRGRXri8-gJqbWeZ,exciting,qpxNMvKmRhqq_F-CfHJw8Q/DVEFF_Q0000_0000_0000_S01_A005_P2.OUT,0,timeout,HardTimeout,0,0
cclib,iBIeUIvhEDHWwRGRXri8-gJqbWeZ,exciting,qpxNMvKmRhqq_F-CfHJw8Q/DVEFF_Q0000_0000_0000_S01_A007_P2.OUT,0,error,FileNotFoundError,0,0
cclib,iBIeUIvhEDHWwRGRXri8-gJqbWeZ,exciting,qpxNMvKmRhqq_F-CfHJw8Q/DVEFF_Q0000_0000_0000_S01_A008_P1.OUT,0,error,FileNotFoundError,0,0
cclib,iBIeUIvhEDHWwRGRXri8-gJqbWeZ,exciting,qpxNMvKmRhqq_F-CfHJw8Q/DVEFF_Q0000_0000_0000_S01_A008_P2.OUT,0,error,FileNotFoundError,0,0
cclib,iBIeUIvhEDHWwRGRXri8-gJqbWeZ,exciting,qpxNMvKmRhqq_F-CfHJw8Q/DVEFF_Q0000_0000_0000_S01_A009_P1.OUT,0,error,FileNotFoundError,0,0
cclib,iBIeUIvhEDHWwRGRXri8-gJqbWeZ,exciting,qpxNMvKmRhqq_F-CfHJw8Q/DVEFF_Q0000_0000_0000_S01_A007_P1.OUT,0,timeout,HardTimeout,0,0
cclib,iBIeUIvhEDHWwRGRXri8-gJqbWeZ,exciting,qpxNMvKmRhqq_F-CfHJw8Q/DVEFF_Q0000_0000_0000_S01_A007_P3.OUT,0,timeout,HardTimeout,0,0
cclib,iBIeUIvhEDHWwRGRXri8-gJqbWeZ,exciting,qpxNMvKmRhqq_F-CfHJw8Q/DVEFF_Q0000_0000_0000_S01_A011_P1.OUT,0,error,FileNotFoundError,0,0
cclib,iBIeUIvhEDHWwRGRXri8-gJqbWeZ,exciting,qpxNMvKmRhqq_F-CfHJw8Q/DVEFF_Q0000_0000_0000_S01_A010_P3.OUT,0,error,FileNotFoundError,0,0
cclib,iBIeUIvhEDHWwRGRXri8-gJqbWeZ,exciting,qpxNMvKmRhqq_F-CfHJw8Q/DVEFF_Q0000_0000_0000_S01_A008_P3.OUT,0,timeout,HardTimeout,0,0
cclib,iBIeUIvhEDHWwRGRXri8-gJqbWeZ,exciting,qpxNMvKmRhqq_F-CfHJw8Q/DVEFF_Q0000_0000_0000_S01_A010_P1.OUT,0,timeout,HardTimeout,0,0
cclib,iBIeUIvhEDHWwRGRXri8-gJqbWeZ,exciting,qpxNMvKmRhqq_F-CfHJw8Q/DVEFF_Q0000_0000_0000_S01_A009_P3.OUT,0,timeout,HardTimeout,0,0
cclib,iBIeUIvhEDHWwRGRXri8-gJqbWeZ,exciting,qpxNMvKmRhqq_F-CfHJw8Q/DVEFF_Q0000_0000_0000_S01_A009_P2.OUT,0,timeout,HardTimeout,0,0
cclib,iBIeUIvhEDHWwRGRXri8-gJqbWeZ,exciting,qpxNMvKmRhqq_F-CfHJw8Q/DVEFF_Q0000_0000_0000_S01_A010_P2.OUT,0,timeout,HardTimeout,0,0
cclib,iBIeUIvhEDHWwRGRXri8-gJqbWeZ,exciting,qpxNMvKmRhqq_F-CfHJw8Q/DVEFF_Q0000_0000_0000_S01_A011_P3.OUT,0,error,FileNotFoundError,0,0
cclib,iBIeUIvhEDHWwRGRXri8-gJqbWeZ,exciting,qpxNMvKmRhqq_F-CfHJw8Q/DVEFF_Q0000_0000_0000_S01_A012_P2.OUT,0,error,FileNotFoundError,0,0
cclib,iBIeUIvhEDHWwRGRXri8-gJqbWeZ,exciting,qpxNMvKmRhqq_F-CfHJw8Q/DVEFF_Q0000_0000_0000_S01_A013_P1.OUT,0,error,FileNotFoundError,0,0
cclib,iBIeUIvhEDHWwRGRXri8-gJqbWeZ,exciting,qpxNMvKmRhqq_F-CfHJw8Q/DVEFF_Q0000_0000_0000_S01_A013_P2.OUT,0,error,FileNotFoundError,0,0
cclib,iBIeUIvhEDHWwRGRXri8-gJqbWeZ,exciting,qpxNMvKmRhqq_F-CfHJw8Q/DVEFF_Q0000_0000_0000_S01_A011_P2.OUT,0,timeout,HardTimeout,0,0
cclib,iBIeUIvhEDHWwRGRXri8-gJqbWeZ,exciting,qpxNMvKmRhqq_F-CfHJw8Q/DVEFF_Q0000_0000_0000_S01_A014_P1.OUT,0,error,FileNotFoundError,0,0
cclib,iBIeUIvhEDHWwRGRXri8-gJqbWeZ,exciting,qpxNMvKmRhqq_F-CfHJw8Q/DVEFF_Q0000_0000_0000_S01_A014_P2.OUT,0,error,FileNotFoundError,0,0
cclib,iBIeUIvhEDHWwRGRXri8-gJqbWeZ,exciting,qpxNMvKmRhqq_F-CfHJw8Q/DVEFF_Q0000_0000_0000_S01_A012_P1.OUT,0,timeout,HardTimeout,0,0
cclib,iBIeUIvhEDHWwRGRXri8-gJqbWeZ,exciting,qpxNMvKmRhqq_F-CfHJw8Q/DVEFF_Q0000_0000_0000_S01_A014_P3.OUT,0,error,FileNotFoundError,0,0
cclib,iBIeUIvhEDHWwRGRXri8-gJqbWeZ,exciting,qpxNMvKmRhqq_F-CfHJw8Q/DVEFF_Q0000_0000_0000_S01_A015_P1.OUT,0,error,FileNotFoundError,0,0
cclib,iBIeUIvhEDHWwRGRXri8-gJqbWeZ,exciting,qpxNMvKmRhqq_F-CfHJw8Q/DVEFF_Q0000_0000_0000_S01_A015_P3.OUT,0,error,FileNotFoundError,0,0
cclib,iBIeUIvhEDHWwRGRXri8-gJqbWeZ,exciting,qpxNMvKmRhqq_F-CfHJw8Q/DVEFF_Q0000_0000_0000_S01_A015_P2.OUT,0,error,FileNotFoundError,0,0
cclib,iBIeUIvhEDHWwRGRXri8-gJqbWeZ,exciting,qpxNMvKmRhqq_F-CfHJw8Q/DVEFF_Q0000_0000_0000_S01_A012_P3.OUT,0,timeout,HardTimeout,0,0
cclib,iBIeUIvhEDHWwRGRXri8-gJqbWeZ,exciting,qpxNMvKmRhqq_F-CfHJw8Q/DVEFF_Q0000_0000_0000_S01_A016_P1.OUT,0,error,FileNotFoundError,0,0
cclib,iBIeUIvhEDHWwRGRXri8-gJqbWeZ,exciting,qpxNMvKmRhqq_F-CfHJw8Q/DVEFF_Q0000_0000_0000_S01_A013_P3.OUT,0,timeout,HardTimeout,0,0
cclib,iBIeUIvhEDHWwRGRXri8-gJqbWeZ,exciting,qpxNMvKmRhqq_F-CfHJw8Q/DVEFF_Q0000_0000_0000_S01_A016_P2.OUT,0,error,FileNotFoundError,0,0
cclib,iBIeUIvhEDHWwRGRXri8-gJqbWeZ,exciting,qpxNMvKmRhqq_F-CfHJw8Q/DVEFF_Q0000_0000_0000_S01_A016_P3.OUT,0,error,FileNotFoundError,0,0
cclib,iBIeUIvhEDHWwRGRXri8-gJqbWeZ,exciting,qpxNMvKmRhqq_F-CfHJw8Q/DVEFF_Q0000_0000_0000_S01_A017_P1.OUT,0,error,FileNotFoundError,0,0
cclib,iBIeUIvhEDHWwRGRXri8-gJqbWeZ,exciting,qpxNMvKmRhqq_F-CfHJw8Q/DVEFF_Q0000_0000_0000_S01_A017_P2.OUT,0,error,FileNotFoundError,0,0
cclib,iBIeUIvhEDHWwRGRXri8-gJqbWeZ,exciting,qpxNMvKmRhqq_F-CfHJw8Q/DVEFF_Q0000_0000_0000_S01_A017_P3.OUT,0,error,FileNotFoundError,0,0
cclib,iBIeUIvhEDHWwRGRXri8-gJqbWeZ,exciting,qpxNMvKmRhqq_F-CfHJw8Q/DVEFF_Q0000_0000_0000_S01_A018_P1.OUT,0,error,FileNotFoundError,0,0
cclib,iBIeUIvhEDHWwRGRXri8-gJqbWeZ,exciting,qpxNMvKmRhqq_F-CfHJw8Q/DVEFF_Q0000_0000_0000_S01_A018_P2.OUT,0,error,FileNotFoundError,0,0
cclib,iBIeUIvhEDHWwRGRXri8-gJqbWeZ,exciting,qpxNMvKmRhqq_F-CfHJw8Q/DVEFF_Q0000_0000_0000_S02_A001_P1.OUT,0,error,FileNotFoundError,0,0
cclib,iBIeUIvhEDHWwRGRXri8-gJqbWeZ,exciting,qpxNMvKmRhqq_F-CfHJw8Q/DVEFF_Q0000_0000_0000_S02_A001_P2.OUT,0,error,FileNotFoundError,0,0
cclib,iBIeUIvhEDHWwRGRXri8-gJqbWeZ,exciting,qpxNMvKmRhqq_F-CfHJw8Q/DVEFF_Q0000_0000_0000_S02_A002_P1.OUT,0,error,FileNotFoundError,0,0
cclib,iBIeUIvhEDHWwRGRXri8-gJqbWeZ,exciting,qpxNMvKmRhqq_F-CfHJw8Q/DVEFF_Q0000_0000_0000_S02_A002_P3.OUT,0,error,FileNotFoundError,0,0
cclib,iBIeUIvhEDHWwRGRXri8-gJqbWeZ,exciting,qpxNMvKmRhqq_F-CfHJw8Q/DVEFF_Q0000_0000_0000_S02_A003_P1.OUT,0,error,FileNotFoundError,0,0
cclib,iBIeUIvhEDHWwRGRXri8-gJqbWeZ,exciting,qpxNMvKmRhqq_F-CfHJw8Q/DVEFF_Q0000_0000_0000_S02_A003_P2.OUT,0,error,FileNotFoundError,0,0
cclib,iBIeUIvhEDHWwRGRXri8-gJqbWeZ,exciting,qpxNMvKmRhqq_F-CfHJw8Q/DVEFF_Q0000_0000_0000_S01_A018_P3.OUT,0,timeout,HardTimeout,0,0
cclib,iBIeUIvhEDHWwRGRXri8-gJqbWeZ,exciting,qpxNMvKmRhqq_F-CfHJw8Q/DVEFF_Q0000_0000_0000_S02_A003_P3.OUT,0,error,FileNotFoundError,0,0
cclib,iBIeUIvhEDHWwRGRXri8-gJqbWeZ,exciting,qpxNMvKmRhqq_F-CfHJw8Q/DVEFF_Q0000_0000_0000_S02_A001_P3.OUT,0,timeout,HardTimeout,0,0
cclib,iBIeUIvhEDHWwRGRXri8-gJqbWeZ,exciting,qpxNMvKmRhqq_F-CfHJw8Q/DVEFF_Q0000_0000_0000_S02_A004_P2.OUT,0,error,FileNotFoundError,0,0
cclib,iBIeUIvhEDHWwRGRXri8-gJqbWeZ,exciting,qpxNMvKmRhqq_F-CfHJw8Q/DVEFF_Q0000_0000_0000_S02_A004_P3.OUT,0,error,FileNotFoundError,0,0
cclib,iBIeUIvhEDHWwRGRXri8-gJqbWeZ,exciting,qpxNMvKmRhqq_F-CfHJw8Q/DVEFF_Q0000_0000_0000_S02_A005_P1.OUT,0,error,FileNotFoundError,0,0
cclib,iBIeUIvhEDHWwRGRXri8-gJqbWeZ,exciting,qpxNMvKmRhqq_F-CfHJw8Q/DVEFF_Q0000_0000_0000_S02_A002_P2.OUT,0,timeout,HardTimeout,0,0
cclib,iBIeUIvhEDHWwRGRXri8-gJqbWeZ,exciting,qpxNMvKmRhqq_F-CfHJw8Q/DVEFF_Q0000_0000_0000_S02_A005_P2.OUT,0,error,FileNotFoundError,0,0
cclib,iBIeUIvhEDHWwRGRXri8-gJqbWeZ,exciting,qpxNMvKmRhqq_F-CfHJw8Q/DVEFF_Q0000_0000_0000_S02_A005_P3.OUT,0,error,FileNotFoundError,0,0
cclib,iBIeUIvhEDHWwRGRXri8-gJqbWeZ,exciting,qpxNMvKmRhqq_F-CfHJw8Q/DVEFF_Q0000_0000_0000_S02_A006_P3.OUT,0,error,FileNotFoundError,0,0
cclib,iBIeUIvhEDHWwRGRXri8-gJqbWeZ,exciting,qpxNMvKmRhqq_F-CfHJw8Q/DVEFF_Q0000_0000_0000_S02_A004_P1.OUT,0,timeout,HardTimeout,0,0
cclib,iBIeUIvhEDHWwRGRXri8-gJqbWeZ,exciting,qpxNMvKmRhqq_F-CfHJw8Q/DVEFF_Q0000_0000_0000_S02_A007_P1.OUT,0,error,FileNotFoundError,0,0
cclib,iBIeUIvhEDHWwRGRXri8-gJqbWeZ,exciting,qpxNMvKmRhqq_F-CfHJw8Q/DVEFF_Q0000_0000_0000_S02_A007_P2.OUT,0,error,FileNotFoundError,0,0
cclib,iBIeUIvhEDHWwRGRXri8-gJqbWeZ,exciting,qpxNMvKmRhqq_F-CfHJw8Q/DVEFF_Q0000_0000_0000_S02_A009_P2.OUT,0,error,FileNotFoundError,0,0
cclib,iBIeUIvhEDHWwRGRXri8-gJqbWeZ,exciting,qpxNMvKmRhqq_F-CfHJw8Q/DVEFF_Q0000_0000_0000_S02_A009_P1.OUT,0,error,FileNotFoundError,0,0
cclib,iBIeUIvhEDHWwRGRXri8-gJqbWeZ,exciting,qpxNMvKmRhqq_F-CfHJw8Q/DVEFF_Q0000_0000_0000_S02_A006_P2.OUT,0,timeout,HardTimeout,0,0
cclib,iBIeUIvhEDHWwRGRXri8-gJqbWeZ,exciting,qpxNMvKmRhqq_F-CfHJw8Q/DVEFF_Q0000_0000_0000_S02_A006_P1.OUT,0,timeout,HardTimeout,0,0
cclib,iBIeUIvhEDHWwRGRXri8-gJqbWeZ,exciting,qpxNMvKmRhqq_F-CfHJw8Q/DVEFF_Q0000_0000_0000_S02_A007_P3.OUT,0,timeout,HardTimeout,0,0
cclib,iBIeUIvhEDHWwRGRXri8-gJqbWeZ,exciting,qpxNMvKmRhqq_F-CfHJw8Q/DVEFF_Q0000_0000_0000_S02_A008_P1.OUT,0,timeout,HardTimeout,0,0
cclib,iBIeUIvhEDHWwRGRXri8-gJqbWeZ,exciting,qpxNMvKmRhqq_F-CfHJw8Q/DVEFF_Q0000_0000_0000_S03_A001_P1.OUT,0,error,FileNotFoundError,0,0
cclib,iBIeUIvhEDHWwRGRXri8-gJqbWeZ,exciting,qpxNMvKmRhqq_F-CfHJw8Q/DVEFF_Q0000_0000_0000_S02_A008_P2.OUT,0,timeout,HardTimeout,0,0
cclib,iBIeUIvhEDHWwRGRXri8-gJqbWeZ,exciting,qpxNMvKmRhqq_F-CfHJw8Q/DVEFF_Q0000_0000_0000_S03_A001_P2.OUT,0,error,FileNotFoundError,0,0
cclib,iBIeUIvhEDHWwRGRXri8-gJqbWeZ,exciting,qpxNMvKmRhqq_F-CfHJw8Q/DVEFF_Q0000_0000_0000_S03_A001_P3.OUT,0,error,FileNotFoundError,0,0
cclib,iBIeUIvhEDHWwRGRXri8-gJqbWeZ,exciting,qpxNMvKmRhqq_F-CfHJw8Q/DVEFF_Q0000_0000_0000_S02_A008_P3.OUT,0,timeout,HardTimeout,0,0
cclib,iBIeUIvhEDHWwRGRXri8-gJqbWeZ,exciting,qpxNMvKmRhqq_F-CfHJw8Q/DVEFF_Q0000_0000_0000_S03_A002_P1.OUT,0,error,FileNotFoundError,0,0
cclib,iBIeUIvhEDHWwRGRXri8-gJqbWeZ,exciting,qpxNMvKmRhqq_F-CfHJw8Q/DVEFF_Q0000_0000_0000_S03_A002_P2.OUT,0,error,FileNotFoundError,0,0
cclib,iBIeUIvhEDHWwRGRXri8-gJqbWeZ,exciting,qpxNMvKmRhqq_F-CfHJw8Q/DVEFF_Q0000_0000_0000_S03_A003_P1.OUT,0,error,FileNotFoundError,0,0
cclib,iBIeUIvhEDHWwRGRXri8-gJqbWeZ,exciting,qpxNMvKmRhqq_F-CfHJw8Q/DVEFF_Q0000_0000_0000_S03_A003_P2.OUT,0,error,FileNotFoundError,0,0
cclib,iBIeUIvhEDHWwRGRXri8-gJqbWeZ,exciting,qpxNMvKmRhqq_F-CfHJw8Q/DVEFF_Q0000_0000_0000_S03_A003_P3.OUT,0,error,FileNotFoundError,0,0
cclib,iBIeUIvhEDHWwRGRXri8-gJqbWeZ,exciting,qpxNMvKmRhqq_F-CfHJw8Q/DVEFF_Q0000_0000_0000_S02_A009_P3.OUT,0,timeout,HardTimeout,0,0
cclib,iBIeUIvhEDHWwRGRXri8-gJqbWeZ,exciting,qpxNMvKmRhqq_F-CfHJw8Q/DVEFF_Q0000_0000_0000_S03_A004_P1.OUT,0,error,FileNotFoundError,0,0
cclib,iBIeUIvhEDHWwRGRXri8-gJqbWeZ,exciting,qpxNMvKmRhqq_F-CfHJw8Q/DVEFF_Q0000_0000_0000_S03_A004_P2.OUT,0,error,FileNotFoundError,0,0
cclib,iBIeUIvhEDHWwRGRXri8-gJqbWeZ,exciting,qpxNMvKmRhqq_F-CfHJw8Q/DVEFF_Q0000_0000_0000_S03_A005_P1.OUT,0,error,FileNotFoundError,0,0
cclib,iBIeUIvhEDHWwRGRXri8-gJqbWeZ,exciting,qpxNMvKmRhqq_F-CfHJw8Q/DVEFF_Q0000_0000_0000_S03_A005_P2.OUT,0,error,FileNotFoundError,0,0
cclib,iBIeUIvhEDHWwRGRXri8-gJqbWeZ,exciting,qpxNMvKmRhqq_F-CfHJw8Q/DVEFF_Q0000_0000_0000_S03_A005_P3.OUT,0,error,FileNotFoundError,0,0
cclib,iBIeUIvhEDHWwRGRXri8-gJqbWeZ,exciting,qpxNMvKmRhqq_F-CfHJw8Q/DVEFF_Q0000_0000_0000_S03_A002_P3.OUT,0,timeout,HardTimeout,0,0
cclib,iBIeUIvhEDHWwRGRXri8-gJqbWeZ,exciting,qpxNMvKmRhqq_F-CfHJw8Q/DVEFF_Q0000_0000_0000_S04_A001_P2.OUT,0,error,FileNotFoundError,0,0
cclib,iBIeUIvhEDHWwRGRXri8-gJqbWeZ,exciting,qpxNMvKmRhqq_F-CfHJw8Q/DVEFF_Q0000_0000_0000_S03_A004_P3.OUT,0,timeout,HardTimeout,0,0
cclib,iBIeUIvhEDHWwRGRXri8-gJqbWeZ,exciting,qpxNMvKmRhqq_F-CfHJw8Q/DVEFF_Q0000_0000_0000_S04_A002_P1.OUT,0,error,FileNotFoundError,0,0
cclib,iBIeUIvhEDHWwRGRXri8-gJqbWeZ,exciting,qpxNMvKmRhqq_F-CfHJw8Q/DVEFF_Q0000_0000_0000_S04_A002_P2.OUT,0,error,FileNotFoundError,0,0
cclib,iBIeUIvhEDHWwRGRXri8-gJqbWeZ,exciting,qpxNMvKmRhqq_F-CfHJw8Q/DVEFF_Q0000_0000_0000_S04_A002_P3.OUT,0,error,FileNotFoundError,0,0
cclib,iBIeUIvhEDHWwRGRXri8-gJqbWeZ,exciting,qpxNMvKmRhqq_F-CfHJw8Q/DVEFF_Q0000_0000_0000_S04_A003_P1.OUT,0,error,FileNotFoundError,0,0
cclib,iBIeUIvhEDHWwRGRXri8-gJqbWeZ,exciting,qpxNMvKmRhqq_F-CfHJw8Q/DVEFF_Q0000_0000_0000_S04_A003_P2.OUT,0,error,FileNotFoundError,0,0
cclib,iBIeUIvhEDHWwRGRXri8-gJqbWeZ,exciting,qpxNMvKmRhqq_F-CfHJw8Q/DVEFF_Q0000_0000_0000_S04_A001_P1.OUT,0,timeout,HardTimeout,0,0
cclib,iBIeUIvhEDHWwRGRXri8-gJqbWeZ,exciting,qpxNMvKmRhqq_F-CfHJw8Q/DVEFF_Q0000_0000_0000_S04_A001_P3.OUT,0,timeout,HardTimeout,0,0
cclib,iBIeUIvhEDHWwRGRXri8-gJqbWeZ,exciting,qpxNMvKmRhqq_F-CfHJw8Q/DVEFF_Q0000_0000_0000_S04_A004_P2.OUT,0,error,FileNotFoundError,0,0
cclib,iBIeUIvhEDHWwRGRXri8-gJqbWeZ,exciting,qpxNMvKmRhqq_F-CfHJw8Q/DVEFF_Q0000_0000_0000_S04_A004_P3.OUT,0,error,FileNotFoundError,0,0
cclib,iBIeUIvhEDHWwRGRXri8-gJqbWeZ,exciting,qpxNMvKmRhqq_F-CfHJw8Q/DVEFF_Q0000_0000_0000_S04_A005_P2.OUT,0,error,FileNotFoundError,0,0
cclib,iBIeUIvhEDHWwRGRXri8-gJqbWeZ,exciting,qpxNMvKmRhqq_F-CfHJw8Q/DYN_Q0000_0000_0000_S01_A001_P1.OUT,0,error,FileNotFoundError,0,0
cclib,iBIeUIvhEDHWwRGRXri8-gJqbWeZ,exciting,qpxNMvKmRhqq_F-CfHJw8Q/DYN_Q0000_0000_0000_S01_A001_P2.OUT,0,error,FileNotFoundError,0,0
cclib,iBIeUIvhEDHWwRGRXri8-gJqbWeZ,exciting,qpxNMvKmRhqq_F-CfHJw8Q/DYN_Q0000_0000_0000_S01_A001_P3.OUT,0,error,FileNotFoundError,0,0
cclib,iBIeUIvhEDHWwRGRXri8-gJqbWeZ,exciting,qpxNMvKmRhqq_F-CfHJw8Q/DYN_Q0000_0000_0000_S01_A002_P1.OUT,0,error,FileNotFoundError,0,0
cclib,iBIeUIvhEDHWwRGRXri8-gJqbWeZ,exciting,qpxNMvKmRhqq_F-CfHJw8Q/DYN_Q0000_0000_0000_S01_A002_P2.OUT,0,error,FileNotFoundError,0,0
cclib,iBIeUIvhEDHWwRGRXri8-gJqbWeZ,exciting,qpxNMvKmRhqq_F-CfHJw8Q/DYN_Q0000_0000_0000_S01_A002_P3.OUT,0,error,FileNotFoundError,0,0
cclib,iBIeUIvhEDHWwRGRXri8-gJqbWeZ,exciting,qpxNMvKmRhqq_F-CfHJw8Q/DYN_Q0000_0000_0000_S01_A003_P1.OUT,0,error,FileNotFoundError,0,0
cclib,iBIeUIvhEDHWwRGRXri8-gJqbWeZ,exciting,qpxNMvKmRhqq_F-CfHJw8Q/DYN_Q0000_0000_0000_S01_A003_P2.OUT,0,error,FileNotFoundError,0,0
cclib,iBIeUIvhEDHWwRGRXri8-gJqbWeZ,exciting,qpxNMvKmRhqq_F-CfHJw8Q/DYN_Q0000_0000_0000_S01_A003_P3.OUT,0,error,FileNotFoundError,0,0
cclib,iBIeUIvhEDHWwRGRXri8-gJqbWeZ,exciting,qpxNMvKmRhqq_F-CfHJw8Q/DYN_Q0000_0000_0000_S01_A004_P1.OUT,0,error,FileNotFoundError,0,0
cclib,iBIeUIvhEDHWwRGRXri8-gJqbWeZ,exciting,qpxNMvKmRhqq_F-CfHJw8Q/DYN_Q0000_0000_0000_S01_A004_P2.OUT,0,error,FileNotFoundError,0,0
cclib,iBIeUIvhEDHWwRGRXri8-gJqbWeZ,exciting,qpxNMvKmRhqq_F-CfHJw8Q/DYN_Q0000_0000_0000_S01_A004_P3.OUT,0,error,FileNotFoundError,0,0
cclib,iBIeUIvhEDHWwRGRXri8-gJqbWeZ,exciting,qpxNMvKmRhqq_F-CfHJw8Q/DYN_Q0000_0000_0000_S01_A005_P1.OUT,0,error,FileNotFoundError,0,0
cclib,iBIeUIvhEDHWwRGRXri8-gJqbWeZ,exciting,qpxNMvKmRhqq_F-CfHJw8Q/DYN_Q0000_0000_0000_S01_A005_P2.OUT,0,error,FileNotFoundError,0,0
cclib,iBIeUIvhEDHWwRGRXri8-gJqbWeZ,exciting,qpxNMvKmRhqq_F-CfHJw8Q/DYN_Q0000_0000_0000_S01_A005_P3.OUT,0,error,FileNotFoundError,0,0
cclib,iBIeUIvhEDHWwRGRXri8-gJqbWeZ,exciting,qpxNMvKmRhqq_F-CfHJw8Q/DYN_Q0000_0000_0000_S01_A006_P1.OUT,0,error,FileNotFoundError,0,0
cclib,iBIeUIvhEDHWwRGRXri8-gJqbWeZ,exciting,qpxNMvKmRhqq_F-CfHJw8Q/DYN_Q0000_0000_0000_S01_A006_P2.OUT,0,error,FileNotFoundError,0,0
cclib,iBIeUIvhEDHWwRGRXri8-gJqbWeZ,exciting,qpxNMvKmRhqq_F-CfHJw8Q/DYN_Q0000_0000_0000_S01_A006_P3.OUT,0,error,FileNotFoundError,0,0
cclib,iBIeUIvhEDHWwRGRXri8-gJqbWeZ,exciting,qpxNMvKmRhqq_F-CfHJw8Q/DYN_Q0000_0000_0000_S01_A007_P1.OUT,0,error,FileNotFoundError,0,0
cclib,iBIeUIvhEDHWwRGRXri8-gJqbWeZ,exciting,qpxNMvKmRhqq_F-CfHJw8Q/DYN_Q0000_0000_0000_S01_A007_P2.OUT,0,error,FileNotFoundError,0,0
cclib,iBIeUIvhEDHWwRGRXri8-gJqbWeZ,exciting,qpxNMvKmRhqq_F-CfHJw8Q/DYN_Q0000_0000_0000_S01_A007_P3.OUT,0,error,FileNotFoundError,0,0
cclib,iBIeUIvhEDHWwRGRXri8-gJqbWeZ,exciting,qpxNMvKmRhqq_F-CfHJw8Q/DYN_Q0000_0000_0000_S01_A008_P1.OUT,0,error,FileNotFoundError,0,0
cclib,iBIeUIvhEDHWwRGRXri8-gJqbWeZ,exciting,qpxNMvKmRhqq_F-CfHJw8Q/DYN_Q0000_0000_0000_S01_A008_P2.OUT,0,error,FileNotFoundError,0,0
cclib,iBIeUIvhEDHWwRGRXri8-gJqbWeZ,exciting,qpxNMvKmRhqq_F-CfHJw8Q/DYN_Q0000_0000_0000_S01_A008_P3.OUT,0,error,FileNotFoundError,0,0
cclib,iBIeUIvhEDHWwRGRXri8-gJqbWeZ,exciting,qpxNMvKmRhqq_F-CfHJw8Q/DYN_Q0000_0000_0000_S01_A009_P1.OUT,0,error,FileNotFoundError,0,0
cclib,iBIeUIvhEDHWwRGRXri8-gJqbWeZ,exciting,qpxNMvKmRhqq_F-CfHJw8Q/DYN_Q0000_0000_0000_S01_A009_P2.OUT,0,error,FileNotFoundError,0,0
cclib,iBIeUIvhEDHWwRGRXri8-gJqbWeZ,exciting,qpxNMvKmRhqq_F-CfHJw8Q/DYN_Q0000_0000_0000_S01_A009_P3.OUT,0,error,FileNotFoundError,0,0
cclib,iBIeUIvhEDHWwRGRXri8-gJqbWeZ,exciting,qpxNMvKmRhqq_F-CfHJw8Q/DYN_Q0000_0000_0000_S01_A010_P1.OUT,0,error,FileNotFoundError,0,0
cclib,iBIeUIvhEDHWwRGRXri8-gJqbWeZ,exciting,qpxNMvKmRhqq_F-CfHJw8Q/DYN_Q0000_0000_0000_S01_A010_P2.OUT,0,error,FileNotFoundError,0,0
cclib,iBIeUIvhEDHWwRGRXri8-gJqbWeZ,exciting,qpxNMvKmRhqq_F-CfHJw8Q/DYN_Q0000_0000_0000_S01_A010_P3.OUT,0,error,FileNotFoundError,0,0
cclib,iBIeUIvhEDHWwRGRXri8-gJqbWeZ,exciting,qpxNMvKmRhqq_F-CfHJw8Q/DYN_Q0000_0000_0000_S01_A011_P1.OUT,0,error,FileNotFoundError,0,0
cclib,iBIeUIvhEDHWwRGRXri8-gJqbWeZ,exciting,qpxNMvKmRhqq_F-CfHJw8Q/DYN_Q0000_0000_0000_S01_A011_P2.OUT,0,error,FileNotFoundError,0,0
cclib,iBIeUIvhEDHWwRGRXri8-gJqbWeZ,exciting,qpxNMvKmRhqq_F-CfHJw8Q/DYN_Q0000_0000_0000_S01_A011_P3.OUT,0,error,FileNotFoundError,0,0
cclib,iBIeUIvhEDHWwRGRXri8-gJqbWeZ,exciting,qpxNMvKmRhqq_F-CfHJw8Q/DYN_Q0000_0000_0000_S01_A012_P1.OUT,0,error,FileNotFoundError,0,0
cclib,iBIeUIvhEDHWwRGRXri8-gJqbWeZ,exciting,qpxNMvKmRhqq_F-CfHJw8Q/DYN_Q0000_0000_0000_S01_A012_P2.OUT,0,error,FileNotFoundError,0,0
cclib,iBIeUIvhEDHWwRGRXri8-gJqbWeZ,exciting,qpxNMvKmRhqq_F-CfHJw8Q/DYN_Q0000_0000_0000_S01_A012_P3.OUT,0,error,FileNotFoundError,0,0
cclib,iBIeUIvhEDHWwRGRXri8-gJqbWeZ,exciting,qpxNMvKmRhqq_F-CfHJw8Q/DYN_Q0000_0000_0000_S01_A013_P1.OUT,0,error,FileNotFoundError,0,0
cclib,iBIeUIvhEDHWwRGRXri8-gJqbWeZ,exciting,qpxNMvKmRhqq_F-CfHJw8Q/DYN_Q0000_0000_0000_S01_A013_P2.OUT,0,error,FileNotFoundError,0,0
cclib,iBIeUIvhEDHWwRGRXri8-gJqbWeZ,exciting,qpxNMvKmRhqq_F-CfHJw8Q/DYN_Q0000_0000_0000_S01_A013_P3.OUT,0,error,FileNotFoundError,0,0
cclib,iBIeUIvhEDHWwRGRXri8-gJqbWeZ,exciting,qpxNMvKmRhqq_F-CfHJw8Q/DYN_Q0000_0000_0000_S01_A014_P1.OUT,0,error,FileNotFoundError,0,0
cclib,iBIeUIvhEDHWwRGRXri8-gJqbWeZ,exciting,qpxNMvKmRhqq_F-CfHJw8Q/DYN_Q0000_0000_0000_S01_A014_P2.OUT,0,error,FileNotFoundError,0,0
cclib,iBIeUIvhEDHWwRGRXri8-gJqbWeZ,exciting,qpxNMvKmRhqq_F-CfHJw8Q/DYN_Q0000_0000_0000_S01_A014_P3.OUT,0,error,FileNotFoundError,0,0
cclib,iBIeUIvhEDHWwRGRXri8-gJqbWeZ,exciting,qpxNMvKmRhqq_F-CfHJw8Q/DYN_Q0000_0000_0000_S01_A015_P1.OUT,0,error,FileNotFoundError,0,0
cclib,iBIeUIvhEDHWwRGRXri8-gJqbWeZ,exciting,qpxNMvKmRhqq_F-CfHJw8Q/DYN_Q0000_0000_0000_S01_A015_P2.OUT,0,error,FileNotFoundError,0,0
cclib,iBIeUIvhEDHWwRGRXri8-gJqbWeZ,exciting,qpxNMvKmRhqq_F-CfHJw8Q/DYN_Q0000_0000_0000_S01_A015_P3.OUT,0,error,FileNotFoundError,0,0
cclib,iBIeUIvhEDHWwRGRXri8-gJqbWeZ,exciting,qpxNMvKmRhqq_F-CfHJw8Q/DYN_Q0000_0000_0000_S01_A016_P1.OUT,0,error,FileNotFoundError,0,0
cclib,iBIeUIvhEDHWwRGRXri8-gJqbWeZ,exciting,qpxNMvKmRhqq_F-CfHJw8Q/DYN_Q0000_0000_0000_S01_A016_P2.OUT,0,error,FileNotFoundError,0,0
cclib,iBIeUIvhEDHWwRGRXri8-gJqbWeZ,exciting,qpxNMvKmRhqq_F-CfHJw8Q/DYN_Q0000_0000_0000_S01_A016_P3.OUT,0,error,FileNotFoundError,0,0
cclib,iBIeUIvhEDHWwRGRXri8-gJqbWeZ,exciting,qpxNMvKmRhqq_F-CfHJw8Q/DYN_Q0000_0000_0000_S01_A017_P1.OUT,0,error,FileNotFoundError,0,0
cclib,iBIeUIvhEDHWwRGRXri8-gJqbWeZ,exciting,qpxNMvKmRhqq_F-CfHJw8Q/DYN_Q0000_0000_0000_S01_A017_P2.OUT,0,error,FileNotFoundError,0,0
cclib,iBIeUIvhEDHWwRGRXri8-gJqbWeZ,exciting,qpxNMvKmRhqq_F-CfHJw8Q/DYN_Q0000_0000_0000_S01_A017_P3.OUT,0,error,FileNotFoundError,0,0
cclib,iBIeUIvhEDHWwRGRXri8-gJqbWeZ,exciting,qpxNMvKmRhqq_F-CfHJw8Q/DYN_Q0000_0000_0000_S01_A018_P1.OUT,0,error,FileNotFoundError,0,0
cclib,iBIeUIvhEDHWwRGRXri8-gJqbWeZ,exciting,qpxNMvKmRhqq_F-CfHJw8Q/DYN_Q0000_0000_0000_S01_A018_P2.OUT,0,error,FileNotFoundError,0,0
cclib,iBIeUIvhEDHWwRGRXri8-gJqbWeZ,exciting,qpxNMvKmRhqq_F-CfHJw8Q/DYN_Q0000_0000_0000_S01_A018_P3.OUT,0,error,FileNotFoundError,0,0
cclib,iBIeUIvhEDHWwRGRXri8-gJqbWeZ,exciting,qpxNMvKmRhqq_F-CfHJw8Q/DYN_Q0000_0000_0000_S02_A001_P1.OUT,0,error,FileNotFoundError,0,0
cclib,iBIeUIvhEDHWwRGRXri8-gJqbWeZ,exciting,qpxNMvKmRhqq_F-CfHJw8Q/DYN_Q0000_0000_0000_S02_A001_P2.OUT,0,error,FileNotFoundError,0,0
cclib,iBIeUIvhEDHWwRGRXri8-gJqbWeZ,exciting,qpxNMvKmRhqq_F-CfHJw8Q/DYN_Q0000_0000_0000_S02_A001_P3.OUT,0,error,FileNotFoundError,0,0
cclib,iBIeUIvhEDHWwRGRXri8-gJqbWeZ,exciting,qpxNMvKmRhqq_F-CfHJw8Q/DYN_Q0000_0000_0000_S02_A002_P1.OUT,0,error,FileNotFoundError,0,0
cclib,iBIeUIvhEDHWwRGRXri8-gJqbWeZ,exciting,qpxNMvKmRhqq_F-CfHJw8Q/DYN_Q0000_0000_0000_S02_A002_P2.OUT,0,error,FileNotFoundError,0,0
cclib,iBIeUIvhEDHWwRGRXri8-gJqbWeZ,exciting,qpxNMvKmRhqq_F-CfHJw8Q/DYN_Q0000_0000_0000_S02_A002_P3.OUT,0,error,FileNotFoundError,0,0
cclib,iBIeUIvhEDHWwRGRXri8-gJqbWeZ,exciting,qpxNMvKmRhqq_F-CfHJw8Q/DYN_Q0000_0000_0000_S02_A003_P1.OUT,0,error,FileNotFoundError,0,0
cclib,iBIeUIvhEDHWwRGRXri8-gJqbWeZ,exciting,qpxNMvKmRhqq_F-CfHJw8Q/DYN_Q0000_0000_0000_S02_A003_P2.OUT,0,error,FileNotFoundError,0,0
cclib,iBIeUIvhEDHWwRGRXri8-gJqbWeZ,exciting,qpxNMvKmRhqq_F-CfHJw8Q/DYN_Q0000_0000_0000_S02_A003_P3.OUT,0,error,FileNotFoundError,0,0
cclib,iBIeUIvhEDHWwRGRXri8-gJqbWeZ,exciting,qpxNMvKmRhqq_F-CfHJw8Q/DYN_Q0000_0000_0000_S02_A004_P1.OUT,0,error,FileNotFoundError,0,0
cclib,iBIeUIvhEDHWwRGRXri8-gJqbWeZ,exciting,qpxNMvKmRhqq_F-CfHJw8Q/DYN_Q0000_0000_0000_S02_A004_P2.OUT,0,error,FileNotFoundError,0,0
cclib,iBIeUIvhEDHWwRGRXri8-gJqbWeZ,exciting,qpxNMvKmRhqq_F-CfHJw8Q/DYN_Q0000_0000_0000_S02_A004_P3.OUT,0,error,FileNotFoundError,0,0
cclib,iBIeUIvhEDHWwRGRXri8-gJqbWeZ,exciting,qpxNMvKmRhqq_F-CfHJw8Q/DYN_Q0000_0000_0000_S02_A005_P1.OUT,0,error,FileNotFoundError,0,0
cclib,iBIeUIvhEDHWwRGRXri8-gJqbWeZ,exciting,qpxNMvKmRhqq_F-CfHJw8Q/DYN_Q0000_0000_0000_S02_A005_P2.OUT,0,error,FileNotFoundError,0,0
cclib,iBIeUIvhEDHWwRGRXri8-gJqbWeZ,exciting,qpxNMvKmRhqq_F-CfHJw8Q/DYN_Q0000_0000_0000_S02_A005_P3.OUT,0,error,FileNotFoundError,0,0
cclib,iBIeUIvhEDHWwRGRXri8-gJqbWeZ,exciting,qpxNMvKmRhqq_F-CfHJw8Q/DYN_Q0000_0000_0000_S02_A006_P1.OUT,0,error,FileNotFoundError,0,0
cclib,iBIeUIvhEDHWwRGRXri8-gJqbWeZ,exciting,qpxNMvKmRhqq_F-CfHJw8Q/DYN_Q0000_0000_0000_S02_A006_P2.OUT,0,error,FileNotFoundError,0,0
cclib,iBIeUIvhEDHWwRGRXri8-gJqbWeZ,exciting,qpxNMvKmRhqq_F-CfHJw8Q/DYN_Q0000_0000_0000_S02_A006_P3.OUT,0,error,FileNotFoundError,0,0
cclib,iBIeUIvhEDHWwRGRXri8-gJqbWeZ,exciting,qpxNMvKmRhqq_F-CfHJw8Q/DYN_Q0000_0000_0000_S02_A007_P1.OUT,0,error,FileNotFoundError,0,0
cclib,iBIeUIvhEDHWwRGRXri8-gJqbWeZ,exciting,qpxNMvKmRhqq_F-CfHJw8Q/DYN_Q0000_0000_0000_S02_A007_P2.OUT,0,error,FileNotFoundError,0,0
cclib,iBIeUIvhEDHWwRGRXri8-gJqbWeZ,exciting,qpxNMvKmRhqq_F-CfHJw8Q/DYN_Q0000_0000_0000_S02_A007_P3.OUT,0,error,FileNotFoundError,0,0
cclib,iBIeUIvhEDHWwRGRXri8-gJqbWeZ,exciting,qpxNMvKmRhqq_F-CfHJw8Q/DYN_Q0000_0000_0000_S02_A008_P1.OUT,0,error,FileNotFoundError,0,0
cclib,iBIeUIvhEDHWwRGRXri8-gJqbWeZ,exciting,qpxNMvKmRhqq_F-CfHJw8Q/DYN_Q0000_0000_0000_S02_A008_P2.OUT,0,error,FileNotFoundError,0,0
cclib,iBIeUIvhEDHWwRGRXri8-gJqbWeZ,exciting,qpxNMvKmRhqq_F-CfHJw8Q/DYN_Q0000_0000_0000_S02_A008_P3.OUT,0,error,FileNotFoundError,0,0
cclib,iBIeUIvhEDHWwRGRXri8-gJqbWeZ,exciting,qpxNMvKmRhqq_F-CfHJw8Q/DYN_Q0000_0000_0000_S02_A009_P1.OUT,0,error,FileNotFoundError,0,0
cclib,iBIeUIvhEDHWwRGRXri8-gJqbWeZ,exciting,qpxNMvKmRhqq_F-CfHJw8Q/DYN_Q0000_0000_0000_S02_A009_P2.OUT,0,error,FileNotFoundError,0,0
cclib,iBIeUIvhEDHWwRGRXri8-gJqbWeZ,exciting,qpxNMvKmRhqq_F-CfHJw8Q/DYN_Q0000_0000_0000_S02_A009_P3.OUT,0,error,FileNotFoundError,0,0
cclib,iBIeUIvhEDHWwRGRXri8-gJqbWeZ,exciting,qpxNMvKmRhqq_F-CfHJw8Q/DYN_Q0000_0000_0000_S03_A001_P1.OUT,0,error,FileNotFoundError,0,0
cclib,iBIeUIvhEDHWwRGRXri8-gJqbWeZ,exciting,qpxNMvKmRhqq_F-CfHJw8Q/DYN_Q0000_0000_0000_S03_A001_P2.OUT,0,error,FileNotFoundError,0,0
cclib,iBIeUIvhEDHWwRGRXri8-gJqbWeZ,exciting,qpxNMvKmRhqq_F-CfHJw8Q/DYN_Q0000_0000_0000_S03_A001_P3.OUT,0,error,FileNotFoundError,0,0
cclib,iBIeUIvhEDHWwRGRXri8-gJqbWeZ,exciting,qpxNMvKmRhqq_F-CfHJw8Q/DYN_Q0000_0000_0000_S03_A002_P1.OUT,0,error,FileNotFoundError,0,0
cclib,iBIeUIvhEDHWwRGRXri8-gJqbWeZ,exciting,qpxNMvKmRhqq_F-CfHJw8Q/DYN_Q0000_0000_0000_S03_A002_P2.OUT,0,error,FileNotFoundError,0,0
cclib,iBIeUIvhEDHWwRGRXri8-gJqbWeZ,exciting,qpxNMvKmRhqq_F-CfHJw8Q/DYN_Q0000_0000_0000_S03_A002_P3.OUT,0,error,FileNotFoundError,0,0
cclib,iBIeUIvhEDHWwRGRXri8-gJqbWeZ,exciting,qpxNMvKmRhqq_F-CfHJw8Q/DYN_Q0000_0000_0000_S03_A003_P1.OUT,0,error,FileNotFoundError,0,0
cclib,iBIeUIvhEDHWwRGRXri8-gJqbWeZ,exciting,qpxNMvKmRhqq_F-CfHJw8Q/DYN_Q0000_0000_0000_S03_A003_P2.OUT,0,error,FileNotFoundError,0,0
cclib,iBIeUIvhEDHWwRGRXri8-gJqbWeZ,exciting,qpxNMvKmRhqq_F-CfHJw8Q/DYN_Q0000_0000_0000_S03_A003_P3.OUT,0,error,FileNotFoundError,0,0
cclib,iBIeUIvhEDHWwRGRXri8-gJqbWeZ,exciting,qpxNMvKmRhqq_F-CfHJw8Q/DYN_Q0000_0000_0000_S03_A004_P1.OUT,0,error,FileNotFoundError,0,0
cclib,iBIeUIvhEDHWwRGRXri8-gJqbWeZ,exciting,qpxNMvKmRhqq_F-CfHJw8Q/DYN_Q0000_0000_0000_S03_A004_P2.OUT,0,error,FileNotFoundError,0,0
cclib,iBIeUIvhEDHWwRGRXri8-gJqbWeZ,exciting,qpxNMvKmRhqq_F-CfHJw8Q/DYN_Q0000_0000_0000_S03_A004_P3.OUT,0,error,FileNotFoundError,0,0
cclib,iBIeUIvhEDHWwRGRXri8-gJqbWeZ,exciting,qpxNMvKmRhqq_F-CfHJw8Q/DYN_Q0000_0000_0000_S03_A005_P1.OUT,0,error,FileNotFoundError,0,0
cclib,iBIeUIvhEDHWwRGRXri8-gJqbWeZ,exciting,qpxNMvKmRhqq_F-CfHJw8Q/DYN_Q0000_0000_0000_S03_A005_P2.OUT,0,error,FileNotFoundError,0,0
cclib,iBIeUIvhEDHWwRGRXri8-gJqbWeZ,exciting,qpxNMvKmRhqq_F-CfHJw8Q/DYN_Q0000_0000_0000_S03_A005_P3.OUT,0,error,FileNotFoundError,0,0
cclib,iBIeUIvhEDHWwRGRXri8-gJqbWeZ,exciting,qpxNMvKmRhqq_F-CfHJw8Q/DYN_Q0000_0000_0000_S04_A001_P1.OUT,0,error,FileNotFoundError,0,0
cclib,iBIeUIvhEDHWwRGRXri8-gJqbWeZ,exciting,qpxNMvKmRhqq_F-CfHJw8Q/DYN_Q0000_0000_0000_S04_A001_P2.OUT,0,error,FileNotFoundError,0,0
cclib,iBIeUIvhEDHWwRGRXri8-gJqbWeZ,exciting,qpxNMvKmRhqq_F-CfHJw8Q/DYN_Q0000_0000_0000_S04_A001_P3.OUT,0,error,FileNotFoundError,0,0
cclib,iBIeUIvhEDHWwRGRXri8-gJqbWeZ,exciting,qpxNMvKmRhqq_F-CfHJw8Q/DYN_Q0000_0000_0000_S04_A002_P1.OUT,0,error,FileNotFoundError,0,0
cclib,iBIeUIvhEDHWwRGRXri8-gJqbWeZ,exciting,qpxNMvKmRhqq_F-CfHJw8Q/DYN_Q0000_0000_0000_S04_A002_P2.OUT,0,error,FileNotFoundError,0,0
cclib,iBIeUIvhEDHWwRGRXri8-gJqbWeZ,exciting,qpxNMvKmRhqq_F-CfHJw8Q/DYN_Q0000_0000_0000_S04_A002_P3.OUT,0,error,FileNotFoundError,0,0
cclib,iBIeUIvhEDHWwRGRXri8-gJqbWeZ,exciting,qpxNMvKmRhqq_F-CfHJw8Q/DYN_Q0000_0000_0000_S04_A003_P1.OUT,0,error,FileNotFoundError,0,0
cclib,iBIeUIvhEDHWwRGRXri8-gJqbWeZ,exciting,qpxNMvKmRhqq_F-CfHJw8Q/DYN_Q0000_0000_0000_S04_A003_P2.OUT,0,error,FileNotFoundError,0,0
cclib,iBIeUIvhEDHWwRGRXri8-gJqbWeZ,exciting,qpxNMvKmRhqq_F-CfHJw8Q/DYN_Q0000_0000_0000_S04_A003_P3.OUT,0,error,FileNotFoundError,0,0
cclib,iBIeUIvhEDHWwRGRXri8-gJqbWeZ,exciting,qpxNMvKmRhqq_F-CfHJw8Q/DYN_Q0000_0000_0000_S04_A004_P1.OUT,0,error,FileNotFoundError,0,0
cclib,iBIeUIvhEDHWwRGRXri8-gJqbWeZ,exciting,qpxNMvKmRhqq_F-CfHJw8Q/DYN_Q0000_0000_0000_S04_A004_P2.OUT,0,error,FileNotFoundError,0,0
cclib,iBIeUIvhEDHWwRGRXri8-gJqbWeZ,exciting,qpxNMvKmRhqq_F-CfHJw8Q/DYN_Q0000_0000_0000_S04_A004_P3.OUT,0,error,FileNotFoundError,0,0
cclib,iBIeUIvhEDHWwRGRXri8-gJqbWeZ,exciting,qpxNMvKmRhqq_F-CfHJw8Q/DYN_Q0000_0000_0000_S04_A005_P1.OUT,0,error,FileNotFoundError,0,0
cclib,iBIeUIvhEDHWwRGRXri8-gJqbWeZ,exciting,qpxNMvKmRhqq_F-CfHJw8Q/DYN_Q0000_0000_0000_S04_A005_P2.OUT,0,error,FileNotFoundError,0,0
cclib,iBIeUIvhEDHWwRGRXri8-gJqbWeZ,exciting,qpxNMvKmRhqq_F-CfHJw8Q/DYN_Q0000_0000_0000_S04_A005_P3.OUT,0,error,FileNotFoundError,0,0
cclib,iBIeUIvhEDHWwRGRXri8-gJqbWeZ,exciting,qpxNMvKmRhqq_F-CfHJw8Q/DYN_Q0000_0000_0000_S05_A001_P1.OUT,0,error,FileNotFoundError,0,0
cclib,iBIeUIvhEDHWwRGRXri8-gJqbWeZ,exciting,qpxNMvKmRhqq_F-CfHJw8Q/DYN_Q0000_0000_0000_S05_A001_P2.OUT,0,error,FileNotFoundError,0,0
cclib,iBIeUIvhEDHWwRGRXri8-gJqbWeZ,exciting,qpxNMvKmRhqq_F-CfHJw8Q/DYN_Q0000_0000_0000_S05_A001_P3.OUT,0,error,FileNotFoundError,0,0
cclib,iBIeUIvhEDHWwRGRXri8-gJqbWeZ,exciting,qpxNMvKmRhqq_F-CfHJw8Q/EVALQP.OUT,0,error,FileNotFoundError,0,0
cclib,iBIeUIvhEDHWwRGRXri8-gJqbWeZ,exciting,qpxNMvKmRhqq_F-CfHJw8Q/DVEFF_Q0000_0000_0000_S04_A005_P3.OUT,0,error,FileNotFoundError,0,0
cclib,iBIeUIvhEDHWwRGRXri8-gJqbWeZ,exciting,qpxNMvKmRhqq_F-CfHJw8Q/DVEFF_Q0000_0000_0000_S05_A001_P1.OUT,0,error,FileNotFoundError,0,0
cclib,iBIeUIvhEDHWwRGRXri8-gJqbWeZ,exciting,qpxNMvKmRhqq_F-CfHJw8Q/EVECSV.OUT,0,error,FileNotFoundError,0,0
cclib,iBIeUIvhEDHWwRGRXri8-gJqbWeZ,exciting,qpxNMvKmRhqq_F-CfHJw8Q/H.xml,0,error,FileNotFoundError,0,0
cclib,iBIeUIvhEDHWwRGRXri8-gJqbWeZ,exciting,qpxNMvKmRhqq_F-CfHJw8Q/INFO.OUT,1,error,AttributeError,0,0
cclib,iBIeUIvhEDHWwRGRXri8-gJqbWeZ,exciting,qpxNMvKmRhqq_F-CfHJw8Q/Mo.xml,0,error,FileNotFoundError,0,0
cclib,iBIeUIvhEDHWwRGRXri8-gJqbWeZ,exciting,qpxNMvKmRhqq_F-CfHJw8Q/N.xml,0,error,FileNotFoundError,0,0
cclib,iBIeUIvhEDHWwRGRXri8-gJqbWeZ,exciting,qpxNMvKmRhqq_F-CfHJw8Q/S.xml,0,error,FileNotFoundError,0,0
cclib,iBIeUIvhEDHWwRGRXri8-gJqbWeZ,exciting,qpxNMvKmRhqq_F-CfHJw8Q/DVEFF_Q0000_0000_0000_S05_A001_P2.OUT,0,error,FileNotFoundError,0,0
cclib,iBIeUIvhEDHWwRGRXri8-gJqbWeZ,exciting,qpxNMvKmRhqq_F-CfHJw8Q/DVEFF_Q0000_0000_0000_S05_A001_P3.OUT,0,error,FileNotFoundError,0,0
cclib,iBIeUIvhEDHWwRGRXri8-gJqbWeZ,exciting,qpxNMvKmRhqq_F-CfHJw8Q/WANNIER_INFO.OUT,0,error,FileNotFoundError,0,0
cclib,iBIeUIvhEDHWwRGRXri8-gJqbWeZ,exciting,qpxNMvKmRhqq_F-CfHJw8Q/DVEFF_Q0000_0000_0000_S04_A003_P3.OUT,0,timeout,HardTimeout,0,0
cclib,iBIeUIvhEDHWwRGRXri8-gJqbWeZ,exciting,qpxNMvKmRhqq_F-CfHJw8Q/DVEFF_Q0000_0000_0000_S04_A004_P1.OUT,0,timeout,HardTimeout,0,0
cclib,iBIeUIvhEDHWwRGRXri8-gJqbWeZ,exciting,qpxNMvKmRhqq_F-CfHJw8Q/WANNIER_TRANSFORM.OUT,0,error,FileNotFoundError,0,0
cclib,ir_SAeHwKF2cMHE7J56uwBScN3PL,GAMESS,58G9YZi8SMS2QATRSom9MQ/RCWnE6CiPA8v5vyGpJEV5BKIm4XSC/data/tcnedim/tcnedim_b3_1_a.inp,0,empty,,0,0
cclib,ir_SAeHwKF2cMHE7J56uwBScN3PL,GAMESS,58G9YZi8SMS2QATRSom9MQ/RCWnE6CiPA8v5vyGpJEV5BKIm4XSC/data/tcnedim/tcnedim_b3_1_b.inp,0,empty,,0,0
cclib,iBIeUIvhEDHWwRGRXri8-gJqbWeZ,exciting,qpxNMvKmRhqq_F-CfHJw8Q/input.xml,0,error,FileNotFoundError,0,0
cclib,ir_SAeHwKF2cMHE7J56uwBScN3PL,GAMESS,58G9YZi8SMS2QATRSom9MQ/RCWnE6CiPA8v5vyGpJEV5BKIm4XSC/data/tcnedim/tcnedim_b3_1_c.inp,0,empty,,0,0
cclib,ir_SAeHwKF2cMHE7J56uwBScN3PL,GAMESS,58G9YZi8SMS2QATRSom9MQ/RCWnE6CiPA8v5vyGpJEV5BKIm4XSC/data/tcnedim/tcnedim_b3_1_a.out,0,success,,1,1
cclib,ir_SAeHwKF2cMHE7J56uwBScN3PL,GAMESS,58G9YZi8SMS2QATRSom9MQ/RCWnE6CiPA8v5vyGpJEV5BKIm4XSC/data/tcnedim/tcnedim_b3_1_b.out,0,success,,1,1
cclib,ir_SAeHwKF2cMHE7J56uwBScN3PL,GAMESS,58G9YZi8SMS2QATRSom9MQ/RCWnE6CiPA8v5vyGpJEV5BKIm4XSC/data/tcnedim/tcnedim_b3_1bs_a.inp,0,empty,,0,0
cclib,ir_SAeHwKF2cMHE7J56uwBScN3PL,GAMESS,58G9YZi8SMS2QATRSom9MQ/RCWnE6CiPA8v5vyGpJEV5BKIm4XSC/data/tcnedim/tcnedim_b3_1bs_b.inp,0,empty,,0,0
cclib,ir_SAeHwKF2cMHE7J56uwBScN3PL,GAMESS,58G9YZi8SMS2QATRSom9MQ/RCWnE6CiPA8v5vyGpJEV5BKIm4XSC/data/tcnedim/tcnedim_b3_1_c.out,0,success,,1,1
cclib,ir_SAeHwKF2cMHE7J56uwBScN3PL,GAMESS,58G9YZi8SMS2QATRSom9MQ/RCWnE6CiPA8v5vyGpJEV5BKIm4XSC/data/tcnedim/tcnedim_b3_1bs_c.inp,0,empty,,0,0
cclib,ir_SAeHwKF2cMHE7J56uwBScN3PL,GAMESS,58G9YZi8SMS2QATRSom9MQ/RCWnE6CiPA8v5vyGpJEV5BKIm4XSC/data/tcnedim/tcnedim_b3_1bs_c.out,0,success,,1,1
cclib,iBIeUIvhEDHWwRGRXri8-gJqbWeZ,exciting,qpxNMvKmRhqq_F-CfHJw8Q/DVEFF_Q0000_0000_0000_S04_A005_P1.OUT,0,timeout,HardTimeout,0,0
cclib,ir_SAeHwKF2cMHE7J56uwBScN3PL,GAMESS,58G9YZi8SMS2QATRSom9MQ/RCWnE6CiPA8v5vyGpJEV5BKIm4XSC/data/tcnedim/tcnedim_b3_1bs_a.out,0,success,,1,1
cclib,iBIeUIvhEDHWwRGRXri8-gJqbWeZ,exciting,qpxNMvKmRhqq_F-CfHJw8Q/EVECFV_GW.OUT,0,error,FileNotFoundError,0,0
cclib,ir_SAeHwKF2cMHE7J56uwBScN3PL,GAMESS,58G9YZi8SMS2QATRSom9MQ/RCWnE6CiPA8v5vyGpJEV5BKIm4XSC/data/tcnedim/tcnedim_b3_1bs_b.out,0,success,,1,1
cclib,ir_SAeHwKF2cMHE7J56uwBScN3PL,GAMESS,58G9YZi8SMS2QATRSom9MQ/RCWnE6CiPA8v5vyGpJEV5BKIm4XSC/data/tcnedim/tcnedim_b3_3_c.inp,0,empty,,0,0
cclib,ir_SAeHwKF2cMHE7J56uwBScN3PL,GAMESS,58G9YZi8SMS2QATRSom9MQ/RCWnE6CiPA8v5vyGpJEV5BKIm4XSC/data/tcnedim/tcnedim_b3_3_b.inp,0,empty,,0,0
cclib,ir_SAeHwKF2cMHE7J56uwBScN3PL,GAMESS,58G9YZi8SMS2QATRSom9MQ/RCWnE6CiPA8v5vyGpJEV5BKIm4XSC/data/tcnedim/tcnedim_b3_dis_3.inp,0,empty,,0,0
cclib,ir_SAeHwKF2cMHE7J56uwBScN3PL,GAMESS,58G9YZi8SMS2QATRSom9MQ/RCWnE6CiPA8v5vyGpJEV5BKIm4XSC/data/tcnedim/tcnedim_b3_3_a.inp,0,empty,,0,0
cclib,ir_SAeHwKF2cMHE7J56uwBScN3PL,GAMESS,58G9YZi8SMS2QATRSom9MQ/RCWnE6CiPA8v5vyGpJEV5BKIm4XSC/data/tcnedim/tcnedim_b3_dis_3.out,0,error,ValueError,0,0
cclib,ir_SAeHwKF2cMHE7J56uwBScN3PL,GAMESS,58G9YZi8SMS2QATRSom9MQ/RCWnE6CiPA8v5vyGpJEV5BKIm4XSC/data/tcnedim/tcnedim_cas22mp2_1_a.inp,0,error,ValueError,0,0
cclib,ir_SAeHwKF2cMHE7J56uwBScN3PL,GAMESS,58G9YZi8SMS2QATRSom9MQ/RCWnE6CiPA8v5vyGpJEV5BKIm4XSC/data/tcnedim/tcnedim_cas22mp2_1_b.inp,0,error,ValueError,0,0
cclib,ir_SAeHwKF2cMHE7J56uwBScN3PL,GAMESS,58G9YZi8SMS2QATRSom9MQ/RCWnE6CiPA8v5vyGpJEV5BKIm4XSC/data/tcnedim/tcnedim_b3_3_b.out,0,success,,1,1
cclib,ir_SAeHwKF2cMHE7J56uwBScN3PL,GAMESS,58G9YZi8SMS2QATRSom9MQ/RCWnE6CiPA8v5vyGpJEV5BKIm4XSC/data/tcnedim/tcnedim_b3_3_a.out,0,success,,1,1
cclib,ir_SAeHwKF2cMHE7J56uwBScN3PL,GAMESS,58G9YZi8SMS2QATRSom9MQ/RCWnE6CiPA8v5vyGpJEV5BKIm4XSC/data/tcnedim/tcnedim_b3_3_c.out,0,success,,1,1
cclib,ir_SAeHwKF2cMHE7J56uwBScN3PL,GAMESS,58G9YZi8SMS2QATRSom9MQ/RCWnE6CiPA8v5vyGpJEV5BKIm4XSC/data/tcnedim/tcnedim_cas22mp2_1_c.inp,0,error,ValueError,0,0
cclib,ir_SAeHwKF2cMHE7J56uwBScN3PL,GAMESS,58G9YZi8SMS2QATRSom9MQ/RCWnE6CiPA8v5vyGpJEV5BKIm4XSC/data/tcnedim/tcnedim_cas22mp2_dis_1.out,0,error,ValueError,0,0
cclib,ir_SAeHwKF2cMHE7J56uwBScN3PL,GAMESS,58G9YZi8SMS2QATRSom9MQ/RCWnE6CiPA8v5vyGpJEV5BKIm4XSC/data/tcnedim/tcnedim_rmp2_1_a.inp,0,empty,,0,0
cclib,ir_SAeHwKF2cMHE7J56uwBScN3PL,GAMESS,58G9YZi8SMS2QATRSom9MQ/RCWnE6CiPA8v5vyGpJEV5BKIm4XSC/data/tcnedim/tcnedim_cas22mp2_dis_1.inp,0,error,ValueError,0,0
cclib,ir_SAeHwKF2cMHE7J56uwBScN3PL,GAMESS,58G9YZi8SMS2QATRSom9MQ/RCWnE6CiPA8v5vyGpJEV5BKIm4XSC/data/tcnedim/tcnedim_rmp2_1_b.inp,0,empty,,0,0
cclib,ir_SAeHwKF2cMHE7J56uwBScN3PL,GAMESS,58G9YZi8SMS2QATRSom9MQ/RCWnE6CiPA8v5vyGpJEV5BKIm4XSC/data/tcnedim/tcnedim_cas22mp2_1_a.out,0,success,,1,1
cclib,ir_SAeHwKF2cMHE7J56uwBScN3PL,GAMESS,58G9YZi8SMS2QATRSom9MQ/RCWnE6CiPA8v5vyGpJEV5BKIm4XSC/data/tcnedim/tcnedim_rmp2_1_c.inp,0,empty,,0,0
cclib,ir_SAeHwKF2cMHE7J56uwBScN3PL,GAMESS,58G9YZi8SMS2QATRSom9MQ/RCWnE6CiPA8v5vyGpJEV5BKIm4XSC/data/tcnedim/tcnedim_rmp2_1_a.out,1,success,,1,1
cclib,ir_SAeHwKF2cMHE7J56uwBScN3PL,GAMESS,58G9YZi8SMS2QATRSom9MQ/RCWnE6CiPA8v5vyGpJEV5BKIm4XSC/data/tcnedim/tcnedim_cas22mp2_1_b.out,0,success,,1,1
cclib,ir_SAeHwKF2cMHE7J56uwBScN3PL,GAMESS,58G9YZi8SMS2QATRSom9MQ/RCWnE6CiPA8v5vyGpJEV5BKIm4XSC/data/tcnedim/tcnedim_rmp2_1_b.out,0,success,,1,1
cclib,ir_SAeHwKF2cMHE7J56uwBScN3PL,GAMESS,58G9YZi8SMS2QATRSom9MQ/RCWnE6CiPA8v5vyGpJEV5BKIm4XSC/data/tcnedim/tcnedim_rmp2_1_c.out,0,success,,1,1
cclib,ir_SAeHwKF2cMHE7J56uwBScN3PL,GAMESS,58G9YZi8SMS2QATRSom9MQ/RCWnE6CiPA8v5vyGpJEV5BKIm4XSC/data/tcnedim/tcnedim_romp2_3_a.inp,0,error,ValueError,0,0
cclib,ir_SAeHwKF2cMHE7J56uwBScN3PL,GAMESS,58G9YZi8SMS2QATRSom9MQ/RCWnE6CiPA8v5vyGpJEV5BKIm4XSC/data/tcnedim/tcnedim_romp2_3_a.out,0,success,,1,1
cclib,ir_SAeHwKF2cMHE7J56uwBScN3PL,GAMESS,58G9YZi8SMS2QATRSom9MQ/RCWnE6CiPA8v5vyGpJEV5BKIm4XSC/data/tcnedim/tcnedim_romp2_3_b.out,0,success,,1,1
cclib,ir_SAeHwKF2cMHE7J56uwBScN3PL,GAMESS,58G9YZi8SMS2QATRSom9MQ/RCWnE6CiPA8v5vyGpJEV5BKIm4XSC/data/tcnedim/tcnedim_romp2_3_b.inp,0,error,ValueError,0,0
cclib,ir_SAeHwKF2cMHE7J56uwBScN3PL,GAMESS,58G9YZi8SMS2QATRSom9MQ/RCWnE6CiPA8v5vyGpJEV5BKIm4XSC/data/tcnedim/tcnedim_romp2_dis_3.out,0,error,ValueError,0,0
cclib,jpzJnBh20gKHQm5bGGJOxrU6eZ_d,WIEN2k,H74rg1mSSM2RsPjlSOZlgg/dft_nio2_surface/POSCAR,0,error,FileNotFoundError,0,0
cclib,jpzJnBh20gKHQm5bGGJOxrU6eZ_d,WIEN2k,H74rg1mSSM2RsPjlSOZlgg/dft_nio2_surface/job_wien2k.hclm,0,error,FileNotFoundError,0,0
cclib,ir_SAeHwKF2cMHE7J56uwBScN3PL,GAMESS,58G9YZi8SMS2QATRSom9MQ/RCWnE6CiPA8v5vyGpJEV5BKIm4XSC/data/tcnedim/tcnedim_romp2_3_c.inp,0,error,ValueError,0,0
cclib,ir_SAeHwKF2cMHE7J56uwBScN3PL,GAMESS,58G9YZi8SMS2QATRSom9MQ/RCWnE6CiPA8v5vyGpJEV5BKIm4XSC/data/tcnedim/tcnedim_cas22mp2_1_c.out,0,success,,1,1
cclib,jpzJnBh20gKHQm5bGGJOxrU6eZ_d,WIEN2k,H74rg1mSSM2RsPjlSOZlgg/dft_nio2_surface/oc.in0,0,error,FileNotFoundError,0,0
cclib,jpzJnBh20gKHQm5bGGJOxrU6eZ_d,WIEN2k,H74rg1mSSM2RsPjlSOZlgg/dft_nio2_surface/oc.in0_st,0,error,FileNotFoundError,0,0
cclib,jpzJnBh20gKHQm5bGGJOxrU6eZ_d,WIEN2k,H74rg1mSSM2RsPjlSOZlgg/dft_nio2_surface/oc.in0_std,0,error,FileNotFoundError,0,0
cclib,jpzJnBh20gKHQm5bGGJOxrU6eZ_d,WIEN2k,H74rg1mSSM2RsPjlSOZlgg/dft_nio2_surface/oc.in1_st,0,error,FileNotFoundError,0,0
cclib,jpzJnBh20gKHQm5bGGJOxrU6eZ_d,WIEN2k,H74rg1mSSM2RsPjlSOZlgg/dft_nio2_surface/oc.in1c,0,error,FileNotFoundError,0,0
cclib,jpzJnBh20gKHQm5bGGJOxrU6eZ_d,WIEN2k,H74rg1mSSM2RsPjlSOZlgg/dft_nio2_surface/oc.in2_ls,0,error,FileNotFoundError,0,0
cclib,jpzJnBh20gKHQm5bGGJOxrU6eZ_d,WIEN2k,H74rg1mSSM2RsPjlSOZlgg/dft_nio2_surface/oc.in2_st,0,error,FileNotFoundError,0,0
cclib,jpzJnBh20gKHQm5bGGJOxrU6eZ_d,WIEN2k,H74rg1mSSM2RsPjlSOZlgg/dft_nio2_surface/oc.in2_sy,0,error,FileNotFoundError,0,0
cclib,jpzJnBh20gKHQm5bGGJOxrU6eZ_d,WIEN2k,H74rg1mSSM2RsPjlSOZlgg/dft_nio2_surface/oc.in2c,0,error,FileNotFoundError,0,0
cclib,jpzJnBh20gKHQm5bGGJOxrU6eZ_d,WIEN2k,H74rg1mSSM2RsPjlSOZlgg/dft_nio2_surface/oc.inc,0,error,FileNotFoundError,0,0
cclib,jpzJnBh20gKHQm5bGGJOxrU6eZ_d,WIEN2k,H74rg1mSSM2RsPjlSOZlgg/dft_nio2_surface/oc.inc_st,0,error,FileNotFoundError,0,0
cclib,jpzJnBh20gKHQm5bGGJOxrU6eZ_d,WIEN2k,H74rg1mSSM2RsPjlSOZlgg/dft_nio2_surface/oc.inm,0,error,FileNotFoundError,0,0
cclib,jpzJnBh20gKHQm5bGGJOxrU6eZ_d,WIEN2k,H74rg1mSSM2RsPjlSOZlgg/dft_nio2_surface/oc.inm_restart_st,0,error,FileNotFoundError,0,0
cclib,jpzJnBh20gKHQm5bGGJOxrU6eZ_d,WIEN2k,H74rg1mSSM2RsPjlSOZlgg/dft_nio2_surface/oc.inm_st,0,error,FileNotFoundError,0,0
cclib,jpzJnBh20gKHQm5bGGJOxrU6eZ_d,WIEN2k,H74rg1mSSM2RsPjlSOZlgg/dft_nio2_surface/oc.inq,0,error,FileNotFoundError,0,0
cclib,jpzJnBh20gKHQm5bGGJOxrU6eZ_d,WIEN2k,H74rg1mSSM2RsPjlSOZlgg/dft_nio2_surface/oc.inq_st,0,error,FileNotFoundError,0,0
cclib,jpzJnBh20gKHQm5bGGJOxrU6eZ_d,WIEN2k,H74rg1mSSM2RsPjlSOZlgg/dft_nio2_surface/oc.inst,0,error,FileNotFoundError,0,0
cclib,jpzJnBh20gKHQm5bGGJOxrU6eZ_d,WIEN2k,H74rg1mSSM2RsPjlSOZlgg/dft_nio2_surface/oc.kgen,0,error,FileNotFoundError,0,0
cclib,jpzJnBh20gKHQm5bGGJOxrU6eZ_d,WIEN2k,H74rg1mSSM2RsPjlSOZlgg/dft_nio2_surface/oc.klist,0,error,FileNotFoundError,0,0
cclib,ir_SAeHwKF2cMHE7J56uwBScN3PL,GAMESS,58G9YZi8SMS2QATRSom9MQ/RCWnE6CiPA8v5vyGpJEV5BKIm4XSC/data/tcnedim/tcnedim_romp2_dis_3.inp,0,error,ValueError,0,0
cclib,jpzJnBh20gKHQm5bGGJOxrU6eZ_d,WIEN2k,H74rg1mSSM2RsPjlSOZlgg/dft_nio2_surface/oc.scf2,0,error,FileNotFoundError,0,0
cclib,jpzJnBh20gKHQm5bGGJOxrU6eZ_d,WIEN2k,H74rg1mSSM2RsPjlSOZlgg/dft_nio2_surface/oc.struct,0,error,FileNotFoundError,0,0
cclib,ir_SAeHwKF2cMHE7J56uwBScN3PL,GAMESS,58G9YZi8SMS2QATRSom9MQ/RCWnE6CiPA8v5vyGpJEV5BKIm4XSC/data/tcnedim/tcnedim_romp2_3_c.out,0,success,,1,1
cclib,jpzJnBh20gKHQm5bGGJOxrU6eZ_d,WIEN2k,H74rg1mSSM2RsPjlSOZlgg/dft_nio2_surface/oc.vsp,0,error,FileNotFoundError,0,0
cclib,jpzJnBh20gKHQm5bGGJOxrU6eZ_d,WIEN2k,H74rg1mSSM2RsPjlSOZlgg/dft_nio2_surface/output.log,0,error,FileNotFoundError,0,0
cclib,jpzJnBh20gKHQm5bGGJOxrU6eZ_d,WIEN2k,H74rg1mSSM2RsPjlSOZlgg/dft_nio2_surface/output1.log,0,error,FileNotFoundError,0,0
cclib,jpzJnBh20gKHQm5bGGJOxrU6eZ_d,WIEN2k,H74rg1mSSM2RsPjlSOZlgg/dft_nio2_surface/output2.log,0,error,FileNotFoundError,0,0
cclib,jpzJnBh20gKHQm5bGGJOxrU6eZ_d,WIEN2k,H74rg1mSSM2RsPjlSOZlgg/dft_nio2_surface/slurm-33796.out,0,error,FileNotFoundError,0,0
cclib,jpzJnBh20gKHQm5bGGJOxrU6eZ_d,WIEN2k,H74rg1mSSM2RsPjlSOZlgg/dft_nio2_surface/slurm-34483.out,0,error,FileNotFoundError,0,0
cclib,jpzJnBh20gKHQm5bGGJOxrU6eZ_d,WIEN2k,H74rg1mSSM2RsPjlSOZlgg/dft_nio2_surface/slurm-35335.out,0,error,FileNotFoundError,0,0
cclib,jpzJnBh20gKHQm5bGGJOxrU6eZ_d,WIEN2k,H74rg1mSSM2RsPjlSOZlgg/dft_nio2_surface/xyz2struct.struct,0,error,FileNotFoundError,0,0
cclib,jv85ezLp5CUgM1i3MCs5wCXgAS_K,Octopus,wrZsJFzHT-q4r3MF3H83lA/00051,0,error,FileNotFoundError,0,0
cclib,jv85ezLp5CUgM1i3MCs5wCXgAS_K,Octopus,wrZsJFzHT-q4r3MF3H83lA/TCNQ_relaxed_sp0.20.xyz,0,error,FileNotFoundError,0,0
cclib,jv85ezLp5CUgM1i3MCs5wCXgAS_K,Octopus,wrZsJFzHT-q4r3MF3H83lA/casida,0,error,FileNotFoundError,0,0
cclib,iBIeUIvhEDHWwRGRXri8-gJqbWeZ,exciting,qpxNMvKmRhqq_F-CfHJw8Q/STATE.OUT,0,error,FileNotFoundError,0,0
cclib,jv85ezLp5CUgM1i3MCs5wCXgAS_K,Octopus,wrZsJFzHT-q4r3MF3H83lA/inp,0,error,FileNotFoundError,0,0
cclib,jv85ezLp5CUgM1i3MCs5wCXgAS_K,Octopus,wrZsJFzHT-q4r3MF3H83lA/eps_diff,0,error,FileNotFoundError,0,0
cclib,jv85ezLp5CUgM1i3MCs5wCXgAS_K,Octopus,wrZsJFzHT-q4r3MF3H83lA/output.out,1,error,FileNotFoundError,0,0
cclib,jv85ezLp5CUgM1i3MCs5wCXgAS_K,Octopus,wrZsJFzHT-q4r3MF3H83lA/spectrum.casida,0,error,FileNotFoundError,0,0
cclib,jv85ezLp5CUgM1i3MCs5wCXgAS_K,Octopus,wrZsJFzHT-q4r3MF3H83lA/spectrum.eps_diff,0,error,FileNotFoundError,0,0
cclib,jv85ezLp5CUgM1i3MCs5wCXgAS_K,Octopus,wrZsJFzHT-q4r3MF3H83lA/spectrum.tamm_dancoff,0,error,FileNotFoundError,0,0
cclib,jpzJnBh20gKHQm5bGGJOxrU6eZ_d,WIEN2k,H74rg1mSSM2RsPjlSOZlgg/dft_nio2_surface/new_super.clmsum,0,error,FileNotFoundError,0,0
cclib,kBTQasoI-JdkbR0tweJNoo8N5pH4,GPAW,u-PnzOXrRv6WIgxb4C2Jsw/production_May27_MoS2WS2_10Ha_662/tree/662/materials/WS4Mo-May27-272eV-G662/WaveFunctions/gs_gw.txt,0,error,FileNotFoundError,0,0
cclib,jv85ezLp5CUgM1i3MCs5wCXgAS_K,Octopus,wrZsJFzHT-q4r3MF3H83lA/tamm_dancoff,0,error,FileNotFoundError,0,0
cclib,kBTQasoI-JdkbR0tweJNoo8N5pH4,GPAW,u-PnzOXrRv6WIgxb4C2Jsw/production_May27_MoS2WS2_10Ha_662/tree/662/materials/WS4Mo-May27-272eV-G662/WaveFunctions/input.json,0,error,FileNotFoundError,0,0
cclib,kBTQasoI-JdkbR0tweJNoo8N5pH4,GPAW,u-PnzOXrRv6WIgxb4C2Jsw/production_May27_MoS2WS2_10Ha_662/tree/662/materials/WS4Mo-May27-272eV-G662/WaveFunctions/output.json,0,error,FileNotFoundError,0,0
cclib,lZL2bLfPSUye2YrTqZ-xrvpqRDE5,GAMESS,58G9YZi8SMS2QATRSom9MQ/RCWnE6CiPA8v5vyGpJEV5BKIm4XSC/data/tcnedim/tcnedim_b3_1_a.inp,0,empty,,0,0
cclib,jpzJnBh20gKHQm5bGGJOxrU6eZ_d,WIEN2k,H74rg1mSSM2RsPjlSOZlgg/dft_nio2_surface/oc.clmsum,0,error,FileNotFoundError,0,0
cclib,lZL2bLfPSUye2YrTqZ-xrvpqRDE5,GAMESS,58G9YZi8SMS2QATRSom9MQ/RCWnE6CiPA8v5vyGpJEV5BKIm4XSC/data/tcnedim/tcnedim_b3_1_b.inp,0,empty,,0,0
cclib,jpzJnBh20gKHQm5bGGJOxrU6eZ_d,WIEN2k,H74rg1mSSM2RsPjlSOZlgg/dft_nio2_surface/oc.vns,0,error,FileNotFoundError,0,0
cclib,lZL2bLfPSUye2YrTqZ-xrvpqRDE5,GAMESS,58G9YZi8SMS2QATRSom9MQ/RCWnE6CiPA8v5vyGpJEV5BKIm4XSC/data/tcnedim/tcnedim_b3_1_c.inp,0,empty,,0,0
cclib,lZL2bLfPSUye2YrTqZ-xrvpqRDE5,GAMESS,58G9YZi8SMS2QATRSom9MQ/RCWnE6CiPA8v5vyGpJEV5BKIm4XSC/data/tcnedim/tcnedim_b3_1_a.out,0,success,,1,1
cclib,lZL2bLfPSUye2YrTqZ-xrvpqRDE5,GAMESS,58G9YZi8SMS2QATRSom9MQ/RCWnE6CiPA8v5vyGpJEV5BKIm4XSC/data/tcnedim/tcnedim_b3_1bs_a.inp,0,empty,,0,0
cclib,lZL2bLfPSUye2YrTqZ-xrvpqRDE5,GAMESS,58G9YZi8SMS2QATRSom9MQ/RCWnE6CiPA8v5vyGpJEV5BKIm4XSC/data/tcnedim/tcnedim_b3_1_c.out,0,success,,1,1
cclib,lZL2bLfPSUye2YrTqZ-xrvpqRDE5,GAMESS,58G9YZi8SMS2QATRSom9MQ/RCWnE6CiPA8v5vyGpJEV5BKIm4XSC/data/tcnedim/tcnedim_b3_1_b.out,0,success,,1,1
cclib,lZL2bLfPSUye2YrTqZ-xrvpqRDE5,GAMESS,58G9YZi8SMS2QATRSom9MQ/RCWnE6CiPA8v5vyGpJEV5BKIm4XSC/data/tcnedim/tcnedim_b3_1bs_b.inp,0,empty,,0,0
cclib,lZL2bLfPSUye2YrTqZ-xrvpqRDE5,GAMESS,58G9YZi8SMS2QATRSom9MQ/RCWnE6CiPA8v5vyGpJEV5BKIm4XSC/data/tcnedim/tcnedim_b3_1bs_c.inp,0,empty,,0,0
cclib,lZL2bLfPSUye2YrTqZ-xrvpqRDE5,GAMESS,58G9YZi8SMS2QATRSom9MQ/RCWnE6CiPA8v5vyGpJEV5BKIm4XSC/data/tcnedim/tcnedim_b3_1bs_a.out,0,success,,1,1
cclib,lZL2bLfPSUye2YrTqZ-xrvpqRDE5,GAMESS,58G9YZi8SMS2QATRSom9MQ/RCWnE6CiPA8v5vyGpJEV5BKIm4XSC/data/tcnedim/tcnedim_b3_3_a.inp,0,empty,,0,0
cclib,lZL2bLfPSUye2YrTqZ-xrvpqRDE5,GAMESS,58G9YZi8SMS2QATRSom9MQ/RCWnE6CiPA8v5vyGpJEV5BKIm4XSC/data/tcnedim/tcnedim_b3_1bs_b.out,0,success,,1,1
cclib,lZL2bLfPSUye2YrTqZ-xrvpqRDE5,GAMESS,58G9YZi8SMS2QATRSom9MQ/RCWnE6CiPA8v5vyGpJEV5BKIm4XSC/data/tcnedim/tcnedim_b3_3_b.inp,0,empty,,0,0
cclib,lZL2bLfPSUye2YrTqZ-xrvpqRDE5,GAMESS,58G9YZi8SMS2QATRSom9MQ/RCWnE6CiPA8v5vyGpJEV5BKIm4XSC/data/tcnedim/tcnedim_b3_1bs_c.out,0,success,,1,1
cclib,lZL2bLfPSUye2YrTqZ-xrvpqRDE5,GAMESS,58G9YZi8SMS2QATRSom9MQ/RCWnE6CiPA8v5vyGpJEV5BKIm4XSC/data/tcnedim/tcnedim_b3_3_c.inp,0,empty,,0,0
cclib,jpzJnBh20gKHQm5bGGJOxrU6eZ_d,WIEN2k,H74rg1mSSM2RsPjlSOZlgg/dft_nio2_surface/oc.scf,1,error,FileNotFoundError,0,0
cclib,lZL2bLfPSUye2YrTqZ-xrvpqRDE5,GAMESS,58G9YZi8SMS2QATRSom9MQ/RCWnE6CiPA8v5vyGpJEV5BKIm4XSC/data/tcnedim/tcnedim_b3_dis_3.inp,0,empty,,0,0
cclib,lZL2bLfPSUye2YrTqZ-xrvpqRDE5,GAMESS,58G9YZi8SMS2QATRSom9MQ/RCWnE6CiPA8v5vyGpJEV5BKIm4XSC/data/tcnedim/tcnedim_b3_dis_3.out,0,error,ValueError,0,0
cclib,lZL2bLfPSUye2YrTqZ-xrvpqRDE5,GAMESS,58G9YZi8SMS2QATRSom9MQ/RCWnE6CiPA8v5vyGpJEV5BKIm4XSC/data/tcnedim/tcnedim_cas22mp2_1_a.inp,0,error,ValueError,0,0
cclib,lZL2bLfPSUye2YrTqZ-xrvpqRDE5,GAMESS,58G9YZi8SMS2QATRSom9MQ/RCWnE6CiPA8v5vyGpJEV5BKIm4XSC/data/tcnedim/tcnedim_b3_3_a.out,0,success,,1,1
cclib,lZL2bLfPSUye2YrTqZ-xrvpqRDE5,GAMESS,58G9YZi8SMS2QATRSom9MQ/RCWnE6CiPA8v5vyGpJEV5BKIm4XSC/data/tcnedim/tcnedim_b3_3_b.out,0,success,,1,1
cclib,lZL2bLfPSUye2YrTqZ-xrvpqRDE5,GAMESS,58G9YZi8SMS2QATRSom9MQ/RCWnE6CiPA8v5vyGpJEV5BKIm4XSC/data/tcnedim/tcnedim_cas22mp2_1_b.inp,0,error,ValueError,0,0
cclib,lZL2bLfPSUye2YrTqZ-xrvpqRDE5,GAMESS,58G9YZi8SMS2QATRSom9MQ/RCWnE6CiPA8v5vyGpJEV5BKIm4XSC/data/tcnedim/tcnedim_cas22mp2_1_a.out,0,success,,1,1
cclib,lZL2bLfPSUye2YrTqZ-xrvpqRDE5,GAMESS,58G9YZi8SMS2QATRSom9MQ/RCWnE6CiPA8v5vyGpJEV5BKIm4XSC/data/tcnedim/tcnedim_cas22mp2_1_c.inp,0,error,ValueError,0,0
cclib,lZL2bLfPSUye2YrTqZ-xrvpqRDE5,GAMESS,58G9YZi8SMS2QATRSom9MQ/RCWnE6CiPA8v5vyGpJEV5BKIm4XSC/data/tcnedim/tcnedim_b3_3_c.out,0,success,,1,1
cclib,lZL2bLfPSUye2YrTqZ-xrvpqRDE5,GAMESS,58G9YZi8SMS2QATRSom9MQ/RCWnE6CiPA8v5vyGpJEV5BKIm4XSC/data/tcnedim/tcnedim_cas22mp2_dis_1.out,0,error,ValueError,0,0
cclib,lZL2bLfPSUye2YrTqZ-xrvpqRDE5,GAMESS,58G9YZi8SMS2QATRSom9MQ/RCWnE6CiPA8v5vyGpJEV5BKIm4XSC/data/tcnedim/tcnedim_rmp2_1_a.inp,0,empty,,0,0
cclib,lZL2bLfPSUye2YrTqZ-xrvpqRDE5,GAMESS,58G9YZi8SMS2QATRSom9MQ/RCWnE6CiPA8v5vyGpJEV5BKIm4XSC/data/tcnedim/tcnedim_cas22mp2_dis_1.inp,0,error,ValueError,0,0
cclib,lZL2bLfPSUye2YrTqZ-xrvpqRDE5,GAMESS,58G9YZi8SMS2QATRSom9MQ/RCWnE6CiPA8v5vyGpJEV5BKIm4XSC/data/tcnedim/tcnedim_rmp2_1_b.inp,0,empty,,0,0
cclib,lZL2bLfPSUye2YrTqZ-xrvpqRDE5,GAMESS,58G9YZi8SMS2QATRSom9MQ/RCWnE6CiPA8v5vyGpJEV5BKIm4XSC/data/tcnedim/tcnedim_cas22mp2_1_c.out,0,success,,1,1
cclib,lZL2bLfPSUye2YrTqZ-xrvpqRDE5,GAMESS,58G9YZi8SMS2QATRSom9MQ/RCWnE6CiPA8v5vyGpJEV5BKIm4XSC/data/tcnedim/tcnedim_rmp2_1_c.inp,0,empty,,0,0
cclib,lZL2bLfPSUye2YrTqZ-xrvpqRDE5,GAMESS,58G9YZi8SMS2QATRSom9MQ/RCWnE6CiPA8v5vyGpJEV5BKIm4XSC/data/tcnedim/tcnedim_rmp2_1_a.out,0,success,,1,1
cclib,lZL2bLfPSUye2YrTqZ-xrvpqRDE5,GAMESS,58G9YZi8SMS2QATRSom9MQ/RCWnE6CiPA8v5vyGpJEV5BKIm4XSC/data/tcnedim/tcnedim_rmp2_1_b.out,0,success,,1,1
cclib,lZL2bLfPSUye2YrTqZ-xrvpqRDE5,GAMESS,58G9YZi8SMS2QATRSom9MQ/RCWnE6CiPA8v5vyGpJEV5BKIm4XSC/data/tcnedim/tcnedim_cas22mp2_1_b.out,0,success,,1,1
cclib,lZL2bLfPSUye2YrTqZ-xrvpqRDE5,GAMESS,58G9YZi8SMS2QATRSom9MQ/RCWnE6CiPA8v5vyGpJEV5BKIm4XSC/data/tcnedim/tcnedim_rmp2_1_c.out,0,success,,1,1
cclib,lZL2bLfPSUye2YrTqZ-xrvpqRDE5,GAMESS,58G9YZi8SMS2QATRSom9MQ/RCWnE6CiPA8v5vyGpJEV5BKIm4XSC/data/tcnedim/tcnedim_romp2_3_a.out,0,success,,1,1
cclib,lZL2bLfPSUye2YrTqZ-xrvpqRDE5,GAMESS,58G9YZi8SMS2QATRSom9MQ/RCWnE6CiPA8v5vyGpJEV5BKIm4XSC/data/tcnedim/tcnedim_romp2_3_b.inp,0,error,ValueError,0,0
cclib,lZL2bLfPSUye2YrTqZ-xrvpqRDE5,GAMESS,58G9YZi8SMS2QATRSom9MQ/RCWnE6CiPA8v5vyGpJEV5BKIm4XSC/data/tcnedim/tcnedim_romp2_3_a.inp,0,error,ValueError,0,0
cclib,lZL2bLfPSUye2YrTqZ-xrvpqRDE5,GAMESS,58G9YZi8SMS2QATRSom9MQ/RCWnE6CiPA8v5vyGpJEV5BKIm4XSC/data/tcnedim/tcnedim_romp2_3_b.out,0,success,,1,1
cclib,lZL2bLfPSUye2YrTqZ-xrvpqRDE5,GAMESS,58G9YZi8SMS2QATRSom9MQ/RCWnE6CiPA8v5vyGpJEV5BKIm4XSC/data/tcnedim/tcnedim_romp2_dis_3.out,0,error,ValueError,0,0
cclib,lZL2bLfPSUye2YrTqZ-xrvpqRDE5,GAMESS,58G9YZi8SMS2QATRSom9MQ/RCWnE6CiPA8v5vyGpJEV5BKIm4XSC/data/tcnedim/tcnedim_romp2_dis_3.inp,0,error,ValueError,0,0
cclib,mbJdWz98ooWTe6iyr61yGztZ7rgy,FHI-aims,s7RWKK2cTgmBh_c5sD9m7A/MoS2/Vac/hse/control.in,0,error,FileNotFoundError,0,0
cclib,mbJdWz98ooWTe6iyr61yGztZ7rgy,FHI-aims,s7RWKK2cTgmBh_c5sD9m7A/MoS2/Vac/hse/geometry.in,0,error,FileNotFoundError,0,0
cclib,lZL2bLfPSUye2YrTqZ-xrvpqRDE5,GAMESS,58G9YZi8SMS2QATRSom9MQ/RCWnE6CiPA8v5vyGpJEV5BKIm4XSC/data/tcnedim/tcnedim_romp2_3_c.out,1,success,,1,1
cclib,mmBkEUCvLhlfWaurOa2oymHqwRfk,Gaussian,d9DagJChRxyeUKBEwzSiFw/G-I-O-P-gjf-out/G.gjf,0,error,FileNotFoundError,0,0
cclib,mmBkEUCvLhlfWaurOa2oymHqwRfk,Gaussian,d9DagJChRxyeUKBEwzSiFw/G-I-O-P-gjf-out/G.mol,0,error,FileNotFoundError,0,0
cclib,lZL2bLfPSUye2YrTqZ-xrvpqRDE5,GAMESS,58G9YZi8SMS2QATRSom9MQ/RCWnE6CiPA8v5vyGpJEV5BKIm4XSC/data/tcnedim/tcnedim_romp2_3_c.inp,0,error,ValueError,0,0
cclib,mmBkEUCvLhlfWaurOa2oymHqwRfk,Gaussian,d9DagJChRxyeUKBEwzSiFw/G-I-O-P-gjf-out/I.gjf,0,error,FileNotFoundError,0,0
cclib,mmBkEUCvLhlfWaurOa2oymHqwRfk,Gaussian,d9DagJChRxyeUKBEwzSiFw/G-I-O-P-gjf-out/I.mol,0,error,FileNotFoundError,0,0
cclib,mmBkEUCvLhlfWaurOa2oymHqwRfk,Gaussian,d9DagJChRxyeUKBEwzSiFw/G-I-O-P-gjf-out/G.LOG,0,success,,1,1
cclib,mmBkEUCvLhlfWaurOa2oymHqwRfk,Gaussian,d9DagJChRxyeUKBEwzSiFw/G-I-O-P-gjf-out/O.gjf,0,error,FileNotFoundError,0,0
cclib,mmBkEUCvLhlfWaurOa2oymHqwRfk,Gaussian,d9DagJChRxyeUKBEwzSiFw/G-I-O-P-gjf-out/O.mol,0,error,FileNotFoundError,0,0
cclib,mmBkEUCvLhlfWaurOa2oymHqwRfk,Gaussian,d9DagJChRxyeUKBEwzSiFw/G-I-O-P-gjf-out/I.LOG,0,success,,1,1
cclib,mmBkEUCvLhlfWaurOa2oymHqwRfk,Gaussian,d9DagJChRxyeUKBEwzSiFw/G-I-O-P-gjf-out/P.gjf,0,error,FileNotFoundError,0,0
cclib,mmBkEUCvLhlfWaurOa2oymHqwRfk,Gaussian,d9DagJChRxyeUKBEwzSiFw/G-I-O-P-gjf-out/P.mol,0,error,FileNotFoundError,0,0
cclib,obU5oKqjav_dYdjPTvwEvGSWvEWF,ONETEP,Ohw7JTzLTpC83Y7dMv3ICg/test08/ethene_relax.dat,0,error,FileNotFoundError,0,0
cclib,obU5oKqjav_dYdjPTvwEvGSWvEWF,ONETEP,Ohw7JTzLTpC83Y7dMv3ICg/test08/ethene_relax.out,1,error,FileNotFoundError,0,0
cclib,t1ZAa57J2MFCNajl9MvY_1OfPWgZ,Gaussian,d9DagJChRxyeUKBEwzSiFw/G-I-O-P-gjf-out/G.LOG,0,success,,1,1
cclib,t1ZAa57J2MFCNajl9MvY_1OfPWgZ,Gaussian,d9DagJChRxyeUKBEwzSiFw/G-I-O-P-gjf-out/G.gjf,0,error,FileNotFoundError,0,0
cclib,t1ZAa57J2MFCNajl9MvY_1OfPWgZ,Gaussian,d9DagJChRxyeUKBEwzSiFw/G-I-O-P-gjf-out/G.mol,0,error,FileNotFoundError,0,0
cclib,mmBkEUCvLhlfWaurOa2oymHqwRfk,Gaussian,d9DagJChRxyeUKBEwzSiFw/G-I-O-P-gjf-out/O.LOG,0,success,,1,1
cclib,t1ZAa57J2MFCNajl9MvY_1OfPWgZ,Gaussian,d9DagJChRxyeUKBEwzSiFw/G-I-O-P-gjf-out/I.gjf,0,error,FileNotFoundError,0,0
cclib,t1ZAa57J2MFCNajl9MvY_1OfPWgZ,Gaussian,d9DagJChRxyeUKBEwzSiFw/G-I-O-P-gjf-out/I.mol,0,error,FileNotFoundError,0,0
cclib,mmBkEUCvLhlfWaurOa2oymHqwRfk,Gaussian,d9DagJChRxyeUKBEwzSiFw/G-I-O-P-gjf-out/P.LOG,1,success,,1,1
cclib,t1ZAa57J2MFCNajl9MvY_1OfPWgZ,Gaussian,d9DagJChRxyeUKBEwzSiFw/G-I-O-P-gjf-out/O.gjf,0,error,FileNotFoundError,0,0
cclib,t1ZAa57J2MFCNajl9MvY_1OfPWgZ,Gaussian,d9DagJChRxyeUKBEwzSiFw/G-I-O-P-gjf-out/I.LOG,0,success,,1,1
cclib,t1ZAa57J2MFCNajl9MvY_1OfPWgZ,Gaussian,d9DagJChRxyeUKBEwzSiFw/G-I-O-P-gjf-out/O.mol,0,error,FileNotFoundError,0,0
cclib,t1ZAa57J2MFCNajl9MvY_1OfPWgZ,Gaussian,d9DagJChRxyeUKBEwzSiFw/G-I-O-P-gjf-out/P.gjf,0,error,FileNotFoundError,0,0
cclib,t1ZAa57J2MFCNajl9MvY_1OfPWgZ,Gaussian,d9DagJChRxyeUKBEwzSiFw/G-I-O-P-gjf-out/P.mol,0,error,FileNotFoundError,0,0
cclib,t1ZAa57J2MFCNajl9MvY_1OfPWgZ,Gaussian,d9DagJChRxyeUKBEwzSiFw/G-I-O-P-gjf-out/O.LOG,1,success,,1,1
cclib,tC7Wyj5fLziOGZWl26EVnJG9qbVO,Crystal,hANwphqaSQutIGuc3x5MDA/nomad/freeWH2O/ac1_w_h2o_g1.out,0,error,FileNotFoundError,0,0
cclib,t1ZAa57J2MFCNajl9MvY_1OfPWgZ,Gaussian,d9DagJChRxyeUKBEwzSiFw/G-I-O-P-gjf-out/P.LOG,0,success,,1,1
cclib,iBIeUIvhEDHWwRGRXri8-gJqbWeZ,exciting,qpxNMvKmRhqq_F-CfHJw8Q/WANNIER_EMAT.OUT,0,error,FileNotFoundError,0,0
cclib,tC7Wyj5fLziOGZWl26EVnJG9qbVO,Crystal,hANwphqaSQutIGuc3x5MDA/nomad/freeWH2O/ac1_w_h2o_g2.out,0,error,FileNotFoundError,0,0
cclib,tC7Wyj5fLziOGZWl26EVnJG9qbVO,Crystal,hANwphqaSQutIGuc3x5MDA/nomad/freeWH2O/ac2_w_h2o_g1.out,0,error,FileNotFoundError,0,0
cclib,tC7Wyj5fLziOGZWl26EVnJG9qbVO,Crystal,hANwphqaSQutIGuc3x5MDA/nomad/freeWH2O/ac2_w_h2o_g2.out,0,error,FileNotFoundError,0,0
cclib,tC7Wyj5fLziOGZWl26EVnJG9qbVO,Crystal,hANwphqaSQutIGuc3x5MDA/nomad/freeWH2O/ac4_w_h2o_g1.out,0,error,FileNotFoundError,0,0
cclib,tC7Wyj5fLziOGZWl26EVnJG9qbVO,Crystal,hANwphqaSQutIGuc3x5MDA/nomad/freeWH2O/ac4_w_h2o_g3.out,0,error,FileNotFoundError,0,0
cclib,tC7Wyj5fLziOGZWl26EVnJG9qbVO,Crystal,hANwphqaSQutIGuc3x5MDA/nomad/freeWH2O/ac2_w_h2o_g3.out,0,error,FileNotFoundError,0,0
cclib,tC7Wyj5fLziOGZWl26EVnJG9qbVO,Crystal,hANwphqaSQutIGuc3x5MDA/nomad/freeWH2O/ac4_w_h2o_g2.out,0,error,FileNotFoundError,0,0
cclib,tC7Wyj5fLziOGZWl26EVnJG9qbVO,Crystal,hANwphqaSQutIGuc3x5MDA/nomad/freeWH2O/alt1_w_h2o_g1.out,0,error,FileNotFoundError,0,0
cclib,tC7Wyj5fLziOGZWl26EVnJG9qbVO,Crystal,hANwphqaSQutIGuc3x5MDA/nomad/freeWH2O/gra_w_h2o_g1.out,0,error,FileNotFoundError,0,0
cclib,tC7Wyj5fLziOGZWl26EVnJG9qbVO,Crystal,hANwphqaSQutIGuc3x5MDA/nomad/freeWH2O/alt1_w_h2o_g2.out,0,error,FileNotFoundError,0,0
cclib,tC7Wyj5fLziOGZWl26EVnJG9qbVO,Crystal,hANwphqaSQutIGuc3x5MDA/nomad/freeWH2O/gra_w_h2o_g2.out,0,error,FileNotFoundError,0,0
cclib,tC7Wyj5fLziOGZWl26EVnJG9qbVO,Crystal,hANwphqaSQutIGuc3x5MDA/nomad/freeWH2O/alt1_w_h2o_g3.out,0,error,FileNotFoundError,0,0
cclib,tC7Wyj5fLziOGZWl26EVnJG9qbVO,Crystal,hANwphqaSQutIGuc3x5MDA/nomad/freeWH2O/hbn_w_h2o_g1.out,0,error,FileNotFoundError,0,0
cclib,tC7Wyj5fLziOGZWl26EVnJG9qbVO,Crystal,hANwphqaSQutIGuc3x5MDA/nomad/freeWH2O/hbn_w_h2o_g3.out,0,error,FileNotFoundError,0,0
cclib,tC7Wyj5fLziOGZWl26EVnJG9qbVO,Crystal,hANwphqaSQutIGuc3x5MDA/nomad/freeWH2O/hbn_w_h2o_g2.out,1,error,FileNotFoundError,0,0
cclib,tC7Wyj5fLziOGZWl26EVnJG9qbVO,Crystal,hANwphqaSQutIGuc3x5MDA/nomad/freeWH2O/gra_w_h2o_g3.out,0,error,FileNotFoundError,0,0
cclib,tC7Wyj5fLziOGZWl26EVnJG9qbVO,Crystal,hANwphqaSQutIGuc3x5MDA/nomad/freeWH2O/hbn_w_h2o_g5.out,0,error,FileNotFoundError,0,0
cclib,tC7Wyj5fLziOGZWl26EVnJG9qbVO,Crystal,hANwphqaSQutIGuc3x5MDA/nomad/freeWH2O/hbn_w_h2o_g4.out,0,error,FileNotFoundError,0,0
cclib,tC7Wyj5fLziOGZWl26EVnJG9qbVO,Crystal,hANwphqaSQutIGuc3x5MDA/nomad/freeWH2O/i1_w_h2o_g1.out,0,error,FileNotFoundError,0,0
cclib,tC7Wyj5fLziOGZWl26EVnJG9qbVO,Crystal,hANwphqaSQutIGuc3x5MDA/nomad/freeWH2O/i2_w_h2o_g1.out,0,error,FileNotFoundError,0,0
cclib,tC7Wyj5fLziOGZWl26EVnJG9qbVO,Crystal,hANwphqaSQutIGuc3x5MDA/nomad/freeWH2O/i2_w_h2o_g2.out,0,error,FileNotFoundError,0,0
cclib,tC7Wyj5fLziOGZWl26EVnJG9qbVO,Crystal,hANwphqaSQutIGuc3x5MDA/nomad/freeWH2O/zz1_w_h2o_g1.out,0,error,FileNotFoundError,0,0
cclib,tR8zxshg6FWPBagsaFAiBXhemCWs,Crystal,hANwphqaSQutIGuc3x5MDA/nomad/.DS_Store,0,error,FileNotFoundError,0,0
cclib,tR8zxshg6FWPBagsaFAiBXhemCWs,Crystal,hANwphqaSQutIGuc3x5MDA/nomad/BASISSETS.DAT,0,error,FileNotFoundError,0,0
cclib,tC7Wyj5fLziOGZWl26EVnJG9qbVO,Crystal,hANwphqaSQutIGuc3x5MDA/nomad/freeWH2O/i1_w_h2o_g2.out,0,error,FileNotFoundError,0,0
cclib,tR8zxshg6FWPBagsaFAiBXhemCWs,Crystal,hANwphqaSQutIGuc3x5MDA/nomad/bcn_ac1_freq.gui,0,error,FileNotFoundError,0,0
cclib,tR8zxshg6FWPBagsaFAiBXhemCWs,Crystal,hANwphqaSQutIGuc3x5MDA/nomad/bcn_ac1.out,0,error,FileNotFoundError,0,0
cclib,tR8zxshg6FWPBagsaFAiBXhemCWs,Crystal,hANwphqaSQutIGuc3x5MDA/nomad/bcn_ac2.out,0,error,FileNotFoundError,0,0
cclib,tR8zxshg6FWPBagsaFAiBXhemCWs,Crystal,hANwphqaSQutIGuc3x5MDA/nomad/bcn_ac2_freq.gui,0,error,FileNotFoundError,0,0
cclib,tC7Wyj5fLziOGZWl26EVnJG9qbVO,Crystal,hANwphqaSQutIGuc3x5MDA/nomad/freeWH2O/zz1_w_h2o_g2.out,0,error,FileNotFoundError,0,0
cclib,tR8zxshg6FWPBagsaFAiBXhemCWs,Crystal,hANwphqaSQutIGuc3x5MDA/nomad/bcn_ac1_freq.out,0,error,FileNotFoundError,0,0
cclib,tR8zxshg6FWPBagsaFAiBXhemCWs,Crystal,hANwphqaSQutIGuc3x5MDA/nomad/bcn_ac4_freq.gui,0,error,FileNotFoundError,0,0
cclib,tC7Wyj5fLziOGZWl26EVnJG9qbVO,Crystal,hANwphqaSQutIGuc3x5MDA/nomad/freeWH2O/i2_w_h2o_g3.out,0,error,FileNotFoundError,0,0
cclib,tR8zxshg6FWPBagsaFAiBXhemCWs,Crystal,hANwphqaSQutIGuc3x5MDA/nomad/bcn_ac4.out,0,error,FileNotFoundError,0,0
cclib,tR8zxshg6FWPBagsaFAiBXhemCWs,Crystal,hANwphqaSQutIGuc3x5MDA/nomad/bcn_alt1_freq.gui,0,error,FileNotFoundError,0,0
cclib,tR8zxshg6FWPBagsaFAiBXhemCWs,Crystal,hANwphqaSQutIGuc3x5MDA/nomad/bcn_alt1.out,0,error,FileNotFoundError,0,0
cclib,tR8zxshg6FWPBagsaFAiBXhemCWs,Crystal,hANwphqaSQutIGuc3x5MDA/nomad/bcn_i1.out,0,error,FileNotFoundError,0,0
cclib,tR8zxshg6FWPBagsaFAiBXhemCWs,Crystal,hANwphqaSQutIGuc3x5MDA/nomad/bcn_i1_freq.gui,0,error,FileNotFoundError,0,0
cclib,tR8zxshg6FWPBagsaFAiBXhemCWs,Crystal,hANwphqaSQutIGuc3x5MDA/nomad/bcn_ac2_freq.out,0,error,FileNotFoundError,0,0
cclib,tR8zxshg6FWPBagsaFAiBXhemCWs,Crystal,hANwphqaSQutIGuc3x5MDA/nomad/bcn_alt1_freq.out,1,error,FileNotFoundError,0,0
cclib,tR8zxshg6FWPBagsaFAiBXhemCWs,Crystal,hANwphqaSQutIGuc3x5MDA/nomad/bcn_i2.out,0,error,FileNotFoundError,0,0
cclib,tR8zxshg6FWPBagsaFAiBXhemCWs,Crystal,hANwphqaSQutIGuc3x5MDA/nomad/bcn_zz1.out,0,error,FileNotFoundError,0,0
cclib,tR8zxshg6FWPBagsaFAiBXhemCWs,Crystal,hANwphqaSQutIGuc3x5MDA/nomad/bcn_zz1_freq.gui,0,error,FileNotFoundError,0,0
cclib,tR8zxshg6FWPBagsaFAiBXhemCWs,Crystal,hANwphqaSQutIGuc3x5MDA/nomad/bcn_ac4_freq.out,0,error,FileNotFoundError,0,0
cclib,tR8zxshg6FWPBagsaFAiBXhemCWs,Crystal,hANwphqaSQutIGuc3x5MDA/nomad/bn_1x1_opt.out,0,error,FileNotFoundError,0,0
cclib,tR8zxshg6FWPBagsaFAiBXhemCWs,Crystal,hANwphqaSQutIGuc3x5MDA/nomad/bn_freq.gui,0,error,FileNotFoundError,0,0
cclib,tR8zxshg6FWPBagsaFAiBXhemCWs,Crystal,hANwphqaSQutIGuc3x5MDA/nomad/bcn_i1_freq.out,0,error,FileNotFoundError,0,0
cclib,tR8zxshg6FWPBagsaFAiBXhemCWs,Crystal,hANwphqaSQutIGuc3x5MDA/nomad/bcn_i2_freq.out,0,error,FileNotFoundError,0,0
cclib,tR8zxshg6FWPBagsaFAiBXhemCWs,Crystal,hANwphqaSQutIGuc3x5MDA/nomad/graphene_freq.gui,0,error,FileNotFoundError,0,0
cclib,tR8zxshg6FWPBagsaFAiBXhemCWs,Crystal,hANwphqaSQutIGuc3x5MDA/nomad/graphene_1x1_opt.out,0,error,FileNotFoundError,0,0
cclib,tR8zxshg6FWPBagsaFAiBXhemCWs,Crystal,hANwphqaSQutIGuc3x5MDA/nomad/bcn_zz1_freq.out,0,error,FileNotFoundError,0,0
cclib,v4sHIzDX2HTZNHxFvmyEgJxGYvw7,ONETEP,Ohw7JTzLTpC83Y7dMv3ICg/test05/chloroform.dat,0,error,FileNotFoundError,0,0
cclib,tR8zxshg6FWPBagsaFAiBXhemCWs,Crystal,hANwphqaSQutIGuc3x5MDA/nomad/h2o_molecule.out,0,error,FileNotFoundError,0,0
cclib,v4sHIzDX2HTZNHxFvmyEgJxGYvw7,ONETEP,Ohw7JTzLTpC83Y7dMv3ICg/test05/test05.out,1,error,FileNotFoundError,0,0
cclib,vB3fq6XRyt6Lf9izhaAywJ28FLt7,FHI-aims,J8c5jGFcQ3-G-DDfyz7lgg/azora-paper-nomad/solid/splitting/aZORA-SOC/ElementalMaterials/Si_DIA/band1001.out,0,error,FileNotFoundError,0,0
cclib,vB3fq6XRyt6Lf9izhaAywJ28FLt7,FHI-aims,J8c5jGFcQ3-G-DDfyz7lgg/azora-paper-nomad/solid/splitting/aZORA-SOC/ElementalMaterials/Si_DIA/band1001.out.no_soc,0,error,FileNotFoundError,0,0
cclib,vB3fq6XRyt6Lf9izhaAywJ28FLt7,FHI-aims,J8c5jGFcQ3-G-DDfyz7lgg/azora-paper-nomad/solid/splitting/aZORA-SOC/ElementalMaterials/Si_DIA/band1002.out,0,error,FileNotFoundError,0,0
cclib,vB3fq6XRyt6Lf9izhaAywJ28FLt7,FHI-aims,J8c5jGFcQ3-G-DDfyz7lgg/azora-paper-nomad/solid/splitting/aZORA-SOC/ElementalMaterials/Si_DIA/band1002.out.no_soc,0,error,FileNotFoundError,0,0
cclib,vB3fq6XRyt6Lf9izhaAywJ28FLt7,FHI-aims,J8c5jGFcQ3-G-DDfyz7lgg/azora-paper-nomad/solid/splitting/aZORA-SOC/ElementalMaterials/Si_DIA/band1003.out,0,error,FileNotFoundError,0,0
cclib,vB3fq6XRyt6Lf9izhaAywJ28FLt7,FHI-aims,J8c5jGFcQ3-G-DDfyz7lgg/azora-paper-nomad/solid/splitting/aZORA-SOC/ElementalMaterials/Si_DIA/band1003.out.no_soc,0,error,FileNotFoundError,0,0
cclib,vB3fq6XRyt6Lf9izhaAywJ28FLt7,FHI-aims,J8c5jGFcQ3-G-DDfyz7lgg/azora-paper-nomad/solid/splitting/aZORA-SOC/ElementalMaterials/Si_DIA/band1004.out,0,error,FileNotFoundError,0,0
cclib,vB3fq6XRyt6Lf9izhaAywJ28FLt7,FHI-aims,J8c5jGFcQ3-G-DDfyz7lgg/azora-paper-nomad/solid/splitting/aZORA-SOC/ElementalMaterials/Si_DIA/band1004.out.no_soc,0,error,FileNotFoundError,0,0
cclib,vB3fq6XRyt6Lf9izhaAywJ28FLt7,FHI-aims,J8c5jGFcQ3-G-DDfyz7lgg/azora-paper-nomad/solid/splitting/aZORA-SOC/ElementalMaterials/Si_DIA/band1005.out,0,error,FileNotFoundError,0,0
cclib,vB3fq6XRyt6Lf9izhaAywJ28FLt7,FHI-aims,J8c5jGFcQ3-G-DDfyz7lgg/azora-paper-nomad/solid/splitting/aZORA-SOC/ElementalMaterials/Si_DIA/band1005.out.no_soc,0,error,FileNotFoundError,0,0
cclib,vB3fq6XRyt6Lf9izhaAywJ28FLt7,FHI-aims,J8c5jGFcQ3-G-DDfyz7lgg/azora-paper-nomad/solid/splitting/aZORA-SOC/ElementalMaterials/Si_DIA/band1006.out,0,error,FileNotFoundError,0,0
cclib,vB3fq6XRyt6Lf9izhaAywJ28FLt7,FHI-aims,J8c5jGFcQ3-G-DDfyz7lgg/azora-paper-nomad/solid/splitting/aZORA-SOC/ElementalMaterials/Si_DIA/band1006.out.no_soc,0,error,FileNotFoundError,0,0
cclib,vB3fq6XRyt6Lf9izhaAywJ28FLt7,FHI-aims,J8c5jGFcQ3-G-DDfyz7lgg/azora-paper-nomad/solid/splitting/aZORA-SOC/ElementalMaterials/Si_DIA/band1007.out,0,error,FileNotFoundError,0,0
cclib,vB3fq6XRyt6Lf9izhaAywJ28FLt7,FHI-aims,J8c5jGFcQ3-G-DDfyz7lgg/azora-paper-nomad/solid/splitting/aZORA-SOC/ElementalMaterials/Si_DIA/band1007.out.no_soc,0,error,FileNotFoundError,0,0
cclib,vB3fq6XRyt6Lf9izhaAywJ28FLt7,FHI-aims,J8c5jGFcQ3-G-DDfyz7lgg/azora-paper-nomad/solid/splitting/aZORA-SOC/ElementalMaterials/Si_DIA/band1008.out,0,error,FileNotFoundError,0,0
cclib,vB3fq6XRyt6Lf9izhaAywJ28FLt7,FHI-aims,J8c5jGFcQ3-G-DDfyz7lgg/azora-paper-nomad/solid/splitting/aZORA-SOC/ElementalMaterials/Si_DIA/band1008.out.no_soc,0,error,FileNotFoundError,0,0
cclib,vB3fq6XRyt6Lf9izhaAywJ28FLt7,FHI-aims,J8c5jGFcQ3-G-DDfyz7lgg/azora-paper-nomad/solid/splitting/aZORA-SOC/ElementalMaterials/Si_DIA/band1009.out,0,error,FileNotFoundError,0,0
cclib,vB3fq6XRyt6Lf9izhaAywJ28FLt7,FHI-aims,J8c5jGFcQ3-G-DDfyz7lgg/azora-paper-nomad/solid/splitting/aZORA-SOC/ElementalMaterials/Si_DIA/band1009.out.no_soc,0,error,FileNotFoundError,0,0
cclib,mbJdWz98ooWTe6iyr61yGztZ7rgy,FHI-aims,s7RWKK2cTgmBh_c5sD9m7A/MoS2/Vac/hse/aims.out,1,error,AttributeError,0,0
cclib,vB3fq6XRyt6Lf9izhaAywJ28FLt7,FHI-aims,J8c5jGFcQ3-G-DDfyz7lgg/azora-paper-nomad/solid/splitting/aZORA-SOC/ElementalMaterials/Si_DIA/band1010.out,0,error,FileNotFoundError,0,0
cclib,vB3fq6XRyt6Lf9izhaAywJ28FLt7,FHI-aims,J8c5jGFcQ3-G-DDfyz7lgg/azora-paper-nomad/solid/splitting/aZORA-SOC/ElementalMaterials/Si_DIA/band1010.out.no_soc,0,error,FileNotFoundError,0,0
cclib,vB3fq6XRyt6Lf9izhaAywJ28FLt7,FHI-aims,J8c5jGFcQ3-G-DDfyz7lgg/azora-paper-nomad/solid/splitting/aZORA-SOC/ElementalMaterials/Si_DIA/geometry.in,0,error,FileNotFoundError,0,0
cclib,vB3fq6XRyt6Lf9izhaAywJ28FLt7,FHI-aims,J8c5jGFcQ3-G-DDfyz7lgg/azora-paper-nomad/solid/splitting/aZORA-SOC/ElementalMaterials/Si_DIA/control.in,0,error,FileNotFoundError,0,0
cclib,vB3fq6XRyt6Lf9izhaAywJ28FLt7,FHI-aims,J8c5jGFcQ3-G-DDfyz7lgg/azora-paper-nomad/solid/splitting/aZORA-SOC/ElementalMaterials/Si_DIA/aims.out,1,error,AttributeError,0,0
cclib,vPi8BIDT5mPmTosOT8VgHB4p98VK,Crystal,hANwphqaSQutIGuc3x5MDA/nomad/BASISSETS.DAT,0,error,FileNotFoundError,0,0
cclib,vPi8BIDT5mPmTosOT8VgHB4p98VK,Crystal,hANwphqaSQutIGuc3x5MDA/nomad/bcn_ac1_freq.gui,0,error,FileNotFoundError,0,0
cclib,vPi8BIDT5mPmTosOT8VgHB4p98VK,Crystal,hANwphqaSQutIGuc3x5MDA/nomad/.DS_Store,0,error,FileNotFoundError,0,0
cclib,vPi8BIDT5mPmTosOT8VgHB4p98VK,Crystal,hANwphqaSQutIGuc3x5MDA/nomad/bcn_ac1.out,0,error,FileNotFoundError,0,0
cclib,vPi8BIDT5mPmTosOT8VgHB4p98VK,Crystal,hANwphqaSQutIGuc3x5MDA/nomad/bcn_ac2_freq.gui,0,error,FileNotFoundError,0,0
cclib,vPi8BIDT5mPmTosOT8VgHB4p98VK,Crystal,hANwphqaSQutIGuc3x5MDA/nomad/bcn_ac2.out,0,error,FileNotFoundError,0,0
cclib,tR8zxshg6FWPBagsaFAiBXhemCWs,Crystal,hANwphqaSQutIGuc3x5MDA/nomad/bn_freq.out,0,error,FileNotFoundError,0,0
cclib,vPi8BIDT5mPmTosOT8VgHB4p98VK,Crystal,hANwphqaSQutIGuc3x5MDA/nomad/bcn_ac4_freq.gui,0,error,FileNotFoundError,0,0
cclib,vPi8BIDT5mPmTosOT8VgHB4p98VK,Crystal,hANwphqaSQutIGuc3x5MDA/nomad/bcn_ac4.out,0,error,FileNotFoundError,0,0
cclib,vPi8BIDT5mPmTosOT8VgHB4p98VK,Crystal,hANwphqaSQutIGuc3x5MDA/nomad/bcn_ac1_freq.out,0,error,FileNotFoundError,0,0
cclib,vPi8BIDT5mPmTosOT8VgHB4p98VK,Crystal,hANwphqaSQutIGuc3x5MDA/nomad/bcn_alt1_freq.gui,0,error,FileNotFoundError,0,0
cclib,tR8zxshg6FWPBagsaFAiBXhemCWs,Crystal,hANwphqaSQutIGuc3x5MDA/nomad/graphene_freq.out,0,error,FileNotFoundError,0,0
cclib,vPi8BIDT5mPmTosOT8VgHB4p98VK,Crystal,hANwphqaSQutIGuc3x5MDA/nomad/bcn_alt1.out,0,error,FileNotFoundError,0,0
cclib,vPi8BIDT5mPmTosOT8VgHB4p98VK,Crystal,hANwphqaSQutIGuc3x5MDA/nomad/bcn_i1_freq.gui,0,error,FileNotFoundError,0,0
cclib,vPi8BIDT5mPmTosOT8VgHB4p98VK,Crystal,hANwphqaSQutIGuc3x5MDA/nomad/bcn_ac2_freq.out,0,error,FileNotFoundError,0,0
cclib,vPi8BIDT5mPmTosOT8VgHB4p98VK,Crystal,hANwphqaSQutIGuc3x5MDA/nomad/bcn_i1.out,0,error,FileNotFoundError,0,0
cclib,vPi8BIDT5mPmTosOT8VgHB4p98VK,Crystal,hANwphqaSQutIGuc3x5MDA/nomad/bcn_ac4_freq.out,0,error,FileNotFoundError,0,0
cclib,vPi8BIDT5mPmTosOT8VgHB4p98VK,Crystal,hANwphqaSQutIGuc3x5MDA/nomad/bcn_alt1_freq.out,0,error,FileNotFoundError,0,0
cclib,vPi8BIDT5mPmTosOT8VgHB4p98VK,Crystal,hANwphqaSQutIGuc3x5MDA/nomad/bcn_zz1_freq.gui,0,error,FileNotFoundError,0,0
cclib,vPi8BIDT5mPmTosOT8VgHB4p98VK,Crystal,hANwphqaSQutIGuc3x5MDA/nomad/bcn_i1_freq.out,0,error,FileNotFoundError,0,0
cclib,vPi8BIDT5mPmTosOT8VgHB4p98VK,Crystal,hANwphqaSQutIGuc3x5MDA/nomad/bcn_zz1.out,0,error,FileNotFoundError,0,0
cclib,vPi8BIDT5mPmTosOT8VgHB4p98VK,Crystal,hANwphqaSQutIGuc3x5MDA/nomad/bcn_i2.out,0,error,FileNotFoundError,0,0
cclib,vPi8BIDT5mPmTosOT8VgHB4p98VK,Crystal,hANwphqaSQutIGuc3x5MDA/nomad/bn_freq.gui,0,error,FileNotFoundError,0,0
cclib,vPi8BIDT5mPmTosOT8VgHB4p98VK,Crystal,hANwphqaSQutIGuc3x5MDA/nomad/bn_1x1_opt.out,1,error,FileNotFoundError,0,0
cclib,vPi8BIDT5mPmTosOT8VgHB4p98VK,Crystal,hANwphqaSQutIGuc3x5MDA/nomad/graphene_freq.gui,0,error,FileNotFoundError,0,0
cclib,vPi8BIDT5mPmTosOT8VgHB4p98VK,Crystal,hANwphqaSQutIGuc3x5MDA/nomad/graphene_1x1_opt.out,0,error,FileNotFoundError,0,0
cclib,vPi8BIDT5mPmTosOT8VgHB4p98VK,Crystal,hANwphqaSQutIGuc3x5MDA/nomad/h2o_molecule.out,0,error,FileNotFoundError,0,0
cclib,wlvahU0yjha1T3w5ITA0rN6lkqKN,ORCA,GSCz8oRWRR2pOM5YJIHzVw/ORCA_inputs_results_pH7.4/ACE-1.inp,0,error,FileNotFoundError,0,0
cclib,vPi8BIDT5mPmTosOT8VgHB4p98VK,Crystal,hANwphqaSQutIGuc3x5MDA/nomad/bcn_zz1_freq.out,0,error,FileNotFoundError,0,0
cclib,wlvahU0yjha1T3w5ITA0rN6lkqKN,ORCA,GSCz8oRWRR2pOM5YJIHzVw/ORCA_inputs_results_pH7.4/ACE-1par.inp,0,error,FileNotFoundError,0,0
cclib,wlvahU0yjha1T3w5ITA0rN6lkqKN,ORCA,GSCz8oRWRR2pOM5YJIHzVw/ORCA_inputs_results_pH7.4/ACE-1.out,0,success,,1,1
cclib,wlvahU0yjha1T3w5ITA0rN6lkqKN,ORCA,GSCz8oRWRR2pOM5YJIHzVw/ORCA_inputs_results_pH7.4/ACE0.inp,0,error,FileNotFoundError,0,0
cclib,wlvahU0yjha1T3w5ITA0rN6lkqKN,ORCA,GSCz8oRWRR2pOM5YJIHzVw/ORCA_inputs_results_pH7.4/ACE-1par.out,0,success,,1,1
cclib,wlvahU0yjha1T3w5ITA0rN6lkqKN,ORCA,GSCz8oRWRR2pOM5YJIHzVw/ORCA_inputs_results_pH7.4/ACE0par.inp,0,error,FileNotFoundError,0,0
cclib,vPi8BIDT5mPmTosOT8VgHB4p98VK,Crystal,hANwphqaSQutIGuc3x5MDA/nomad/bcn_i2_freq.out,0,error,FileNotFoundError,0,0
cclib,wlvahU0yjha1T3w5ITA0rN6lkqKN,ORCA,GSCz8oRWRR2pOM5YJIHzVw/ORCA_inputs_results_pH7.4/ACE0par.out,0,success,,1,1
cclib,wlvahU0yjha1T3w5ITA0rN6lkqKN,ORCA,GSCz8oRWRR2pOM5YJIHzVw/ORCA_inputs_results_pH7.4/ASA-1.inp,0,error,FileNotFoundError,0,0
cclib,wlvahU0yjha1T3w5ITA0rN6lkqKN,ORCA,GSCz8oRWRR2pOM5YJIHzVw/ORCA_inputs_results_pH7.4/ASA-1par.inp,0,error,FileNotFoundError,0,0
cclib,vPi8BIDT5mPmTosOT8VgHB4p98VK,Crystal,hANwphqaSQutIGuc3x5MDA/nomad/graphene_freq.out,0,error,FileNotFoundError,0,0
cclib,wlvahU0yjha1T3w5ITA0rN6lkqKN,ORCA,GSCz8oRWRR2pOM5YJIHzVw/ORCA_inputs_results_pH7.4/ASA0.inp,0,error,FileNotFoundError,0,0
cclib,wlvahU0yjha1T3w5ITA0rN6lkqKN,ORCA,GSCz8oRWRR2pOM5YJIHzVw/ORCA_inputs_results_pH7.4/ACE0.out,0,success,,1,1
cclib,wlvahU0yjha1T3w5ITA0rN6lkqKN,ORCA,GSCz8oRWRR2pOM5YJIHzVw/ORCA_inputs_results_pH7.4/ASA-1par.out,0,success,,1,1
cclib,wlvahU0yjha1T3w5ITA0rN6lkqKN,ORCA,GSCz8oRWRR2pOM5YJIHzVw/ORCA_inputs_results_pH7.4/ASA0par.inp,0,error,FileNotFoundError,0,0
cclib,wlvahU0yjha1T3w5ITA0rN6lkqKN,ORCA,GSCz8oRWRR2pOM5YJIHzVw/ORCA_inputs_results_pH7.4/BEN0.inp,0,error,FileNotFoundError,0,0
cclib,wlvahU0yjha1T3w5ITA0rN6lkqKN,ORCA,GSCz8oRWRR2pOM5YJIHzVw/ORCA_inputs_results_pH7.4/ASA0par.out,0,success,,1,1
cclib,wlvahU0yjha1T3w5ITA0rN6lkqKN,ORCA,GSCz8oRWRR2pOM5YJIHzVw/ORCA_inputs_results_pH7.4/BEN0.out,0,success,,1,1
cclib,wlvahU0yjha1T3w5ITA0rN6lkqKN,ORCA,GSCz8oRWRR2pOM5YJIHzVw/ORCA_inputs_results_pH7.4/BEN0par.inp,0,error,FileNotFoundError,0,0
cclib,wlvahU0yjha1T3w5ITA0rN6lkqKN,ORCA,GSCz8oRWRR2pOM5YJIHzVw/ORCA_inputs_results_pH7.4/CAF0.inp,0,error,FileNotFoundError,0,0
cclib,wlvahU0yjha1T3w5ITA0rN6lkqKN,ORCA,GSCz8oRWRR2pOM5YJIHzVw/ORCA_inputs_results_pH7.4/BEN0par.out,0,success,,1,1
cclib,wlvahU0yjha1T3w5ITA0rN6lkqKN,ORCA,GSCz8oRWRR2pOM5YJIHzVw/ORCA_inputs_results_pH7.4/CAF0par.inp,0,error,FileNotFoundError,0,0
cclib,wlvahU0yjha1T3w5ITA0rN6lkqKN,ORCA,GSCz8oRWRR2pOM5YJIHzVw/ORCA_inputs_results_pH7.4/CAF0par.out,0,success,,1,1
cclib,wlvahU0yjha1T3w5ITA0rN6lkqKN,ORCA,GSCz8oRWRR2pOM5YJIHzVw/ORCA_inputs_results_pH7.4/CBZ0.inp,0,error,FileNotFoundError,0,0
cclib,wlvahU0yjha1T3w5ITA0rN6lkqKN,ORCA,GSCz8oRWRR2pOM5YJIHzVw/ORCA_inputs_results_pH7.4/ASA0.out,0,success,,1,1
cclib,wlvahU0yjha1T3w5ITA0rN6lkqKN,ORCA,GSCz8oRWRR2pOM5YJIHzVw/ORCA_inputs_results_pH7.4/CBZ0par.inp,0,error,FileNotFoundError,0,0
cclib,vPi8BIDT5mPmTosOT8VgHB4p98VK,Crystal,hANwphqaSQutIGuc3x5MDA/nomad/bn_freq.out,0,error,FileNotFoundError,0,0
cclib,wlvahU0yjha1T3w5ITA0rN6lkqKN,ORCA,GSCz8oRWRR2pOM5YJIHzVw/ORCA_inputs_results_pH7.4/DCL0.inp,0,error,FileNotFoundError,0,0
cclib,wlvahU0yjha1T3w5ITA0rN6lkqKN,ORCA,GSCz8oRWRR2pOM5YJIHzVw/ORCA_inputs_results_pH7.4/ASA-1.out,0,success,,1,1
cclib,wlvahU0yjha1T3w5ITA0rN6lkqKN,ORCA,GSCz8oRWRR2pOM5YJIHzVw/ORCA_inputs_results_pH7.4/DCL0par.inp,0,error,FileNotFoundError,0,0
cclib,wlvahU0yjha1T3w5ITA0rN6lkqKN,ORCA,GSCz8oRWRR2pOM5YJIHzVw/ORCA_inputs_results_pH7.4/DCL0par.out,0,success,,1,1
cclib,wlvahU0yjha1T3w5ITA0rN6lkqKN,ORCA,GSCz8oRWRR2pOM5YJIHzVw/ORCA_inputs_results_pH7.4/GGG-2.inp,0,error,FileNotFoundError,0,0
cclib,wlvahU0yjha1T3w5ITA0rN6lkqKN,ORCA,GSCz8oRWRR2pOM5YJIHzVw/ORCA_inputs_results_pH7.4/CBZ0par.out,0,success,,1,1
cclib,wlvahU0yjha1T3w5ITA0rN6lkqKN,ORCA,GSCz8oRWRR2pOM5YJIHzVw/ORCA_inputs_results_pH7.4/GGG-2par.inp,0,error,FileNotFoundError,0,0
cclib,wlvahU0yjha1T3w5ITA0rN6lkqKN,ORCA,GSCz8oRWRR2pOM5YJIHzVw/ORCA_inputs_results_pH7.4/CAF0.out,0,success,,1,1
cclib,wlvahU0yjha1T3w5ITA0rN6lkqKN,ORCA,GSCz8oRWRR2pOM5YJIHzVw/ORCA_inputs_results_pH7.4/IBU-1.inp,0,error,FileNotFoundError,0,0
cclib,wlvahU0yjha1T3w5ITA0rN6lkqKN,ORCA,GSCz8oRWRR2pOM5YJIHzVw/ORCA_inputs_results_pH7.4/GGG-2par.out,0,success,,1,1
cclib,wlvahU0yjha1T3w5ITA0rN6lkqKN,ORCA,GSCz8oRWRR2pOM5YJIHzVw/ORCA_inputs_results_pH7.4/IBU-1par.inp,0,error,FileNotFoundError,0,0
cclib,wlvahU0yjha1T3w5ITA0rN6lkqKN,ORCA,GSCz8oRWRR2pOM5YJIHzVw/ORCA_inputs_results_pH7.4/IBU-1par.out,0,success,,1,1
cclib,wlvahU0yjha1T3w5ITA0rN6lkqKN,ORCA,GSCz8oRWRR2pOM5YJIHzVw/ORCA_inputs_results_pH7.4/IBU0.inp,0,error,FileNotFoundError,0,0
cclib,wlvahU0yjha1T3w5ITA0rN6lkqKN,ORCA,GSCz8oRWRR2pOM5YJIHzVw/ORCA_inputs_results_pH7.4/DCL0.out,0,success,,1,1
cclib,wlvahU0yjha1T3w5ITA0rN6lkqKN,ORCA,GSCz8oRWRR2pOM5YJIHzVw/ORCA_inputs_results_pH7.4/CBZ0.out,0,success,,1,1
cclib,wlvahU0yjha1T3w5ITA0rN6lkqKN,ORCA,GSCz8oRWRR2pOM5YJIHzVw/ORCA_inputs_results_pH7.4/IBU0par.inp,0,error,FileNotFoundError,0,0
cclib,wlvahU0yjha1T3w5ITA0rN6lkqKN,ORCA,GSCz8oRWRR2pOM5YJIHzVw/ORCA_inputs_results_pH7.4/SLC-1.inp,0,error,FileNotFoundError,0,0
cclib,wlvahU0yjha1T3w5ITA0rN6lkqKN,ORCA,GSCz8oRWRR2pOM5YJIHzVw/ORCA_inputs_results_pH7.4/IBU0par.out,0,success,,1,1
cclib,wlvahU0yjha1T3w5ITA0rN6lkqKN,ORCA,GSCz8oRWRR2pOM5YJIHzVw/ORCA_inputs_results_pH7.4/SLC-1par.inp,0,error,FileNotFoundError,0,0
cclib,wlvahU0yjha1T3w5ITA0rN6lkqKN,ORCA,GSCz8oRWRR2pOM5YJIHzVw/ORCA_inputs_results_pH7.4/SLC-1par.out,0,success,,1,1
cclib,wlvahU0yjha1T3w5ITA0rN6lkqKN,ORCA,GSCz8oRWRR2pOM5YJIHzVw/ORCA_inputs_results_pH7.4/SLC0.inp,0,error,FileNotFoundError,0,0
cclib,wlvahU0yjha1T3w5ITA0rN6lkqKN,ORCA,GSCz8oRWRR2pOM5YJIHzVw/ORCA_inputs_results_pH7.4/IBU-1.out,0,success,,1,1
cclib,wlvahU0yjha1T3w5ITA0rN6lkqKN,ORCA,GSCz8oRWRR2pOM5YJIHzVw/ORCA_inputs_results_pH7.4/SLC0par.inp,0,error,FileNotFoundError,0,0
cclib,wlvahU0yjha1T3w5ITA0rN6lkqKN,ORCA,GSCz8oRWRR2pOM5YJIHzVw/ORCA_inputs_results_pH7.4/SLC0.out,0,success,,1,1
cclib,wlvahU0yjha1T3w5ITA0rN6lkqKN,ORCA,GSCz8oRWRR2pOM5YJIHzVw/ORCA_inputs_results_pH7.4/TTR-1.inp,0,error,FileNotFoundError,0,0
cclib,wlvahU0yjha1T3w5ITA0rN6lkqKN,ORCA,GSCz8oRWRR2pOM5YJIHzVw/ORCA_inputs_results_pH7.4/GGG-2.out,0,success,,1,1
cclib,wlvahU0yjha1T3w5ITA0rN6lkqKN,ORCA,GSCz8oRWRR2pOM5YJIHzVw/ORCA_inputs_results_pH7.4/TTR-1par.inp,0,error,FileNotFoundError,0,0
cclib,wlvahU0yjha1T3w5ITA0rN6lkqKN,ORCA,GSCz8oRWRR2pOM5YJIHzVw/ORCA_inputs_results_pH7.4/SLC0par.out,0,success,,1,1
cclib,wlvahU0yjha1T3w5ITA0rN6lkqKN,ORCA,GSCz8oRWRR2pOM5YJIHzVw/ORCA_inputs_results_pH7.4/TTR-2.inp,0,error,FileNotFoundError,0,0
cclib,wlvahU0yjha1T3w5ITA0rN6lkqKN,ORCA,GSCz8oRWRR2pOM5YJIHzVw/ORCA_inputs_results_pH7.4/TTR-1par.out,0,success,,1,1
cclib,wlvahU0yjha1T3w5ITA0rN6lkqKN,ORCA,GSCz8oRWRR2pOM5YJIHzVw/ORCA_inputs_results_pH7.4/TTR-2par.inp,0,error,FileNotFoundError,0,0
cclib,wlvahU0yjha1T3w5ITA0rN6lkqKN,ORCA,GSCz8oRWRR2pOM5YJIHzVw/ORCA_inputs_results_pH7.4/TTR-2par.out,0,success,,1,1
cclib,wlvahU0yjha1T3w5ITA0rN6lkqKN,ORCA,GSCz8oRWRR2pOM5YJIHzVw/ORCA_inputs_results_pH7.4/VLP-1.inp,0,error,FileNotFoundError,0,0
cclib,wlvahU0yjha1T3w5ITA0rN6lkqKN,ORCA,GSCz8oRWRR2pOM5YJIHzVw/ORCA_inputs_results_pH7.4/IBU0.out,0,success,,1,1
cclib,wlvahU0yjha1T3w5ITA0rN6lkqKN,ORCA,GSCz8oRWRR2pOM5YJIHzVw/ORCA_inputs_results_pH7.4/VLP-1par.inp,0,error,FileNotFoundError,0,0
cclib,wlvahU0yjha1T3w5ITA0rN6lkqKN,ORCA,GSCz8oRWRR2pOM5YJIHzVw/ORCA_inputs_results_pH7.4/SLC-1.out,0,success,,1,1
cclib,wlvahU0yjha1T3w5ITA0rN6lkqKN,ORCA,GSCz8oRWRR2pOM5YJIHzVw/ORCA_inputs_results_pH7.4/VLP0.inp,0,error,FileNotFoundError,0,0
cclib,wlvahU0yjha1T3w5ITA0rN6lkqKN,ORCA,GSCz8oRWRR2pOM5YJIHzVw/ORCA_inputs_results_pH7.4/VLP-1par.out,0,success,,1,1
cclib,wlvahU0yjha1T3w5ITA0rN6lkqKN,ORCA,GSCz8oRWRR2pOM5YJIHzVw/ORCA_inputs_results_pH7.4/VLP0par.inp,0,error,FileNotFoundError,0,0
cclib,wlvahU0yjha1T3w5ITA0rN6lkqKN,ORCA,GSCz8oRWRR2pOM5YJIHzVw/ORCA_inputs_results_pH7.4/VLP0par.out,0,success,,1,1
cclib,xt8vl0QFelP266phNABAe83kpnf_,LAMMPS,fRCEh8wEQ0u4VG--8N9LLQ/NOMAD/diffusion/nu1000_solo/c4/1d0/LAMMPS.stderr,0,error,FileNotFoundError,0,0
cclib,wlvahU0yjha1T3w5ITA0rN6lkqKN,ORCA,GSCz8oRWRR2pOM5YJIHzVw/ORCA_inputs_results_pH7.4/VLP-1.out,0,success,,1,1
cclib,xt8vl0QFelP266phNABAe83kpnf_,LAMMPS,fRCEh8wEQ0u4VG--8N9LLQ/NOMAD/diffusion/nu1000_solo/c4/1d0/NU1000h2o_2_2_2but.min.csv,0,error,FileNotFoundError,0,0
cclib,xt8vl0QFelP266phNABAe83kpnf_,LAMMPS,fRCEh8wEQ0u4VG--8N9LLQ/NOMAD/diffusion/nu1000_solo/c4/1d0/in.lammps,0,error,FileNotFoundError,0,0
cclib,wlvahU0yjha1T3w5ITA0rN6lkqKN,ORCA,GSCz8oRWRR2pOM5YJIHzVw/ORCA_inputs_results_pH7.4/VLP0.out,0,success,,1,1
cclib,xt8vl0QFelP266phNABAe83kpnf_,LAMMPS,fRCEh8wEQ0u4VG--8N9LLQ/NOMAD/diffusion/nu1000_solo/c4/1d0/log.lammps,1,error,FileNotFoundError,0,0
cclib,wlvahU0yjha1T3w5ITA0rN6lkqKN,ORCA,GSCz8oRWRR2pOM5YJIHzVw/ORCA_inputs_results_pH7.4/TTR-1.out,1,success,,1,1
cclib,xt8vl0QFelP266phNABAe83kpnf_,LAMMPS,fRCEh8wEQ0u4VG--8N9LLQ/NOMAD/diffusion/nu1000_solo/c4/1d0/LAMMPS.stdout,0,error,FileNotFoundError,0,0
cclib,wlvahU0yjha1T3w5ITA0rN6lkqKN,ORCA,GSCz8oRWRR2pOM5YJIHzVw/ORCA_inputs_results_pH7.4/TTR-2.out,0,success,,1,1
cclib,xt8vl0QFelP266phNABAe83kpnf_,LAMMPS,fRCEh8wEQ0u4VG--8N9LLQ/NOMAD/diffusion/nu1000_solo/c4/1d0/olefin.data,0,error,FileNotFoundError,0,0
cclib,xt8vl0QFelP266phNABAe83kpnf_,LAMMPS,fRCEh8wEQ0u4VG--8N9LLQ/NOMAD/diffusion/nu1000_solo/c4/1d0/msd.dat,0,error,FileNotFoundError,0,0
cclib,yEZZiai9gtACrSbYUU83cXkiNyaj,Octopus,uxiinuyeSW2ZjDlc1HXdhQ/00065,0,error,FileNotFoundError,0,0
cclib,xt8vl0QFelP266phNABAe83kpnf_,LAMMPS,fRCEh8wEQ0u4VG--8N9LLQ/NOMAD/diffusion/nu1000_solo/c4/1d0/log.NU1000h2o_2_2_2but,0,error,FileNotFoundError,0,0
cclib,yEZZiai9gtACrSbYUU83cXkiNyaj,Octopus,uxiinuyeSW2ZjDlc1HXdhQ/inp,0,error,FileNotFoundError,0,0
cclib,yEZZiai9gtACrSbYUU83cXkiNyaj,Octopus,uxiinuyeSW2ZjDlc1HXdhQ/output.out,1,error,FileNotFoundError,0,0
cclib,yEZZiai9gtACrSbYUU83cXkiNyaj,Octopus,uxiinuyeSW2ZjDlc1HXdhQ/spectrum.casida,0,error,FileNotFoundError,0,0
cclib,yEZZiai9gtACrSbYUU83cXkiNyaj,Octopus,uxiinuyeSW2ZjDlc1HXdhQ/spectrum.eps_diff,0,error,FileNotFoundError,0,0
cclib,yEZZiai9gtACrSbYUU83cXkiNyaj,Octopus,uxiinuyeSW2ZjDlc1HXdhQ/spectrum.tamm_dancoff,0,error,FileNotFoundError,0,0
cclib,yEZZiai9gtACrSbYUU83cXkiNyaj,Octopus,uxiinuyeSW2ZjDlc1HXdhQ/eps_diff,0,error,FileNotFoundError,0,0
cclib,yEZZiai9gtACrSbYUU83cXkiNyaj,Octopus,uxiinuyeSW2ZjDlc1HXdhQ/casida,0,error,FileNotFoundError,0,0
cclib,yL5fT-q_8F2Lr1V5JDlKGy2y4bq1,NWChem,GMuZUSYeTeK1gsEVmecjKg/separableRI_nomad_v2/NWChem/Def2TZVP/molecules/hf/09_naphthalene_NWChem_noRI_HF_Def2TZVP/input.nw,0,error,FileNotFoundError,0,0
cclib,yaQiW-Ljx4WRhLuxNZwTrV9z7ENm,NWChem,GMuZUSYeTeK1gsEVmecjKg/separableRI_nomad_v2/NWChem/Def2TZVP/molecules/hf/23_acetamide_NWChem_noRI_HF_Def2TZVP/input.nw,0,error,FileNotFoundError,0,0
cclib,yaQiW-Ljx4WRhLuxNZwTrV9z7ENm,NWChem,GMuZUSYeTeK1gsEVmecjKg/separableRI_nomad_v2/NWChem/Def2TZVP/molecules/hf/23_acetamide_NWChem_noRI_HF_Def2TZVP/output.out,1,success,,1,1
cclib,ycOSC5qaQYF65znrTjRKG9I6TaV9,CP2K,HgarHl1tSluBF-5bhZPOfA/Inputs_Outputs_Periodic_Small_Cell_GW_TMDC-master/Figure_9/MoS2/Window_100/SZV_MOLOPT/GW.inp,0,error,FileNotFoundError,0,0
cclib,yL5fT-q_8F2Lr1V5JDlKGy2y4bq1,NWChem,GMuZUSYeTeK1gsEVmecjKg/separableRI_nomad_v2/NWChem/Def2TZVP/molecules/hf/09_naphthalene_NWChem_noRI_HF_Def2TZVP/output.out,1,error,ValidationError,0,0
cclib,ycOSC5qaQYF65znrTjRKG9I6TaV9,CP2K,HgarHl1tSluBF-5bhZPOfA/Inputs_Outputs_Periodic_Small_Cell_GW_TMDC-master/Figure_9/MoS2/Window_100/SZV_MOLOPT/cp2k.out,1,error,AttributeError,0,0
cclib,ycOSC5qaQYF65znrTjRKG9I6TaV9,CP2K,HgarHl1tSluBF-5bhZPOfA/Inputs_Outputs_Periodic_Small_Cell_GW_TMDC-master/Figure_9/MoS2/Window_100/SZV_MOLOPT/bandstructure_SCF_and_G0W0_plus_SOC,0,error,FileNotFoundError,0,0
cclib,yiSp6LrFJxEf5dzspbOX_PyFDJ-j,CP2K,HgarHl1tSluBF-5bhZPOfA/Inputs_Outputs_Periodic_Small_Cell_GW_TMDC-master/Figure_9/WSe2/Window_10/TZVP_MOLOPT/GW.inp,0,error,FileNotFoundError,0,0
cclib,yiSp6LrFJxEf5dzspbOX_PyFDJ-j,CP2K,HgarHl1tSluBF-5bhZPOfA/Inputs_Outputs_Periodic_Small_Cell_GW_TMDC-master/Figure_9/WSe2/Window_10/TZVP_MOLOPT/cp2k.out,1,error,AttributeError,0,0
cclib,ytbyrwLI-BvnJ1ZFekukJC0IbVjo,ORCA,GSCz8oRWRR2pOM5YJIHzVw/ORCA_inputs_results_pH7.4/ACE-1.inp,0,error,FileNotFoundError,0,0
cclib,ytbyrwLI-BvnJ1ZFekukJC0IbVjo,ORCA,GSCz8oRWRR2pOM5YJIHzVw/ORCA_inputs_results_pH7.4/ACE-1.out,0,success,,1,1
cclib,ytbyrwLI-BvnJ1ZFekukJC0IbVjo,ORCA,GSCz8oRWRR2pOM5YJIHzVw/ORCA_inputs_results_pH7.4/ACE-1par.inp,0,error,FileNotFoundError,0,0
cclib,ytbyrwLI-BvnJ1ZFekukJC0IbVjo,ORCA,GSCz8oRWRR2pOM5YJIHzVw/ORCA_inputs_results_pH7.4/ACE-1par.out,0,success,,1,1
cclib,ytbyrwLI-BvnJ1ZFekukJC0IbVjo,ORCA,GSCz8oRWRR2pOM5YJIHzVw/ORCA_inputs_results_pH7.4/ACE0.inp,0,error,FileNotFoundError,0,0
cclib,ytbyrwLI-BvnJ1ZFekukJC0IbVjo,ORCA,GSCz8oRWRR2pOM5YJIHzVw/ORCA_inputs_results_pH7.4/ACE0.out,0,success,,1,1
cclib,ytbyrwLI-BvnJ1ZFekukJC0IbVjo,ORCA,GSCz8oRWRR2pOM5YJIHzVw/ORCA_inputs_results_pH7.4/ACE0par.inp,0,error,FileNotFoundError,0,0
cclib,ytbyrwLI-BvnJ1ZFekukJC0IbVjo,ORCA,GSCz8oRWRR2pOM5YJIHzVw/ORCA_inputs_results_pH7.4/ACE0par.out,1,success,,1,1
cclib,ytbyrwLI-BvnJ1ZFekukJC0IbVjo,ORCA,GSCz8oRWRR2pOM5YJIHzVw/ORCA_inputs_results_pH7.4/ASA-1.inp,0,error,FileNotFoundError,0,0
cclib,yiSp6LrFJxEf5dzspbOX_PyFDJ-j,CP2K,HgarHl1tSluBF-5bhZPOfA/Inputs_Outputs_Periodic_Small_Cell_GW_TMDC-master/Figure_9/WSe2/Window_10/TZVP_MOLOPT/bandstructure_SCF_and_G0W0_plus_SOC,0,error,FileNotFoundError,0,0
cclib,ytbyrwLI-BvnJ1ZFekukJC0IbVjo,ORCA,GSCz8oRWRR2pOM5YJIHzVw/ORCA_inputs_results_pH7.4/ASA-1par.inp,0,error,FileNotFoundError,0,0
cclib,ytbyrwLI-BvnJ1ZFekukJC0IbVjo,ORCA,GSCz8oRWRR2pOM5YJIHzVw/ORCA_inputs_results_pH7.4/ASA-1.out,0,success,,1,1
cclib,ytbyrwLI-BvnJ1ZFekukJC0IbVjo,ORCA,GSCz8oRWRR2pOM5YJIHzVw/ORCA_inputs_results_pH7.4/ASA0.inp,0,error,FileNotFoundError,0,0
cclib,ytbyrwLI-BvnJ1ZFekukJC0IbVjo,ORCA,GSCz8oRWRR2pOM5YJIHzVw/ORCA_inputs_results_pH7.4/ASA-1par.out,0,success,,1,1
cclib,ytbyrwLI-BvnJ1ZFekukJC0IbVjo,ORCA,GSCz8oRWRR2pOM5YJIHzVw/ORCA_inputs_results_pH7.4/ASA0par.inp,0,error,FileNotFoundError,0,0
cclib,ytbyrwLI-BvnJ1ZFekukJC0IbVjo,ORCA,GSCz8oRWRR2pOM5YJIHzVw/ORCA_inputs_results_pH7.4/ASA0par.out,0,success,,1,1
cclib,ytbyrwLI-BvnJ1ZFekukJC0IbVjo,ORCA,GSCz8oRWRR2pOM5YJIHzVw/ORCA_inputs_results_pH7.4/BEN0.inp,0,error,FileNotFoundError,0,0
cclib,ytbyrwLI-BvnJ1ZFekukJC0IbVjo,ORCA,GSCz8oRWRR2pOM5YJIHzVw/ORCA_inputs_results_pH7.4/BEN0.out,0,success,,1,1
cclib,ytbyrwLI-BvnJ1ZFekukJC0IbVjo,ORCA,GSCz8oRWRR2pOM5YJIHzVw/ORCA_inputs_results_pH7.4/BEN0par.inp,0,error,FileNotFoundError,0,0
cclib,yEZZiai9gtACrSbYUU83cXkiNyaj,Octopus,uxiinuyeSW2ZjDlc1HXdhQ/tamm_dancoff,0,error,FileNotFoundError,0,0
cclib,ytbyrwLI-BvnJ1ZFekukJC0IbVjo,ORCA,GSCz8oRWRR2pOM5YJIHzVw/ORCA_inputs_results_pH7.4/BEN0par.out,0,success,,1,1
cclib,ytbyrwLI-BvnJ1ZFekukJC0IbVjo,ORCA,GSCz8oRWRR2pOM5YJIHzVw/ORCA_inputs_results_pH7.4/CAF0.inp,0,error,FileNotFoundError,0,0
cclib,ytbyrwLI-BvnJ1ZFekukJC0IbVjo,ORCA,GSCz8oRWRR2pOM5YJIHzVw/ORCA_inputs_results_pH7.4/CAF0par.inp,0,error,FileNotFoundError,0,0
cclib,ytbyrwLI-BvnJ1ZFekukJC0IbVjo,ORCA,GSCz8oRWRR2pOM5YJIHzVw/ORCA_inputs_results_pH7.4/CAF0par.out,0,success,,1,1
cclib,ytbyrwLI-BvnJ1ZFekukJC0IbVjo,ORCA,GSCz8oRWRR2pOM5YJIHzVw/ORCA_inputs_results_pH7.4/CBZ0.inp,0,error,FileNotFoundError,0,0
cclib,ytbyrwLI-BvnJ1ZFekukJC0IbVjo,ORCA,GSCz8oRWRR2pOM5YJIHzVw/ORCA_inputs_results_pH7.4/ASA0.out,0,success,,1,1
cclib,ytbyrwLI-BvnJ1ZFekukJC0IbVjo,ORCA,GSCz8oRWRR2pOM5YJIHzVw/ORCA_inputs_results_pH7.4/CBZ0par.inp,0,error,FileNotFoundError,0,0
cclib,ytbyrwLI-BvnJ1ZFekukJC0IbVjo,ORCA,GSCz8oRWRR2pOM5YJIHzVw/ORCA_inputs_results_pH7.4/CBZ0par.out,0,success,,1,1
cclib,ytbyrwLI-BvnJ1ZFekukJC0IbVjo,ORCA,GSCz8oRWRR2pOM5YJIHzVw/ORCA_inputs_results_pH7.4/DCL0.inp,0,error,FileNotFoundError,0,0
cclib,ytbyrwLI-BvnJ1ZFekukJC0IbVjo,ORCA,GSCz8oRWRR2pOM5YJIHzVw/ORCA_inputs_results_pH7.4/CAF0.out,0,success,,1,1
cclib,ytbyrwLI-BvnJ1ZFekukJC0IbVjo,ORCA,GSCz8oRWRR2pOM5YJIHzVw/ORCA_inputs_results_pH7.4/DCL0par.inp,0,error,FileNotFoundError,0,0
cclib,ytbyrwLI-BvnJ1ZFekukJC0IbVjo,ORCA,GSCz8oRWRR2pOM5YJIHzVw/ORCA_inputs_results_pH7.4/DCL0par.out,0,success,,1,1
cclib,ytbyrwLI-BvnJ1ZFekukJC0IbVjo,ORCA,GSCz8oRWRR2pOM5YJIHzVw/ORCA_inputs_results_pH7.4/GGG-2.inp,0,error,FileNotFoundError,0,0
cclib,ytbyrwLI-BvnJ1ZFekukJC0IbVjo,ORCA,GSCz8oRWRR2pOM5YJIHzVw/ORCA_inputs_results_pH7.4/DCL0.out,0,success,,1,1
cclib,ytbyrwLI-BvnJ1ZFekukJC0IbVjo,ORCA,GSCz8oRWRR2pOM5YJIHzVw/ORCA_inputs_results_pH7.4/GGG-2par.inp,0,error,FileNotFoundError,0,0
cclib,ytbyrwLI-BvnJ1ZFekukJC0IbVjo,ORCA,GSCz8oRWRR2pOM5YJIHzVw/ORCA_inputs_results_pH7.4/GGG-2par.out,0,success,,1,1
cclib,iBIeUIvhEDHWwRGRXri8-gJqbWeZ,exciting,qpxNMvKmRhqq_F-CfHJw8Q/EVECFV.OUT,0,timeout,HardTimeout,0,0
cclib,ytbyrwLI-BvnJ1ZFekukJC0IbVjo,ORCA,GSCz8oRWRR2pOM5YJIHzVw/ORCA_inputs_results_pH7.4/CBZ0.out,0,success,,1,1
cclib,ytbyrwLI-BvnJ1ZFekukJC0IbVjo,ORCA,GSCz8oRWRR2pOM5YJIHzVw/ORCA_inputs_results_pH7.4/GGG-2.out,0,success,,1,1
cclib,xt8vl0QFelP266phNABAe83kpnf_,LAMMPS,fRCEh8wEQ0u4VG--8N9LLQ/NOMAD/diffusion/nu1000_solo/c4/1d0/nvt.equil,0,error,FileNotFoundError,0,0
cclib,ytbyrwLI-BvnJ1ZFekukJC0IbVjo,ORCA,GSCz8oRWRR2pOM5YJIHzVw/ORCA_inputs_results_pH7.4/IBU-1.inp,0,error,FileNotFoundError,0,0
cclib,ytbyrwLI-BvnJ1ZFekukJC0IbVjo,ORCA,GSCz8oRWRR2pOM5YJIHzVw/ORCA_inputs_results_pH7.4/IBU-1par.inp,0,error,FileNotFoundError,0,0
cclib,ytbyrwLI-BvnJ1ZFekukJC0IbVjo,ORCA,GSCz8oRWRR2pOM5YJIHzVw/ORCA_inputs_results_pH7.4/IBU0.inp,0,error,FileNotFoundError,0,0
cclib,ytbyrwLI-BvnJ1ZFekukJC0IbVjo,ORCA,GSCz8oRWRR2pOM5YJIHzVw/ORCA_inputs_results_pH7.4/IBU0par.inp,0,error,FileNotFoundError,0,0
cclib,ytbyrwLI-BvnJ1ZFekukJC0IbVjo,ORCA,GSCz8oRWRR2pOM5YJIHzVw/ORCA_inputs_results_pH7.4/SLC-1.inp,0,error,FileNotFoundError,0,0
cclib,ytbyrwLI-BvnJ1ZFekukJC0IbVjo,ORCA,GSCz8oRWRR2pOM5YJIHzVw/ORCA_inputs_results_pH7.4/IBU-1par.out,0,success,,1,1
cclib,ytbyrwLI-BvnJ1ZFekukJC0IbVjo,ORCA,GSCz8oRWRR2pOM5YJIHzVw/ORCA_inputs_results_pH7.4/IBU0par.out,0,success,,1,1
cclib,ytbyrwLI-BvnJ1ZFekukJC0IbVjo,ORCA,GSCz8oRWRR2pOM5YJIHzVw/ORCA_inputs_results_pH7.4/SLC-1par.inp,0,error,FileNotFoundError,0,0
cclib,ytbyrwLI-BvnJ1ZFekukJC0IbVjo,ORCA,GSCz8oRWRR2pOM5YJIHzVw/ORCA_inputs_results_pH7.4/SLC0.inp,0,error,FileNotFoundError,0,0
cclib,ytbyrwLI-BvnJ1ZFekukJC0IbVjo,ORCA,GSCz8oRWRR2pOM5YJIHzVw/ORCA_inputs_results_pH7.4/SLC-1par.out,0,success,,1,1
cclib,ytbyrwLI-BvnJ1ZFekukJC0IbVjo,ORCA,GSCz8oRWRR2pOM5YJIHzVw/ORCA_inputs_results_pH7.4/SLC0par.inp,0,error,FileNotFoundError,0,0
cclib,ytbyrwLI-BvnJ1ZFekukJC0IbVjo,ORCA,GSCz8oRWRR2pOM5YJIHzVw/ORCA_inputs_results_pH7.4/SLC-1.out,0,success,,1,1
cclib,ytbyrwLI-BvnJ1ZFekukJC0IbVjo,ORCA,GSCz8oRWRR2pOM5YJIHzVw/ORCA_inputs_results_pH7.4/TTR-1.inp,0,error,FileNotFoundError,0,0
cclib,ytbyrwLI-BvnJ1ZFekukJC0IbVjo,ORCA,GSCz8oRWRR2pOM5YJIHzVw/ORCA_inputs_results_pH7.4/SLC0par.out,0,success,,1,1
cclib,ytbyrwLI-BvnJ1ZFekukJC0IbVjo,ORCA,GSCz8oRWRR2pOM5YJIHzVw/ORCA_inputs_results_pH7.4/TTR-1par.inp,0,error,FileNotFoundError,0,0
cclib,ytbyrwLI-BvnJ1ZFekukJC0IbVjo,ORCA,GSCz8oRWRR2pOM5YJIHzVw/ORCA_inputs_results_pH7.4/SLC0.out,0,success,,1,1
cclib,ytbyrwLI-BvnJ1ZFekukJC0IbVjo,ORCA,GSCz8oRWRR2pOM5YJIHzVw/ORCA_inputs_results_pH7.4/TTR-2.inp,0,error,FileNotFoundError,0,0
cclib,ytbyrwLI-BvnJ1ZFekukJC0IbVjo,ORCA,GSCz8oRWRR2pOM5YJIHzVw/ORCA_inputs_results_pH7.4/IBU-1.out,0,success,,1,1
cclib,ytbyrwLI-BvnJ1ZFekukJC0IbVjo,ORCA,GSCz8oRWRR2pOM5YJIHzVw/ORCA_inputs_results_pH7.4/TTR-2par.inp,0,error,FileNotFoundError,0,0
cclib,ytbyrwLI-BvnJ1ZFekukJC0IbVjo,ORCA,GSCz8oRWRR2pOM5YJIHzVw/ORCA_inputs_results_pH7.4/TTR-1par.out,0,success,,1,1
cclib,ytbyrwLI-BvnJ1ZFekukJC0IbVjo,ORCA,GSCz8oRWRR2pOM5YJIHzVw/ORCA_inputs_results_pH7.4/VLP-1.inp,0,error,FileNotFoundError,0,0
cclib,ytbyrwLI-BvnJ1ZFekukJC0IbVjo,ORCA,GSCz8oRWRR2pOM5YJIHzVw/ORCA_inputs_results_pH7.4/TTR-2par.out,0,success,,1,1
cclib,ytbyrwLI-BvnJ1ZFekukJC0IbVjo,ORCA,GSCz8oRWRR2pOM5YJIHzVw/ORCA_inputs_results_pH7.4/VLP-1par.inp,0,error,FileNotFoundError,0,0
cclib,ytbyrwLI-BvnJ1ZFekukJC0IbVjo,ORCA,GSCz8oRWRR2pOM5YJIHzVw/ORCA_inputs_results_pH7.4/VLP-1par.out,0,success,,1,1
cclib,ytbyrwLI-BvnJ1ZFekukJC0IbVjo,ORCA,GSCz8oRWRR2pOM5YJIHzVw/ORCA_inputs_results_pH7.4/VLP0.inp,0,error,FileNotFoundError,0,0
cclib,ytbyrwLI-BvnJ1ZFekukJC0IbVjo,ORCA,GSCz8oRWRR2pOM5YJIHzVw/ORCA_inputs_results_pH7.4/IBU0.out,0,success,,1,1
cclib,ytbyrwLI-BvnJ1ZFekukJC0IbVjo,ORCA,GSCz8oRWRR2pOM5YJIHzVw/ORCA_inputs_results_pH7.4/VLP0par.inp,0,error,FileNotFoundError,0,0
cclib,ytbyrwLI-BvnJ1ZFekukJC0IbVjo,ORCA,GSCz8oRWRR2pOM5YJIHzVw/ORCA_inputs_results_pH7.4/VLP0.out,0,success,,1,1
cclib,ytbyrwLI-BvnJ1ZFekukJC0IbVjo,ORCA,GSCz8oRWRR2pOM5YJIHzVw/ORCA_inputs_results_pH7.4/VLP-1.out,0,success,,1,1
cclib,ytbyrwLI-BvnJ1ZFekukJC0IbVjo,ORCA,GSCz8oRWRR2pOM5YJIHzVw/ORCA_inputs_results_pH7.4/VLP0par.out,0,success,,1,1
cclib,yzVrn4831KFsSTgMd5zNGi6YjSKN,VASP,OWvCtMY0RWe98WYGBLuwxA/nomad_upload/P/binding_energies/DFThalf/sc7/pristine/INCAR,0,error,FileNotFoundError,0,0
cclib,yzVrn4831KFsSTgMd5zNGi6YjSKN,VASP,OWvCtMY0RWe98WYGBLuwxA/nomad_upload/P/binding_energies/DFThalf/sc7/pristine/KPOINTS,0,error,FileNotFoundError,0,0
cclib,yzVrn4831KFsSTgMd5zNGi6YjSKN,VASP,OWvCtMY0RWe98WYGBLuwxA/nomad_upload/P/binding_energies/DFThalf/sc7/pristine/POSCAR,0,error,FileNotFoundError,0,0
cclib,ytbyrwLI-BvnJ1ZFekukJC0IbVjo,ORCA,GSCz8oRWRR2pOM5YJIHzVw/ORCA_inputs_results_pH7.4/TTR-1.out,0,success,,1,1
cclib,zOnVuVC5y8Wf-1SEGPJj8EfwTYqB,ORCA,GSCz8oRWRR2pOM5YJIHzVw/ORCA_inputs_results_pH7.4/ACE-1.inp,0,error,FileNotFoundError,0,0
cclib,yzVrn4831KFsSTgMd5zNGi6YjSKN,VASP,OWvCtMY0RWe98WYGBLuwxA/nomad_upload/P/binding_energies/DFThalf/sc7/pristine/EIGENVAL,0,error,FileNotFoundError,0,0
cclib,zOnVuVC5y8Wf-1SEGPJj8EfwTYqB,ORCA,GSCz8oRWRR2pOM5YJIHzVw/ORCA_inputs_results_pH7.4/ACE-1par.inp,0,error,FileNotFoundError,0,0
cclib,zOnVuVC5y8Wf-1SEGPJj8EfwTYqB,ORCA,GSCz8oRWRR2pOM5YJIHzVw/ORCA_inputs_results_pH7.4/ACE-1par.out,0,success,,1,1
cclib,zOnVuVC5y8Wf-1SEGPJj8EfwTYqB,ORCA,GSCz8oRWRR2pOM5YJIHzVw/ORCA_inputs_results_pH7.4/ACE-1.out,0,success,,1,1
cclib,zOnVuVC5y8Wf-1SEGPJj8EfwTYqB,ORCA,GSCz8oRWRR2pOM5YJIHzVw/ORCA_inputs_results_pH7.4/ACE0.inp,0,error,FileNotFoundError,0,0
cclib,zOnVuVC5y8Wf-1SEGPJj8EfwTYqB,ORCA,GSCz8oRWRR2pOM5YJIHzVw/ORCA_inputs_results_pH7.4/ACE0par.inp,0,error,FileNotFoundError,0,0
cclib,zOnVuVC5y8Wf-1SEGPJj8EfwTYqB,ORCA,GSCz8oRWRR2pOM5YJIHzVw/ORCA_inputs_results_pH7.4/ACE0par.out,0,success,,1,1
cclib,zOnVuVC5y8Wf-1SEGPJj8EfwTYqB,ORCA,GSCz8oRWRR2pOM5YJIHzVw/ORCA_inputs_results_pH7.4/ASA-1.inp,0,error,FileNotFoundError,0,0
cclib,zOnVuVC5y8Wf-1SEGPJj8EfwTYqB,ORCA,GSCz8oRWRR2pOM5YJIHzVw/ORCA_inputs_results_pH7.4/ACE0.out,0,success,,1,1
cclib,zOnVuVC5y8Wf-1SEGPJj8EfwTYqB,ORCA,GSCz8oRWRR2pOM5YJIHzVw/ORCA_inputs_results_pH7.4/ASA-1par.inp,0,error,FileNotFoundError,0,0
cclib,zOnVuVC5y8Wf-1SEGPJj8EfwTYqB,ORCA,GSCz8oRWRR2pOM5YJIHzVw/ORCA_inputs_results_pH7.4/ASA-1par.out,0,success,,1,1
cclib,zOnVuVC5y8Wf-1SEGPJj8EfwTYqB,ORCA,GSCz8oRWRR2pOM5YJIHzVw/ORCA_inputs_results_pH7.4/ASA0.inp,0,error,FileNotFoundError,0,0
cclib,zOnVuVC5y8Wf-1SEGPJj8EfwTYqB,ORCA,GSCz8oRWRR2pOM5YJIHzVw/ORCA_inputs_results_pH7.4/ASA-1.out,0,success,,1,1
cclib,zOnVuVC5y8Wf-1SEGPJj8EfwTYqB,ORCA,GSCz8oRWRR2pOM5YJIHzVw/ORCA_inputs_results_pH7.4/ASA0par.inp,0,error,FileNotFoundError,0,0
cclib,zOnVuVC5y8Wf-1SEGPJj8EfwTYqB,ORCA,GSCz8oRWRR2pOM5YJIHzVw/ORCA_inputs_results_pH7.4/ASA0par.out,1,success,,1,1
cclib,zOnVuVC5y8Wf-1SEGPJj8EfwTYqB,ORCA,GSCz8oRWRR2pOM5YJIHzVw/ORCA_inputs_results_pH7.4/BEN0.inp,0,error,FileNotFoundError,0,0
cclib,zOnVuVC5y8Wf-1SEGPJj8EfwTYqB,ORCA,GSCz8oRWRR2pOM5YJIHzVw/ORCA_inputs_results_pH7.4/ASA0.out,0,success,,1,1
cclib,zOnVuVC5y8Wf-1SEGPJj8EfwTYqB,ORCA,GSCz8oRWRR2pOM5YJIHzVw/ORCA_inputs_results_pH7.4/BEN0.out,0,success,,1,1
cclib,zOnVuVC5y8Wf-1SEGPJj8EfwTYqB,ORCA,GSCz8oRWRR2pOM5YJIHzVw/ORCA_inputs_results_pH7.4/BEN0par.inp,0,error,FileNotFoundError,0,0
cclib,zOnVuVC5y8Wf-1SEGPJj8EfwTYqB,ORCA,GSCz8oRWRR2pOM5YJIHzVw/ORCA_inputs_results_pH7.4/CAF0.inp,0,error,FileNotFoundError,0,0
cclib,zOnVuVC5y8Wf-1SEGPJj8EfwTYqB,ORCA,GSCz8oRWRR2pOM5YJIHzVw/ORCA_inputs_results_pH7.4/BEN0par.out,0,success,,1,1
cclib,zOnVuVC5y8Wf-1SEGPJj8EfwTYqB,ORCA,GSCz8oRWRR2pOM5YJIHzVw/ORCA_inputs_results_pH7.4/CAF0par.inp,0,error,FileNotFoundError,0,0
cclib,zOnVuVC5y8Wf-1SEGPJj8EfwTYqB,ORCA,GSCz8oRWRR2pOM5YJIHzVw/ORCA_inputs_results_pH7.4/CAF0par.out,0,success,,1,1
cclib,zOnVuVC5y8Wf-1SEGPJj8EfwTYqB,ORCA,GSCz8oRWRR2pOM5YJIHzVw/ORCA_inputs_results_pH7.4/CBZ0.inp,0,error,FileNotFoundError,0,0
cclib,xt8vl0QFelP266phNABAe83kpnf_,LAMMPS,fRCEh8wEQ0u4VG--8N9LLQ/NOMAD/diffusion/nu1000_solo/c4/1d0/opt.equil,0,error,FileNotFoundError,0,0
cclib,zOnVuVC5y8Wf-1SEGPJj8EfwTYqB,ORCA,GSCz8oRWRR2pOM5YJIHzVw/ORCA_inputs_results_pH7.4/CBZ0par.inp,0,error,FileNotFoundError,0,0
cclib,zOnVuVC5y8Wf-1SEGPJj8EfwTYqB,ORCA,GSCz8oRWRR2pOM5YJIHzVw/ORCA_inputs_results_pH7.4/CAF0.out,0,success,,1,1
cclib,zOnVuVC5y8Wf-1SEGPJj8EfwTYqB,ORCA,GSCz8oRWRR2pOM5YJIHzVw/ORCA_inputs_results_pH7.4/DCL0.inp,0,error,FileNotFoundError,0,0
cclib,zOnVuVC5y8Wf-1SEGPJj8EfwTYqB,ORCA,GSCz8oRWRR2pOM5YJIHzVw/ORCA_inputs_results_pH7.4/CBZ0par.out,0,success,,1,1
cclib,zOnVuVC5y8Wf-1SEGPJj8EfwTYqB,ORCA,GSCz8oRWRR2pOM5YJIHzVw/ORCA_inputs_results_pH7.4/DCL0par.inp,0,error,FileNotFoundError,0,0
cclib,zOnVuVC5y8Wf-1SEGPJj8EfwTYqB,ORCA,GSCz8oRWRR2pOM5YJIHzVw/ORCA_inputs_results_pH7.4/DCL0par.out,0,success,,1,1
cclib,zOnVuVC5y8Wf-1SEGPJj8EfwTYqB,ORCA,GSCz8oRWRR2pOM5YJIHzVw/ORCA_inputs_results_pH7.4/GGG-2.inp,0,error,FileNotFoundError,0,0
cclib,zOnVuVC5y8Wf-1SEGPJj8EfwTYqB,ORCA,GSCz8oRWRR2pOM5YJIHzVw/ORCA_inputs_results_pH7.4/DCL0.out,0,success,,1,1
cclib,zOnVuVC5y8Wf-1SEGPJj8EfwTYqB,ORCA,GSCz8oRWRR2pOM5YJIHzVw/ORCA_inputs_results_pH7.4/GGG-2par.inp,0,error,FileNotFoundError,0,0
cclib,zOnVuVC5y8Wf-1SEGPJj8EfwTYqB,ORCA,GSCz8oRWRR2pOM5YJIHzVw/ORCA_inputs_results_pH7.4/GGG-2par.out,0,success,,1,1
cclib,zOnVuVC5y8Wf-1SEGPJj8EfwTYqB,ORCA,GSCz8oRWRR2pOM5YJIHzVw/ORCA_inputs_results_pH7.4/IBU-1.inp,0,error,FileNotFoundError,0,0
cclib,zOnVuVC5y8Wf-1SEGPJj8EfwTYqB,ORCA,GSCz8oRWRR2pOM5YJIHzVw/ORCA_inputs_results_pH7.4/CBZ0.out,0,success,,1,1
cclib,zOnVuVC5y8Wf-1SEGPJj8EfwTYqB,ORCA,GSCz8oRWRR2pOM5YJIHzVw/ORCA_inputs_results_pH7.4/IBU-1par.inp,0,error,FileNotFoundError,0,0
cclib,ytbyrwLI-BvnJ1ZFekukJC0IbVjo,ORCA,GSCz8oRWRR2pOM5YJIHzVw/ORCA_inputs_results_pH7.4/TTR-2.out,0,success,,1,1
cclib,zOnVuVC5y8Wf-1SEGPJj8EfwTYqB,ORCA,GSCz8oRWRR2pOM5YJIHzVw/ORCA_inputs_results_pH7.4/IBU0.inp,0,error,FileNotFoundError,0,0
cclib,zOnVuVC5y8Wf-1SEGPJj8EfwTYqB,ORCA,GSCz8oRWRR2pOM5YJIHzVw/ORCA_inputs_results_pH7.4/GGG-2.out,0,success,,1,1
cclib,zOnVuVC5y8Wf-1SEGPJj8EfwTYqB,ORCA,GSCz8oRWRR2pOM5YJIHzVw/ORCA_inputs_results_pH7.4/IBU0par.inp,0,error,FileNotFoundError,0,0
cclib,zOnVuVC5y8Wf-1SEGPJj8EfwTYqB,ORCA,GSCz8oRWRR2pOM5YJIHzVw/ORCA_inputs_results_pH7.4/IBU-1.out,0,success,,1,1
cclib,zOnVuVC5y8Wf-1SEGPJj8EfwTYqB,ORCA,GSCz8oRWRR2pOM5YJIHzVw/ORCA_inputs_results_pH7.4/SLC-1.inp,0,error,FileNotFoundError,0,0
cclib,zOnVuVC5y8Wf-1SEGPJj8EfwTYqB,ORCA,GSCz8oRWRR2pOM5YJIHzVw/ORCA_inputs_results_pH7.4/IBU-1par.out,0,success,,1,1
cclib,zOnVuVC5y8Wf-1SEGPJj8EfwTYqB,ORCA,GSCz8oRWRR2pOM5YJIHzVw/ORCA_inputs_results_pH7.4/SLC-1par.inp,0,error,FileNotFoundError,0,0
cclib,zOnVuVC5y8Wf-1SEGPJj8EfwTYqB,ORCA,GSCz8oRWRR2pOM5YJIHzVw/ORCA_inputs_results_pH7.4/IBU0par.out,0,success,,1,1
cclib,zOnVuVC5y8Wf-1SEGPJj8EfwTYqB,ORCA,GSCz8oRWRR2pOM5YJIHzVw/ORCA_inputs_results_pH7.4/SLC0.inp,0,error,FileNotFoundError,0,0
cclib,yzVrn4831KFsSTgMd5zNGi6YjSKN,VASP,OWvCtMY0RWe98WYGBLuwxA/nomad_upload/P/binding_energies/DFThalf/sc7/pristine/OUTCAR,0,error,FileNotFoundError,0,0
cclib,zOnVuVC5y8Wf-1SEGPJj8EfwTYqB,ORCA,GSCz8oRWRR2pOM5YJIHzVw/ORCA_inputs_results_pH7.4/SLC0par.inp,0,error,FileNotFoundError,0,0
cclib,zOnVuVC5y8Wf-1SEGPJj8EfwTYqB,ORCA,GSCz8oRWRR2pOM5YJIHzVw/ORCA_inputs_results_pH7.4/SLC-1par.out,0,success,,1,1
cclib,zOnVuVC5y8Wf-1SEGPJj8EfwTYqB,ORCA,GSCz8oRWRR2pOM5YJIHzVw/ORCA_inputs_results_pH7.4/TTR-1.inp,0,error,FileNotFoundError,0,0
cclib,zOnVuVC5y8Wf-1SEGPJj8EfwTYqB,ORCA,GSCz8oRWRR2pOM5YJIHzVw/ORCA_inputs_results_pH7.4/SLC0par.out,0,success,,1,1
cclib,zOnVuVC5y8Wf-1SEGPJj8EfwTYqB,ORCA,GSCz8oRWRR2pOM5YJIHzVw/ORCA_inputs_results_pH7.4/TTR-1par.inp,0,error,FileNotFoundError,0,0
cclib,zOnVuVC5y8Wf-1SEGPJj8EfwTYqB,ORCA,GSCz8oRWRR2pOM5YJIHzVw/ORCA_inputs_results_pH7.4/SLC-1.out,0,success,,1,1
cclib,zOnVuVC5y8Wf-1SEGPJj8EfwTYqB,ORCA,GSCz8oRWRR2pOM5YJIHzVw/ORCA_inputs_results_pH7.4/TTR-2.inp,0,error,FileNotFoundError,0,0
cclib,zOnVuVC5y8Wf-1SEGPJj8EfwTYqB,ORCA,GSCz8oRWRR2pOM5YJIHzVw/ORCA_inputs_results_pH7.4/SLC0.out,0,success,,1,1
cclib,zOnVuVC5y8Wf-1SEGPJj8EfwTYqB,ORCA,GSCz8oRWRR2pOM5YJIHzVw/ORCA_inputs_results_pH7.4/TTR-2par.inp,0,error,FileNotFoundError,0,0
cclib,zOnVuVC5y8Wf-1SEGPJj8EfwTYqB,ORCA,GSCz8oRWRR2pOM5YJIHzVw/ORCA_inputs_results_pH7.4/TTR-1par.out,0,success,,1,1
cclib,zOnVuVC5y8Wf-1SEGPJj8EfwTYqB,ORCA,GSCz8oRWRR2pOM5YJIHzVw/ORCA_inputs_results_pH7.4/VLP-1.inp,0,error,FileNotFoundError,0,0
cclib,zOnVuVC5y8Wf-1SEGPJj8EfwTYqB,ORCA,GSCz8oRWRR2pOM5YJIHzVw/ORCA_inputs_results_pH7.4/TTR-2par.out,0,success,,1,1
cclib,zOnVuVC5y8Wf-1SEGPJj8EfwTYqB,ORCA,GSCz8oRWRR2pOM5YJIHzVw/ORCA_inputs_results_pH7.4/VLP-1par.inp,0,error,FileNotFoundError,0,0
cclib,zOnVuVC5y8Wf-1SEGPJj8EfwTYqB,ORCA,GSCz8oRWRR2pOM5YJIHzVw/ORCA_inputs_results_pH7.4/VLP-1par.out,0,success,,1,1
cclib,zOnVuVC5y8Wf-1SEGPJj8EfwTYqB,ORCA,GSCz8oRWRR2pOM5YJIHzVw/ORCA_inputs_results_pH7.4/VLP0.inp,0,error,FileNotFoundError,0,0
cclib,zOnVuVC5y8Wf-1SEGPJj8EfwTYqB,ORCA,GSCz8oRWRR2pOM5YJIHzVw/ORCA_inputs_results_pH7.4/IBU0.out,0,success,,1,1
cclib,zOnVuVC5y8Wf-1SEGPJj8EfwTYqB,ORCA,GSCz8oRWRR2pOM5YJIHzVw/ORCA_inputs_results_pH7.4/VLP0par.inp,0,error,FileNotFoundError,0,0
cclib,zOnVuVC5y8Wf-1SEGPJj8EfwTYqB,ORCA,GSCz8oRWRR2pOM5YJIHzVw/ORCA_inputs_results_pH7.4/VLP0par.out,0,success,,1,1
cclib,zWWsNOkalQRYFPYyLmafwWwMpJ7R,NWChem,GMuZUSYeTeK1gsEVmecjKg/separableRI_nomad_v2/NWChem/Def2TZVP/atom/mp2/08_Nitrogen_NWChem_noRI_MP2_Def2TZVP/input.nw,0,error,FileNotFoundError,0,0
cclib,zWWsNOkalQRYFPYyLmafwWwMpJ7R,NWChem,GMuZUSYeTeK1gsEVmecjKg/separableRI_nomad_v2/NWChem/Def2TZVP/atom/mp2/08_Nitrogen_NWChem_noRI_MP2_Def2TZVP/output.out,1,error,ValidationError,0,0
cclib,zr7YIQ17tuWOUjCM7OspKDQ87ito,CP2K,HgarHl1tSluBF-5bhZPOfA/Inputs_Outputs_Periodic_Small_Cell_GW_TMDC-master/Figure_9/WSe2/Window_100/TZV2P_MOLOPT/GW.inp,0,error,FileNotFoundError,0,0
cclib,zOnVuVC5y8Wf-1SEGPJj8EfwTYqB,ORCA,GSCz8oRWRR2pOM5YJIHzVw/ORCA_inputs_results_pH7.4/VLP-1.out,0,success,,1,1
cclib,zOnVuVC5y8Wf-1SEGPJj8EfwTYqB,ORCA,GSCz8oRWRR2pOM5YJIHzVw/ORCA_inputs_results_pH7.4/VLP0.out,0,success,,1,1
cclib,zr7YIQ17tuWOUjCM7OspKDQ87ito,CP2K,HgarHl1tSluBF-5bhZPOfA/Inputs_Outputs_Periodic_Small_Cell_GW_TMDC-master/Figure_9/WSe2/Window_100/TZV2P_MOLOPT/cp2k.out,1,error,AttributeError,0,0
cclib,zrBGgzazZT1LBD6kkOGMlLkr-dhl,CASTEP,loddw6wwSbKmyTgsHuX6PQ/benzene_rotation_x/angle_1/sites/2/ELNES.param,0,error,FileNotFoundError,0,0
cclib,zrBGgzazZT1LBD6kkOGMlLkr-dhl,CASTEP,loddw6wwSbKmyTgsHuX6PQ/benzene_rotation_x/angle_1/sites/2/case.bib,0,error,FileNotFoundError,0,0
cclib,zrBGgzazZT1LBD6kkOGMlLkr-dhl,CASTEP,loddw6wwSbKmyTgsHuX6PQ/benzene_rotation_x/angle_1/sites/2/case.bands,0,error,FileNotFoundError,0,0
cclib,zrBGgzazZT1LBD6kkOGMlLkr-dhl,CASTEP,loddw6wwSbKmyTgsHuX6PQ/benzene_rotation_x/angle_1/sites/2/case.castep,1,error,FileNotFoundError,0,0
cclib,zrBGgzazZT1LBD6kkOGMlLkr-dhl,CASTEP,loddw6wwSbKmyTgsHuX6PQ/benzene_rotation_x/angle_1/sites/2/case.cell,0,error,FileNotFoundError,0,0
cclib,zOnVuVC5y8Wf-1SEGPJj8EfwTYqB,ORCA,GSCz8oRWRR2pOM5YJIHzVw/ORCA_inputs_results_pH7.4/TTR-1.out,0,success,,1,1
cclib,yzVrn4831KFsSTgMd5zNGi6YjSKN,VASP,OWvCtMY0RWe98WYGBLuwxA/nomad_upload/P/binding_energies/DFThalf/sc7/pristine/vasprun.xml,1,error,FileNotFoundError,0,0
cclib,zrBGgzazZT1LBD6kkOGMlLkr-dhl,CASTEP,loddw6wwSbKmyTgsHuX6PQ/benzene_rotation_x/angle_1/sites/2/case.param,0,error,FileNotFoundError,0,0
cclib,zrBGgzazZT1LBD6kkOGMlLkr-dhl,CASTEP,loddw6wwSbKmyTgsHuX6PQ/benzene_rotation_x/angle_1/sites/2/case_elnes.bands,0,error,FileNotFoundError,0,0
cclib,zrBGgzazZT1LBD6kkOGMlLkr-dhl,CASTEP,loddw6wwSbKmyTgsHuX6PQ/benzene_rotation_x/angle_1/sites/2/case_elnes.bib,0,error,FileNotFoundError,0,0
cclib,zrBGgzazZT1LBD6kkOGMlLkr-dhl,CASTEP,loddw6wwSbKmyTgsHuX6PQ/benzene_rotation_x/angle_1/sites/2/case_elnes.castep,0,error,FileNotFoundError,0,0
cclib,zr7YIQ17tuWOUjCM7OspKDQ87ito,CP2K,HgarHl1tSluBF-5bhZPOfA/Inputs_Outputs_Periodic_Small_Cell_GW_TMDC-master/Figure_9/WSe2/Window_100/TZV2P_MOLOPT/bandstructure_SCF_and_G0W0_plus_SOC,0,error,FileNotFoundError,0,0
cclib,zrBGgzazZT1LBD6kkOGMlLkr-dhl,CASTEP,loddw6wwSbKmyTgsHuX6PQ/benzene_rotation_x/angle_1/sites/2/case_elnes.cell,0,error,FileNotFoundError,0,0
cclib,zOnVuVC5y8Wf-1SEGPJj8EfwTYqB,ORCA,GSCz8oRWRR2pOM5YJIHzVw/ORCA_inputs_results_pH7.4/TTR-2.out,0,success,,1,1
cclib,kBTQasoI-JdkbR0tweJNoo8N5pH4,GPAW,u-PnzOXrRv6WIgxb4C2Jsw/production_May27_MoS2WS2_10Ha_662/tree/662/materials/WS4Mo-May27-272eV-G662/WaveFunctions/gs_gw.gpw,1,error,FileNotFoundError,0,0
cclib,kBTQasoI-JdkbR0tweJNoo8N5pH4,GPAW,u-PnzOXrRv6WIgxb4C2Jsw/production_May27_MoS2WS2_10Ha_662/tree/662/materials/WS4Mo-May27-272eV-G662/WaveFunctions/gs_gw_nowfs.gpw,0,error,FileNotFoundError,0,0
cclib,zrBGgzazZT1LBD6kkOGMlLkr-dhl,CASTEP,loddw6wwSbKmyTgsHuX6PQ/benzene_rotation_x/angle_1/sites/2/case_elnes.eels_mat,0,error,FileNotFoundError,0,0
cclib,zrBGgzazZT1LBD6kkOGMlLkr-dhl,CASTEP,loddw6wwSbKmyTgsHuX6PQ/benzene_rotation_x/angle_1/sites/2/case_elnes.param,0,error,FileNotFoundError,0,0
cclib,zrBGgzazZT1LBD6kkOGMlLkr-dhl,CASTEP,loddw6wwSbKmyTgsHuX6PQ/benzene_rotation_x/angle_1/sites/2/case_elnes.elnes,0,error,FileNotFoundError,0,0
cclib,zrBGgzazZT1LBD6kkOGMlLkr-dhl,CASTEP,loddw6wwSbKmyTgsHuX6PQ/benzene_rotation_x/angle_1/sites/2/case_elnes.paw,0,error,FileNotFoundError,0,0
cclib,zrBGgzazZT1LBD6kkOGMlLkr-dhl,CASTEP,loddw6wwSbKmyTgsHuX6PQ/benzene_rotation_x/angle_1/sites/2/case_gs.bands,0,error,FileNotFoundError,0,0
cclib,zrBGgzazZT1LBD6kkOGMlLkr-dhl,CASTEP,loddw6wwSbKmyTgsHuX6PQ/benzene_rotation_x/angle_1/sites/2/case_gs.bib,0,error,FileNotFoundError,0,0
cclib,zrBGgzazZT1LBD6kkOGMlLkr-dhl,CASTEP,loddw6wwSbKmyTgsHuX6PQ/benzene_rotation_x/angle_1/sites/2/case_gs.castep,0,error,FileNotFoundError,0,0
cclib,zrBGgzazZT1LBD6kkOGMlLkr-dhl,CASTEP,loddw6wwSbKmyTgsHuX6PQ/benzene_rotation_x/angle_1/sites/2/case_elnes.uncorr,0,error,FileNotFoundError,0,0
cclib,zrBGgzazZT1LBD6kkOGMlLkr-dhl,CASTEP,loddw6wwSbKmyTgsHuX6PQ/benzene_rotation_x/angle_1/sites/2/case_gs.cell,0,error,FileNotFoundError,0,0
cclib,zrBGgzazZT1LBD6kkOGMlLkr-dhl,CASTEP,loddw6wwSbKmyTgsHuX6PQ/benzene_rotation_x/angle_1/sites/2/case.check,0,error,FileNotFoundError,0,0
cclib,zrBGgzazZT1LBD6kkOGMlLkr-dhl,CASTEP,loddw6wwSbKmyTgsHuX6PQ/benzene_rotation_x/angle_1/sites/2/case.cst_esp,0,error,FileNotFoundError,0,0
cclib,zrBGgzazZT1LBD6kkOGMlLkr-dhl,CASTEP,loddw6wwSbKmyTgsHuX6PQ/benzene_rotation_x/angle_1/sites/2/case_gs.param,0,error,FileNotFoundError,0,0
cclib,zs4_TvFw8MI-PFlNF9p2OFjFr889,CASTEP,loddw6wwSbKmyTgsHuX6PQ/benzene_rotation_x/angle_2/sites/4/ELNES.param,0,error,FileNotFoundError,0,0
cclib,zs4_TvFw8MI-PFlNF9p2OFjFr889,CASTEP,loddw6wwSbKmyTgsHuX6PQ/benzene_rotation_x/angle_2/sites/4/case.bands,0,error,FileNotFoundError,0,0
cclib,zs4_TvFw8MI-PFlNF9p2OFjFr889,CASTEP,loddw6wwSbKmyTgsHuX6PQ/benzene_rotation_x/angle_2/sites/4/case.bib,0,error,FileNotFoundError,0,0
cclib,zs4_TvFw8MI-PFlNF9p2OFjFr889,CASTEP,loddw6wwSbKmyTgsHuX6PQ/benzene_rotation_x/angle_2/sites/4/case.castep,0,error,FileNotFoundError,0,0
cclib,zrBGgzazZT1LBD6kkOGMlLkr-dhl,CASTEP,loddw6wwSbKmyTgsHuX6PQ/benzene_rotation_x/angle_1/sites/2/case_elnes.castep_bin,0,error,FileNotFoundError,0,0
cclib,zs4_TvFw8MI-PFlNF9p2OFjFr889,CASTEP,loddw6wwSbKmyTgsHuX6PQ/benzene_rotation_x/angle_2/sites/4/case.cell,0,error,FileNotFoundError,0,0
cclib,zrBGgzazZT1LBD6kkOGMlLkr-dhl,CASTEP,loddw6wwSbKmyTgsHuX6PQ/benzene_rotation_x/angle_1/sites/2/case_elnes.check,0,error,FileNotFoundError,0,0
cclib,zrBGgzazZT1LBD6kkOGMlLkr-dhl,CASTEP,loddw6wwSbKmyTgsHuX6PQ/benzene_rotation_x/angle_1/sites/2/case_gs.cst_esp,0,error,FileNotFoundError,0,0
cclib,zs4_TvFw8MI-PFlNF9p2OFjFr889,CASTEP,loddw6wwSbKmyTgsHuX6PQ/benzene_rotation_x/angle_2/sites/4/case.param,0,error,FileNotFoundError,0,0
cclib,zs4_TvFw8MI-PFlNF9p2OFjFr889,CASTEP,loddw6wwSbKmyTgsHuX6PQ/benzene_rotation_x/angle_2/sites/4/case_elnes.bands,0,error,FileNotFoundError,0,0
cclib,zs4_TvFw8MI-PFlNF9p2OFjFr889,CASTEP,loddw6wwSbKmyTgsHuX6PQ/benzene_rotation_x/angle_2/sites/4/case_elnes.bib,0,error,FileNotFoundError,0,0
cclib,zs4_TvFw8MI-PFlNF9p2OFjFr889,CASTEP,loddw6wwSbKmyTgsHuX6PQ/benzene_rotation_x/angle_2/sites/4/case_elnes.castep,0,error,FileNotFoundError,0,0
cclib,zrBGgzazZT1LBD6kkOGMlLkr-dhl,CASTEP,loddw6wwSbKmyTgsHuX6PQ/benzene_rotation_x/angle_1/sites/2/case.castep_bin,0,timeout,HardTimeout,0,0
cclib,zs4_TvFw8MI-PFlNF9p2OFjFr889,CASTEP,loddw6wwSbKmyTgsHuX6PQ/benzene_rotation_x/angle_2/sites/4/case_elnes.cell,0,error,FileNotFoundError,0,0
cclib,zrBGgzazZT1LBD6kkOGMlLkr-dhl,CASTEP,loddw6wwSbKmyTgsHuX6PQ/benzene_rotation_x/angle_1/sites/2/case_elnes.cst_esp,0,timeout,HardTimeout,0,0
cclib,zrBGgzazZT1LBD6kkOGMlLkr-dhl,CASTEP,loddw6wwSbKmyTgsHuX6PQ/benzene_rotation_x/angle_1/sites/2/case_gs.castep_bin,0,timeout,HardTimeout,0,0
cclib,zrBGgzazZT1LBD6kkOGMlLkr-dhl,CASTEP,loddw6wwSbKmyTgsHuX6PQ/benzene_rotation_x/angle_1/sites/2/case_gs.check,0,timeout,HardTimeout,0,0
cclib,zs4_TvFw8MI-PFlNF9p2OFjFr889,CASTEP,loddw6wwSbKmyTgsHuX6PQ/benzene_rotation_x/angle_2/sites/4/case_elnes.eels_mat,0,error,FileNotFoundError,0,0
cclib,zs4_TvFw8MI-PFlNF9p2OFjFr889,CASTEP,loddw6wwSbKmyTgsHuX6PQ/benzene_rotation_x/angle_2/sites/4/case_elnes.param,0,error,FileNotFoundError,0,0
cclib,zs4_TvFw8MI-PFlNF9p2OFjFr889,CASTEP,loddw6wwSbKmyTgsHuX6PQ/benzene_rotation_x/angle_2/sites/4/case_elnes.elnes,0,error,FileNotFoundError,0,0
cclib,zs4_TvFw8MI-PFlNF9p2OFjFr889,CASTEP,loddw6wwSbKmyTgsHuX6PQ/benzene_rotation_x/angle_2/sites/4/case_elnes.paw,0,error,FileNotFoundError,0,0
cclib,zs4_TvFw8MI-PFlNF9p2OFjFr889,CASTEP,loddw6wwSbKmyTgsHuX6PQ/benzene_rotation_x/angle_2/sites/4/case_gs.bands,0,error,FileNotFoundError,0,0
cclib,zs4_TvFw8MI-PFlNF9p2OFjFr889,CASTEP,loddw6wwSbKmyTgsHuX6PQ/benzene_rotation_x/angle_2/sites/4/case_gs.bib,0,error,FileNotFoundError,0,0
cclib,zs4_TvFw8MI-PFlNF9p2OFjFr889,CASTEP,loddw6wwSbKmyTgsHuX6PQ/benzene_rotation_x/angle_2/sites/4/case_gs.castep,1,error,FileNotFoundError,0,0
cclib,zs4_TvFw8MI-PFlNF9p2OFjFr889,CASTEP,loddw6wwSbKmyTgsHuX6PQ/benzene_rotation_x/angle_2/sites/4/case_elnes.uncorr,0,error,FileNotFoundError,0,0
cclib,zs4_TvFw8MI-PFlNF9p2OFjFr889,CASTEP,loddw6wwSbKmyTgsHuX6PQ/benzene_rotation_x/angle_2/sites/4/case_gs.cell,0,error,FileNotFoundError,0,0
cclib,zs4_TvFw8MI-PFlNF9p2OFjFr889,CASTEP,loddw6wwSbKmyTgsHuX6PQ/benzene_rotation_x/angle_2/sites/4/case.check,0,timeout,HardTimeout,0,0
cclib,zs4_TvFw8MI-PFlNF9p2OFjFr889,CASTEP,loddw6wwSbKmyTgsHuX6PQ/benzene_rotation_x/angle_2/sites/4/case.cst_esp,0,timeout,HardTimeout,0,0
cclib,zs4_TvFw8MI-PFlNF9p2OFjFr889,CASTEP,loddw6wwSbKmyTgsHuX6PQ/benzene_rotation_x/angle_2/sites/4/case.castep_bin,0,timeout,HardTimeout,0,0
cclib,zs4_TvFw8MI-PFlNF9p2OFjFr889,CASTEP,loddw6wwSbKmyTgsHuX6PQ/benzene_rotation_x/angle_2/sites/4/case_elnes.check,0,error,FileNotFoundError,0,0
cclib,zs4_TvFw8MI-PFlNF9p2OFjFr889,CASTEP,loddw6wwSbKmyTgsHuX6PQ/benzene_rotation_x/angle_2/sites/4/case_elnes.cst_esp,0,error,FileNotFoundError,0,0
cclib,ztbeMA28ILtxhTRp_mnCXhJYSARd,Gaussian,fc2yNy-pQG2J5fqcRs99tA/generate_c11_c12_dataset/run_calculations/6245/input_smiles.txt,0,error,FileNotFoundError,0,0
cclib,zy4IYoQrBIAhxVxhYIhHJiaNRnja,CASTEP,loddw6wwSbKmyTgsHuX6PQ/benzene_rotation_x/angle_1/sites/6/ELNES.param,0,error,FileNotFoundError,0,0
cclib,zs4_TvFw8MI-PFlNF9p2OFjFr889,CASTEP,loddw6wwSbKmyTgsHuX6PQ/benzene_rotation_x/angle_2/sites/4/case_gs.param,0,error,FileNotFoundError,0,0
cclib,zy4IYoQrBIAhxVxhYIhHJiaNRnja,CASTEP,loddw6wwSbKmyTgsHuX6PQ/benzene_rotation_x/angle_1/sites/6/case.bands,0,error,FileNotFoundError,0,0
cclib,ztbeMA28ILtxhTRp_mnCXhJYSARd,Gaussian,fc2yNy-pQG2J5fqcRs99tA/generate_c11_c12_dataset/run_calculations/6245/molecule.mol,0,error,FileNotFoundError,0,0
cclib,ztbeMA28ILtxhTRp_mnCXhJYSARd,Gaussian,fc2yNy-pQG2J5fqcRs99tA/generate_c11_c12_dataset/run_calculations/6245/input.gjf,0,error,FileNotFoundError,0,0
cclib,zy4IYoQrBIAhxVxhYIhHJiaNRnja,CASTEP,loddw6wwSbKmyTgsHuX6PQ/benzene_rotation_x/angle_1/sites/6/case.bib,0,error,FileNotFoundError,0,0
cclib,zy4IYoQrBIAhxVxhYIhHJiaNRnja,CASTEP,loddw6wwSbKmyTgsHuX6PQ/benzene_rotation_x/angle_1/sites/6/case.cell,0,error,FileNotFoundError,0,0
cclib,zy4IYoQrBIAhxVxhYIhHJiaNRnja,CASTEP,loddw6wwSbKmyTgsHuX6PQ/benzene_rotation_x/angle_1/sites/6/case.castep,1,error,FileNotFoundError,0,0
cclib,zy4IYoQrBIAhxVxhYIhHJiaNRnja,CASTEP,loddw6wwSbKmyTgsHuX6PQ/benzene_rotation_x/angle_1/sites/6/case.param,0,error,FileNotFoundError,0,0
cclib,zy4IYoQrBIAhxVxhYIhHJiaNRnja,CASTEP,loddw6wwSbKmyTgsHuX6PQ/benzene_rotation_x/angle_1/sites/6/case_elnes.bands,0,error,FileNotFoundError,0,0
cclib,zy4IYoQrBIAhxVxhYIhHJiaNRnja,CASTEP,loddw6wwSbKmyTgsHuX6PQ/benzene_rotation_x/angle_1/sites/6/case_elnes.bib,0,error,FileNotFoundError,0,0
cclib,zy4IYoQrBIAhxVxhYIhHJiaNRnja,CASTEP,loddw6wwSbKmyTgsHuX6PQ/benzene_rotation_x/angle_1/sites/6/case_elnes.castep,0,error,FileNotFoundError,0,0
cclib,zs4_TvFw8MI-PFlNF9p2OFjFr889,CASTEP,loddw6wwSbKmyTgsHuX6PQ/benzene_rotation_x/angle_2/sites/4/case_gs.castep_bin,0,error,FileNotFoundError,0,0
cclib,zy4IYoQrBIAhxVxhYIhHJiaNRnja,CASTEP,loddw6wwSbKmyTgsHuX6PQ/benzene_rotation_x/angle_1/sites/6/case_elnes.cell,0,error,FileNotFoundError,0,0
cclib,zs4_TvFw8MI-PFlNF9p2OFjFr889,CASTEP,loddw6wwSbKmyTgsHuX6PQ/benzene_rotation_x/angle_2/sites/4/case_elnes.castep_bin,0,timeout,HardTimeout,0,0
cclib,zs4_TvFw8MI-PFlNF9p2OFjFr889,CASTEP,loddw6wwSbKmyTgsHuX6PQ/benzene_rotation_x/angle_2/sites/4/case_gs.cst_esp,0,error,FileNotFoundError,0,0
cclib,zy4IYoQrBIAhxVxhYIhHJiaNRnja,CASTEP,loddw6wwSbKmyTgsHuX6PQ/benzene_rotation_x/angle_1/sites/6/case.castep_bin,0,error,FileNotFoundError,0,0
cclib,zy4IYoQrBIAhxVxhYIhHJiaNRnja,CASTEP,loddw6wwSbKmyTgsHuX6PQ/benzene_rotation_x/angle_1/sites/6/case.cst_esp,0,error,FileNotFoundError,0,0
cclib,zy4IYoQrBIAhxVxhYIhHJiaNRnja,CASTEP,loddw6wwSbKmyTgsHuX6PQ/benzene_rotation_x/angle_1/sites/6/case_elnes.param,0,error,FileNotFoundError,0,0
cclib,zy4IYoQrBIAhxVxhYIhHJiaNRnja,CASTEP,loddw6wwSbKmyTgsHuX6PQ/benzene_rotation_x/angle_1/sites/6/case_elnes.castep_bin,0,error,FileNotFoundError,0,0
cclib,zy4IYoQrBIAhxVxhYIhHJiaNRnja,CASTEP,loddw6wwSbKmyTgsHuX6PQ/benzene_rotation_x/angle_1/sites/6/case_elnes.eels_mat,0,error,FileNotFoundError,0,0
cclib,zy4IYoQrBIAhxVxhYIhHJiaNRnja,CASTEP,loddw6wwSbKmyTgsHuX6PQ/benzene_rotation_x/angle_1/sites/6/case_gs.bands,0,error,FileNotFoundError,0,0
cclib,zy4IYoQrBIAhxVxhYIhHJiaNRnja,CASTEP,loddw6wwSbKmyTgsHuX6PQ/benzene_rotation_x/angle_1/sites/6/case_gs.bib,0,error,FileNotFoundError,0,0
cclib,zy4IYoQrBIAhxVxhYIhHJiaNRnja,CASTEP,loddw6wwSbKmyTgsHuX6PQ/benzene_rotation_x/angle_1/sites/6/case_gs.castep,0,error,FileNotFoundError,0,0
cclib,zy4IYoQrBIAhxVxhYIhHJiaNRnja,CASTEP,loddw6wwSbKmyTgsHuX6PQ/benzene_rotation_x/angle_1/sites/6/case_elnes.elnes,0,error,FileNotFoundError,0,0
cclib,zy4IYoQrBIAhxVxhYIhHJiaNRnja,CASTEP,loddw6wwSbKmyTgsHuX6PQ/benzene_rotation_x/angle_1/sites/6/case_gs.cell,0,error,FileNotFoundError,0,0
cclib,zy4IYoQrBIAhxVxhYIhHJiaNRnja,CASTEP,loddw6wwSbKmyTgsHuX6PQ/benzene_rotation_x/angle_1/sites/6/case_elnes.uncorr,0,error,FileNotFoundError,0,0
cclib,zy4IYoQrBIAhxVxhYIhHJiaNRnja,CASTEP,loddw6wwSbKmyTgsHuX6PQ/benzene_rotation_x/angle_1/sites/6/case_elnes.paw,0,error,FileNotFoundError,0,0
cclib,zy4IYoQrBIAhxVxhYIhHJiaNRnja,CASTEP,loddw6wwSbKmyTgsHuX6PQ/benzene_rotation_x/angle_1/sites/6/case_gs.param,0,error,FileNotFoundError,0,0
gaussian,-VzNnlku0TtqTklbRuDgiXVT795E,exciting,lO1jlxxeRKKURy4Fgso_oQ/Sn2Se/1/BAND.OUT,0,empty,,0,0
gaussian,-VzNnlku0TtqTklbRuDgiXVT795E,exciting,lO1jlxxeRKKURy4Fgso_oQ/Sn2Se/1/BANDLINES.OUT,0,empty,,0,0
gaussian,-VzNnlku0TtqTklbRuDgiXVT795E,exciting,lO1jlxxeRKKURy4Fgso_oQ/Sn2Se/1/BONDLENGTH.OUT,0,empty,,0,0
gaussian,-VzNnlku0TtqTklbRuDgiXVT795E,exciting,lO1jlxxeRKKURy4Fgso_oQ/Sn2Se/1/DFSCFMAX.OUT,0,empty,,0,0
gaussian,-VzNnlku0TtqTklbRuDgiXVT795E,exciting,lO1jlxxeRKKURy4Fgso_oQ/Sn2Se/1/EFERMI.OUT,0,empty,,0,0
gaussian,-VzNnlku0TtqTklbRuDgiXVT795E,exciting,lO1jlxxeRKKURy4Fgso_oQ/Sn2Se/1/EIGVAL.OUT,0,empty,,0,0
gaussian,-VzNnlku0TtqTklbRuDgiXVT795E,exciting,lO1jlxxeRKKURy4Fgso_oQ/Sn2Se/1/EQATOMS.OUT,0,empty,,0,0
gaussian,-VzNnlku0TtqTklbRuDgiXVT795E,exciting,lO1jlxxeRKKURy4Fgso_oQ/Sn2Se/1/EVALCORE.OUT,0,empty,,0,0
gaussian,-VzNnlku0TtqTklbRuDgiXVT795E,exciting,lO1jlxxeRKKURy4Fgso_oQ/Sn2Se/1/INFO_GS.OUT,1,empty,,0,0
gaussian,-VzNnlku0TtqTklbRuDgiXVT795E,exciting,lO1jlxxeRKKURy4Fgso_oQ/Sn2Se/1/KPOINTS.OUT,0,empty,,0,0
gaussian,-VzNnlku0TtqTklbRuDgiXVT795E,exciting,lO1jlxxeRKKURy4Fgso_oQ/Sn2Se/1/LATTICE.OUT,0,empty,,0,0
gaussian,-VzNnlku0TtqTklbRuDgiXVT795E,exciting,lO1jlxxeRKKURy4Fgso_oQ/Sn2Se/1/LINENGY.OUT,0,empty,,0,0
gaussian,-VzNnlku0TtqTklbRuDgiXVT795E,exciting,lO1jlxxeRKKURy4Fgso_oQ/Sn2Se/1/RMSDVEFF.OUT,0,empty,,0,0
gaussian,-VzNnlku0TtqTklbRuDgiXVT795E,exciting,lO1jlxxeRKKURy4Fgso_oQ/Sn2Se/1/SYMCRYS.OUT,0,empty,,0,0
gaussian,-VzNnlku0TtqTklbRuDgiXVT795E,exciting,lO1jlxxeRKKURy4Fgso_oQ/Sn2Se/1/SYMGENR.OUT,0,empty,,0,0
gaussian,-VzNnlku0TtqTklbRuDgiXVT795E,exciting,lO1jlxxeRKKURy4Fgso_oQ/Sn2Se/1/SYMINV.OUT,0,empty,,0,0
gaussian,-VzNnlku0TtqTklbRuDgiXVT795E,exciting,lO1jlxxeRKKURy4Fgso_oQ/Sn2Se/1/SYMLAT.OUT,0,empty,,0,0
gaussian,-VzNnlku0TtqTklbRuDgiXVT795E,exciting,lO1jlxxeRKKURy4Fgso_oQ/Sn2Se/1/SYMMULT.OUT,0,empty,,0,0
gaussian,-VzNnlku0TtqTklbRuDgiXVT795E,exciting,lO1jlxxeRKKURy4Fgso_oQ/Sn2Se/1/SYMSITE.OUT,0,empty,,0,0
gaussian,-VzNnlku0TtqTklbRuDgiXVT795E,exciting,lO1jlxxeRKKURy4Fgso_oQ/Sn2Se/1/SYMT2.OUT,0,empty,,0,0
gaussian,-VzNnlku0TtqTklbRuDgiXVT795E,exciting,lO1jlxxeRKKURy4Fgso_oQ/Sn2Se/1/Se_ini.xml,0,empty,,0,0
gaussian,-VzNnlku0TtqTklbRuDgiXVT795E,exciting,lO1jlxxeRKKURy4Fgso_oQ/Sn2Se/1/Se_scf.xml,0,empty,,0,0
gaussian,-VzNnlku0TtqTklbRuDgiXVT795E,exciting,lO1jlxxeRKKURy4Fgso_oQ/Sn2Se/1/Sn_ini.xml,0,empty,,0,0
gaussian,-VzNnlku0TtqTklbRuDgiXVT795E,exciting,lO1jlxxeRKKURy4Fgso_oQ/Sn2Se/1/Sn_scf.xml,0,empty,,0,0
gaussian,-VzNnlku0TtqTklbRuDgiXVT795E,exciting,lO1jlxxeRKKURy4Fgso_oQ/Sn2Se/1/TOTENERGY.OUT,0,empty,,0,0
gaussian,-VzNnlku0TtqTklbRuDgiXVT795E,exciting,lO1jlxxeRKKURy4Fgso_oQ/Sn2Se/1/atoms.xml,0,empty,,0,0
gaussian,-VzNnlku0TtqTklbRuDgiXVT795E,exciting,lO1jlxxeRKKURy4Fgso_oQ/Sn2Se/1/bandstructure.dat,0,empty,,0,0
gaussian,-VzNnlku0TtqTklbRuDgiXVT795E,exciting,lO1jlxxeRKKURy4Fgso_oQ/Sn2Se/1/bandstructure.xml,0,empty,,0,0
gaussian,-VzNnlku0TtqTklbRuDgiXVT795E,exciting,lO1jlxxeRKKURy4Fgso_oQ/Sn2Se/1/geometry.xml,0,empty,,0,0
gaussian,-VzNnlku0TtqTklbRuDgiXVT795E,exciting,lO1jlxxeRKKURy4Fgso_oQ/Sn2Se/1/go,0,empty,,0,0
gaussian,-VzNnlku0TtqTklbRuDgiXVT795E,exciting,lO1jlxxeRKKURy4Fgso_oQ/Sn2Se/1/info.xml,0,empty,,0,0
gaussian,-VzNnlku0TtqTklbRuDgiXVT795E,exciting,lO1jlxxeRKKURy4Fgso_oQ/Sn2Se/1/input_GS.xml,0,empty,,0,0
gaussian,5ENjXmFFad2r1UIwkBfqZDMxbA0B,LAMMPS,mwKkPSBPTxyCgUfPHXXkhw/scratch/09487/znamenski/W90x90/W90x90.e1328944,0,empty,,0,0
gaussian,5ENjXmFFad2r1UIwkBfqZDMxbA0B,LAMMPS,mwKkPSBPTxyCgUfPHXXkhw/scratch/09487/znamenski/W90x90/W90x90.lmp,0,empty,,0,0
gaussian,5ENjXmFFad2r1UIwkBfqZDMxbA0B,LAMMPS,mwKkPSBPTxyCgUfPHXXkhw/scratch/09487/znamenski/W90x90/W90x90.log,0,empty,,0,0
gaussian,5ENjXmFFad2r1UIwkBfqZDMxbA0B,LAMMPS,mwKkPSBPTxyCgUfPHXXkhw/scratch/09487/znamenski/W90x90/W90x90.o1328944,0,empty,,0,0
gaussian,5ENjXmFFad2r1UIwkBfqZDMxbA0B,LAMMPS,mwKkPSBPTxyCgUfPHXXkhw/scratch/09487/znamenski/W90x90/W90x90.sh,0,empty,,0,0
gaussian,5ENjXmFFad2r1UIwkBfqZDMxbA0B,LAMMPS,mwKkPSBPTxyCgUfPHXXkhw/scratch/09487/znamenski/W90x90/log.lammps,1,empty,,0,0
gaussian,5GwBxvrAu6rOURCUdFugR96W3Fv2,WIEN2k,8CgjZq8tT6Wk_qw_N8qw7w/ZnSe/2/ZnSe_ZB.scf,1,empty,,0,0
gaussian,5GwBxvrAu6rOURCUdFugR96W3Fv2,WIEN2k,8CgjZq8tT6Wk_qw_N8qw7w/ZnSe/2/ZnSe_ZB.struct,0,empty,,0,0
gaussian,8_uFGZM2WmGcJhXtDZ7O8-Imnnxj,WIEN2k,lO1jlxxeRKKURy4Fgso_oQ/ZnSe/2/ZnSe_ZB.scf,1,empty,,0,0
gaussian,8_uFGZM2WmGcJhXtDZ7O8-Imnnxj,WIEN2k,lO1jlxxeRKKURy4Fgso_oQ/ZnSe/2/ZnSe_ZB.struct,0,empty,,0,0
gaussian,9IH2u4pYPkh3uJjwX0TrUQOrUAuF,ABINIT,bOymleKaQgOAyWEI61EIpQ/bandstructure/relax/C.psp8,0,empty,,0,0
gaussian,9IH2u4pYPkh3uJjwX0TrUQOrUAuF,ABINIT,bOymleKaQgOAyWEI61EIpQ/bandstructure/relax/error_6060039.out,0,empty,,0,0
gaussian,9IH2u4pYPkh3uJjwX0TrUQOrUAuF,ABINIT,bOymleKaQgOAyWEI61EIpQ/bandstructure/relax/graphene.files,0,empty,,0,0
gaussian,9IH2u4pYPkh3uJjwX0TrUQOrUAuF,ABINIT,bOymleKaQgOAyWEI61EIpQ/bandstructure/relax/graphene.in,0,empty,,0,0
gaussian,9IH2u4pYPkh3uJjwX0TrUQOrUAuF,ABINIT,bOymleKaQgOAyWEI61EIpQ/bandstructure/relax/graphene.out,1,empty,,0,0
gaussian,9IH2u4pYPkh3uJjwX0TrUQOrUAuF,ABINIT,bOymleKaQgOAyWEI61EIpQ/bandstructure/relax/graphene_o_DS1_DDB,0,empty,,0,0
gaussian,9IH2u4pYPkh3uJjwX0TrUQOrUAuF,ABINIT,bOymleKaQgOAyWEI61EIpQ/bandstructure/relax/graphene_o_DS1_EBANDS.agr,0,empty,,0,0
gaussian,9IH2u4pYPkh3uJjwX0TrUQOrUAuF,ABINIT,bOymleKaQgOAyWEI61EIpQ/bandstructure/relax/graphene_o_DS1_EIG,0,empty,,0,0
gaussian,9IH2u4pYPkh3uJjwX0TrUQOrUAuF,ABINIT,bOymleKaQgOAyWEI61EIpQ/bandstructure/relax/graphene_o_DS1_EIG.nc,0,empty,,0,0
gaussian,9IH2u4pYPkh3uJjwX0TrUQOrUAuF,ABINIT,bOymleKaQgOAyWEI61EIpQ/bandstructure/relax/graphene_o_DS1_GSR.nc,0,empty,,0,0
gaussian,9IH2u4pYPkh3uJjwX0TrUQOrUAuF,ABINIT,bOymleKaQgOAyWEI61EIpQ/bandstructure/relax/graphene_o_DS1_HIST.nc,0,empty,,0,0
gaussian,9IH2u4pYPkh3uJjwX0TrUQOrUAuF,ABINIT,bOymleKaQgOAyWEI61EIpQ/bandstructure/relax/graphene_o_DS1_WFK,0,empty,,0,0
gaussian,9IH2u4pYPkh3uJjwX0TrUQOrUAuF,ABINIT,bOymleKaQgOAyWEI61EIpQ/bandstructure/relax/graphene_o_OUT.nc,0,empty,,0,0
gaussian,9IH2u4pYPkh3uJjwX0TrUQOrUAuF,ABINIT,bOymleKaQgOAyWEI61EIpQ/bandstructure/relax/output_6060039.out,0,empty,,0,0
gaussian,9IH2u4pYPkh3uJjwX0TrUQOrUAuF,ABINIT,bOymleKaQgOAyWEI61EIpQ/bandstructure/relax/submit.sh,0,empty,,0,0
gaussian,9IH2u4pYPkh3uJjwX0TrUQOrUAuF,ABINIT,bOymleKaQgOAyWEI61EIpQ/bandstructure/relax/w90.win,0,empty,,0,0
gaussian,CTp61euc_JBq5kMTN3ZCuVSBqINj,exciting,8CgjZq8tT6Wk_qw_N8qw7w/Sn2Se/1/BAND.OUT,0,empty,,0,0
gaussian,CTp61euc_JBq5kMTN3ZCuVSBqINj,exciting,8CgjZq8tT6Wk_qw_N8qw7w/Sn2Se/1/BANDLINES.OUT,0,empty,,0,0
gaussian,CTp61euc_JBq5kMTN3ZCuVSBqINj,exciting,8CgjZq8tT6Wk_qw_N8qw7w/Sn2Se/1/BONDLENGTH.OUT,0,empty,,0,0
gaussian,CTp61euc_JBq5kMTN3ZCuVSBqINj,exciting,8CgjZq8tT6Wk_qw_N8qw7w/Sn2Se/1/DFSCFMAX.OUT,0,empty,,0,0
gaussian,CTp61euc_JBq5kMTN3ZCuVSBqINj,exciting,8CgjZq8tT6Wk_qw_N8qw7w/Sn2Se/1/EFERMI.OUT,0,empty,,0,0
cclib,zs4_TvFw8MI-PFlNF9p2OFjFr889,CASTEP,loddw6wwSbKmyTgsHuX6PQ/benzene_rotation_x/angle_2/sites/4/case_gs.check,0,timeout,HardTimeout,0,0
gaussian,CTp61euc_JBq5kMTN3ZCuVSBqINj,exciting,8CgjZq8tT6Wk_qw_N8qw7w/Sn2Se/1/EQATOMS.OUT,0,empty,,0,0
gaussian,CTp61euc_JBq5kMTN3ZCuVSBqINj,exciting,8CgjZq8tT6Wk_qw_N8qw7w/Sn2Se/1/EVALCORE.OUT,0,empty,,0,0
gaussian,CTp61euc_JBq5kMTN3ZCuVSBqINj,exciting,8CgjZq8tT6Wk_qw_N8qw7w/Sn2Se/1/INFO_GS.OUT,1,empty,,0,0
gaussian,CTp61euc_JBq5kMTN3ZCuVSBqINj,exciting,8CgjZq8tT6Wk_qw_N8qw7w/Sn2Se/1/KPOINTS.OUT,0,empty,,0,0
gaussian,CTp61euc_JBq5kMTN3ZCuVSBqINj,exciting,8CgjZq8tT6Wk_qw_N8qw7w/Sn2Se/1/LATTICE.OUT,0,empty,,0,0
gaussian,CTp61euc_JBq5kMTN3ZCuVSBqINj,exciting,8CgjZq8tT6Wk_qw_N8qw7w/Sn2Se/1/LINENGY.OUT,0,empty,,0,0
gaussian,CTp61euc_JBq5kMTN3ZCuVSBqINj,exciting,8CgjZq8tT6Wk_qw_N8qw7w/Sn2Se/1/RMSDVEFF.OUT,0,empty,,0,0
gaussian,CTp61euc_JBq5kMTN3ZCuVSBqINj,exciting,8CgjZq8tT6Wk_qw_N8qw7w/Sn2Se/1/SYMCRYS.OUT,0,empty,,0,0
gaussian,CTp61euc_JBq5kMTN3ZCuVSBqINj,exciting,8CgjZq8tT6Wk_qw_N8qw7w/Sn2Se/1/SYMGENR.OUT,0,empty,,0,0
gaussian,CTp61euc_JBq5kMTN3ZCuVSBqINj,exciting,8CgjZq8tT6Wk_qw_N8qw7w/Sn2Se/1/SYMINV.OUT,0,empty,,0,0
gaussian,CTp61euc_JBq5kMTN3ZCuVSBqINj,exciting,8CgjZq8tT6Wk_qw_N8qw7w/Sn2Se/1/SYMLAT.OUT,0,empty,,0,0
gaussian,CTp61euc_JBq5kMTN3ZCuVSBqINj,exciting,8CgjZq8tT6Wk_qw_N8qw7w/Sn2Se/1/SYMMULT.OUT,0,empty,,0,0
gaussian,CTp61euc_JBq5kMTN3ZCuVSBqINj,exciting,8CgjZq8tT6Wk_qw_N8qw7w/Sn2Se/1/SYMSITE.OUT,0,empty,,0,0
gaussian,CTp61euc_JBq5kMTN3ZCuVSBqINj,exciting,8CgjZq8tT6Wk_qw_N8qw7w/Sn2Se/1/SYMT2.OUT,0,empty,,0,0
gaussian,CTp61euc_JBq5kMTN3ZCuVSBqINj,exciting,8CgjZq8tT6Wk_qw_N8qw7w/Sn2Se/1/Se_ini.xml,0,empty,,0,0
gaussian,CTp61euc_JBq5kMTN3ZCuVSBqINj,exciting,8CgjZq8tT6Wk_qw_N8qw7w/Sn2Se/1/Se_scf.xml,0,empty,,0,0
gaussian,CTp61euc_JBq5kMTN3ZCuVSBqINj,exciting,8CgjZq8tT6Wk_qw_N8qw7w/Sn2Se/1/Sn_ini.xml,0,empty,,0,0
gaussian,CTp61euc_JBq5kMTN3ZCuVSBqINj,exciting,8CgjZq8tT6Wk_qw_N8qw7w/Sn2Se/1/Sn_scf.xml,0,empty,,0,0
gaussian,CTp61euc_JBq5kMTN3ZCuVSBqINj,exciting,8CgjZq8tT6Wk_qw_N8qw7w/Sn2Se/1/TOTENERGY.OUT,0,empty,,0,0
gaussian,CTp61euc_JBq5kMTN3ZCuVSBqINj,exciting,8CgjZq8tT6Wk_qw_N8qw7w/Sn2Se/1/atoms.xml,0,empty,,0,0
gaussian,CTp61euc_JBq5kMTN3ZCuVSBqINj,exciting,8CgjZq8tT6Wk_qw_N8qw7w/Sn2Se/1/bandstructure.dat,0,empty,,0,0
gaussian,CTp61euc_JBq5kMTN3ZCuVSBqINj,exciting,8CgjZq8tT6Wk_qw_N8qw7w/Sn2Se/1/bandstructure.xml,0,empty,,0,0
gaussian,CTp61euc_JBq5kMTN3ZCuVSBqINj,exciting,8CgjZq8tT6Wk_qw_N8qw7w/Sn2Se/1/geometry.xml,0,empty,,0,0
gaussian,CTp61euc_JBq5kMTN3ZCuVSBqINj,exciting,8CgjZq8tT6Wk_qw_N8qw7w/Sn2Se/1/go,0,empty,,0,0
gaussian,CTp61euc_JBq5kMTN3ZCuVSBqINj,exciting,8CgjZq8tT6Wk_qw_N8qw7w/Sn2Se/1/info.xml,0,empty,,0,0
gaussian,CTp61euc_JBq5kMTN3ZCuVSBqINj,exciting,8CgjZq8tT6Wk_qw_N8qw7w/Sn2Se/1/input_GS.xml,0,empty,,0,0
gaussian,GIgds3tnt7Y4G7S06OJySAN63ubH,VASP,PVFd-ql-QnGWZAzklz5MYQ/ldau65/scf/CHG,0,empty,,0,0
gaussian,GIgds3tnt7Y4G7S06OJySAN63ubH,VASP,PVFd-ql-QnGWZAzklz5MYQ/ldau65/scf/CHGCAR,0,empty,,0,0
gaussian,GIgds3tnt7Y4G7S06OJySAN63ubH,VASP,PVFd-ql-QnGWZAzklz5MYQ/ldau65/scf/CONTCAR,0,empty,,0,0
gaussian,GIgds3tnt7Y4G7S06OJySAN63ubH,VASP,PVFd-ql-QnGWZAzklz5MYQ/ldau65/scf/DOSCAR,0,empty,,0,0
gaussian,GIgds3tnt7Y4G7S06OJySAN63ubH,VASP,PVFd-ql-QnGWZAzklz5MYQ/ldau65/scf/EIGENVAL,0,empty,,0,0
gaussian,GIgds3tnt7Y4G7S06OJySAN63ubH,VASP,PVFd-ql-QnGWZAzklz5MYQ/ldau65/scf/IBZKPT,0,empty,,0,0
gaussian,GIgds3tnt7Y4G7S06OJySAN63ubH,VASP,PVFd-ql-QnGWZAzklz5MYQ/ldau65/scf/INCAR,0,empty,,0,0
gaussian,GIgds3tnt7Y4G7S06OJySAN63ubH,VASP,PVFd-ql-QnGWZAzklz5MYQ/ldau65/scf/KPOINTS,0,empty,,0,0
gaussian,GIgds3tnt7Y4G7S06OJySAN63ubH,VASP,PVFd-ql-QnGWZAzklz5MYQ/ldau65/scf/OSZICAR,0,empty,,0,0
gaussian,GIgds3tnt7Y4G7S06OJySAN63ubH,VASP,PVFd-ql-QnGWZAzklz5MYQ/ldau65/scf/OUTCAR,0,empty,,0,0
gaussian,GIgds3tnt7Y4G7S06OJySAN63ubH,VASP,PVFd-ql-QnGWZAzklz5MYQ/ldau65/scf/PCDAT,0,empty,,0,0
gaussian,GIgds3tnt7Y4G7S06OJySAN63ubH,VASP,PVFd-ql-QnGWZAzklz5MYQ/ldau65/scf/POSCAR,0,empty,,0,0
gaussian,GIgds3tnt7Y4G7S06OJySAN63ubH,VASP,PVFd-ql-QnGWZAzklz5MYQ/ldau65/scf/POTCAR.stripped,0,empty,,0,0
gaussian,GIgds3tnt7Y4G7S06OJySAN63ubH,VASP,PVFd-ql-QnGWZAzklz5MYQ/ldau65/scf/REPORT,0,empty,,0,0
gaussian,GIgds3tnt7Y4G7S06OJySAN63ubH,VASP,PVFd-ql-QnGWZAzklz5MYQ/ldau65/scf/XDATCAR,0,empty,,0,0
gaussian,GIgds3tnt7Y4G7S06OJySAN63ubH,VASP,PVFd-ql-QnGWZAzklz5MYQ/ldau65/scf/slurm-1453997.out,0,empty,,0,0
gaussian,GIgds3tnt7Y4G7S06OJySAN63ubH,VASP,PVFd-ql-QnGWZAzklz5MYQ/ldau65/scf/vasp.sh,0,empty,,0,0
gaussian,GIgds3tnt7Y4G7S06OJySAN63ubH,VASP,PVFd-ql-QnGWZAzklz5MYQ/ldau65/scf/vasprun.xml,1,empty,,0,0
gaussian,KOz5MBCBTBUOdBP20bX7zMiw6Fe4,Octopus,QCoX1W2NRPeX4Rz3iEfaPw/convergence,0,empty,,0,0
gaussian,KOz5MBCBTBUOdBP20bX7zMiw6Fe4,Octopus,QCoX1W2NRPeX4Rz3iEfaPw/eigenvalues,0,empty,,0,0
gaussian,KOz5MBCBTBUOdBP20bX7zMiw6Fe4,Octopus,QCoX1W2NRPeX4Rz3iEfaPw/inp,0,empty,,0,0
gaussian,KOz5MBCBTBUOdBP20bX7zMiw6Fe4,Octopus,QCoX1W2NRPeX4Rz3iEfaPw/ks_me_dipole.k1_x,0,empty,,0,0
gaussian,KOz5MBCBTBUOdBP20bX7zMiw6Fe4,Octopus,QCoX1W2NRPeX4Rz3iEfaPw/ks_me_dipole.k1_y,0,empty,,0,0
gaussian,KOz5MBCBTBUOdBP20bX7zMiw6Fe4,Octopus,QCoX1W2NRPeX4Rz3iEfaPw/ks_me_dipole.k1_z,0,empty,,0,0
gaussian,KOz5MBCBTBUOdBP20bX7zMiw6Fe4,Octopus,QCoX1W2NRPeX4Rz3iEfaPw/output.out,1,empty,,0,0
gaussian,N5IbCCIsCp3TgTM-zQLcXZIWlCcH,Gaussian,JPGMC2nNT1WHZrEPw_chUw/Calculations/Gaussian09/Minima Optimization/Water/H2O.chk,0,empty,,0,0
gaussian,N5IbCCIsCp3TgTM-zQLcXZIWlCcH,Gaussian,JPGMC2nNT1WHZrEPw_chUw/Calculations/Gaussian09/Minima Optimization/Water/H2O.err,0,empty,,0,0
gaussian,N5IbCCIsCp3TgTM-zQLcXZIWlCcH,Gaussian,JPGMC2nNT1WHZrEPw_chUw/Calculations/Gaussian09/Minima Optimization/Water/H2O.gjf,0,empty,,0,0
gaussian,N5IbCCIsCp3TgTM-zQLcXZIWlCcH,Gaussian,JPGMC2nNT1WHZrEPw_chUw/Calculations/Gaussian09/Minima Optimization/Water/H2O.log,1,success,,1,1
gaussian,N5IbCCIsCp3TgTM-zQLcXZIWlCcH,Gaussian,JPGMC2nNT1WHZrEPw_chUw/Calculations/Gaussian09/Minima Optimization/Water/H2O.out,0,empty,,0,0
gaussian,NBOCe85s8_8stAsSeav4Do7FGiPs,LAMMPS,mwKkPSBPTxyCgUfPHXXkhw/scratch/09487/znamenski/W64x64/W64x64.e1328804,0,empty,,0,0
gaussian,NBOCe85s8_8stAsSeav4Do7FGiPs,LAMMPS,mwKkPSBPTxyCgUfPHXXkhw/scratch/09487/znamenski/W64x64/W64x64.e1328824,0,empty,,0,0
gaussian,NBOCe85s8_8stAsSeav4Do7FGiPs,LAMMPS,mwKkPSBPTxyCgUfPHXXkhw/scratch/09487/znamenski/W64x64/W64x64.e1328839,0,empty,,0,0
gaussian,NBOCe85s8_8stAsSeav4Do7FGiPs,LAMMPS,mwKkPSBPTxyCgUfPHXXkhw/scratch/09487/znamenski/W64x64/W64x64.lmp,0,empty,,0,0
gaussian,NBOCe85s8_8stAsSeav4Do7FGiPs,LAMMPS,mwKkPSBPTxyCgUfPHXXkhw/scratch/09487/znamenski/W64x64/W64x64.log,0,empty,,0,0
gaussian,NBOCe85s8_8stAsSeav4Do7FGiPs,LAMMPS,mwKkPSBPTxyCgUfPHXXkhw/scratch/09487/znamenski/W64x64/W64x64.o1328804,0,empty,,0,0
gaussian,NBOCe85s8_8stAsSeav4Do7FGiPs,LAMMPS,mwKkPSBPTxyCgUfPHXXkhw/scratch/09487/znamenski/W64x64/W64x64.o1328824,0,empty,,0,0
gaussian,NBOCe85s8_8stAsSeav4Do7FGiPs,LAMMPS,mwKkPSBPTxyCgUfPHXXkhw/scratch/09487/znamenski/W64x64/W64x64.o1328839,0,empty,,0,0
gaussian,NBOCe85s8_8stAsSeav4Do7FGiPs,LAMMPS,mwKkPSBPTxyCgUfPHXXkhw/scratch/09487/znamenski/W64x64/W64x64.sh,0,empty,,0,0
gaussian,NBOCe85s8_8stAsSeav4Do7FGiPs,LAMMPS,mwKkPSBPTxyCgUfPHXXkhw/scratch/09487/znamenski/W64x64/log.lammps,1,empty,,0,0
gaussian,NcjV1wLuShzcKbCQNyx9WYfgl-sj,FHI-aims,s7RWKK2cTgmBh_c5sD9m7A/MoS2/Vac/intermediate/11geo.in,0,empty,,0,0
gaussian,NcjV1wLuShzcKbCQNyx9WYfgl-sj,FHI-aims,s7RWKK2cTgmBh_c5sD9m7A/MoS2/Vac/intermediate/aims.out,1,empty,,0,0
gaussian,NcjV1wLuShzcKbCQNyx9WYfgl-sj,FHI-aims,s7RWKK2cTgmBh_c5sD9m7A/MoS2/Vac/intermediate/control.in,0,empty,,0,0
gaussian,NcjV1wLuShzcKbCQNyx9WYfgl-sj,FHI-aims,s7RWKK2cTgmBh_c5sD9m7A/MoS2/Vac/intermediate/geometry.in,0,empty,,0,0
gaussian,NcjV1wLuShzcKbCQNyx9WYfgl-sj,FHI-aims,s7RWKK2cTgmBh_c5sD9m7A/MoS2/Vac/intermediate/geometry.in.next_step,0,empty,,0,0
gaussian,NcjV1wLuShzcKbCQNyx9WYfgl-sj,FHI-aims,s7RWKK2cTgmBh_c5sD9m7A/MoS2/Vac/intermediate/hessian.aims,0,empty,,0,0
gaussian,OmD7TXGKSfdnqzjg48C4MWsg-NiY,GPAW,UhPjAI9qSx2ARyYvTkOSOg/ZnO/tree/materials/Zn2O2-Apr29-544eV-G885/WaveFunctions/gs_gw.txt,0,empty,,0,0
gaussian,OmD7TXGKSfdnqzjg48C4MWsg-NiY,GPAW,UhPjAI9qSx2ARyYvTkOSOg/ZnO/tree/materials/Zn2O2-Apr29-544eV-G885/WaveFunctions/gs_gw_nowfs.gpw,1,empty,,0,0
gaussian,OmD7TXGKSfdnqzjg48C4MWsg-NiY,GPAW,UhPjAI9qSx2ARyYvTkOSOg/ZnO/tree/materials/Zn2O2-Apr29-544eV-G885/WaveFunctions/input.json,0,empty,,0,0
gaussian,OmD7TXGKSfdnqzjg48C4MWsg-NiY,GPAW,UhPjAI9qSx2ARyYvTkOSOg/ZnO/tree/materials/Zn2O2-Apr29-544eV-G885/WaveFunctions/output.json,0,empty,,0,0
gaussian,QTNlDyNK-XK_OYZ21JKIDqGn2axi,VASP,PVFd-ql-QnGWZAzklz5MYQ/ldau65/CHG,0,empty,,0,0
gaussian,QTNlDyNK-XK_OYZ21JKIDqGn2axi,VASP,PVFd-ql-QnGWZAzklz5MYQ/ldau65/CHGCAR,0,empty,,0,0
gaussian,QTNlDyNK-XK_OYZ21JKIDqGn2axi,VASP,PVFd-ql-QnGWZAzklz5MYQ/ldau65/CONTCAR,0,empty,,0,0
gaussian,QTNlDyNK-XK_OYZ21JKIDqGn2axi,VASP,PVFd-ql-QnGWZAzklz5MYQ/ldau65/DOSCAR,0,empty,,0,0
gaussian,QTNlDyNK-XK_OYZ21JKIDqGn2axi,VASP,PVFd-ql-QnGWZAzklz5MYQ/ldau65/EIGENVAL,0,empty,,0,0
gaussian,QTNlDyNK-XK_OYZ21JKIDqGn2axi,VASP,PVFd-ql-QnGWZAzklz5MYQ/ldau65/IBZKPT,0,empty,,0,0
gaussian,QTNlDyNK-XK_OYZ21JKIDqGn2axi,VASP,PVFd-ql-QnGWZAzklz5MYQ/ldau65/INCAR,0,empty,,0,0
gaussian,QTNlDyNK-XK_OYZ21JKIDqGn2axi,VASP,PVFd-ql-QnGWZAzklz5MYQ/ldau65/KPOINTS,0,empty,,0,0
gaussian,QTNlDyNK-XK_OYZ21JKIDqGn2axi,VASP,PVFd-ql-QnGWZAzklz5MYQ/ldau65/OSZICAR,0,empty,,0,0
gaussian,QTNlDyNK-XK_OYZ21JKIDqGn2axi,VASP,PVFd-ql-QnGWZAzklz5MYQ/ldau65/OUTCAR,0,empty,,0,0
gaussian,QTNlDyNK-XK_OYZ21JKIDqGn2axi,VASP,PVFd-ql-QnGWZAzklz5MYQ/ldau65/PCDAT,0,empty,,0,0
gaussian,QTNlDyNK-XK_OYZ21JKIDqGn2axi,VASP,PVFd-ql-QnGWZAzklz5MYQ/ldau65/POSCAR,0,empty,,0,0
gaussian,QTNlDyNK-XK_OYZ21JKIDqGn2axi,VASP,PVFd-ql-QnGWZAzklz5MYQ/ldau65/POTCAR.stripped,0,empty,,0,0
gaussian,QTNlDyNK-XK_OYZ21JKIDqGn2axi,VASP,PVFd-ql-QnGWZAzklz5MYQ/ldau65/REPORT,0,empty,,0,0
gaussian,QTNlDyNK-XK_OYZ21JKIDqGn2axi,VASP,PVFd-ql-QnGWZAzklz5MYQ/ldau65/XDATCAR,0,empty,,0,0
gaussian,QTNlDyNK-XK_OYZ21JKIDqGn2axi,VASP,PVFd-ql-QnGWZAzklz5MYQ/ldau65/slurm-1453983.out,0,empty,,0,0
gaussian,QTNlDyNK-XK_OYZ21JKIDqGn2axi,VASP,PVFd-ql-QnGWZAzklz5MYQ/ldau65/vasp.sh,0,empty,,0,0
gaussian,QTNlDyNK-XK_OYZ21JKIDqGn2axi,VASP,PVFd-ql-QnGWZAzklz5MYQ/ldau65/vasprun.xml,1,empty,,0,0
gaussian,SHh1xr_l58eCk-JphIicR28nv6Yn,ONETEP,DLpXm6AbTc64oVO8luYgag/onetep/single_point_2.out,1,empty,,0,0
gaussian,SMaGnwZkstE9pgZ5kY2nTsbB8F6R,FHI-aims,s7RWKK2cTgmBh_c5sD9m7A/MoS2/Au_Vac/intermediate/11geo.in,0,empty,,0,0
gaussian,SMaGnwZkstE9pgZ5kY2nTsbB8F6R,FHI-aims,s7RWKK2cTgmBh_c5sD9m7A/MoS2/Au_Vac/intermediate/aims.out,1,empty,,0,0
gaussian,SMaGnwZkstE9pgZ5kY2nTsbB8F6R,FHI-aims,s7RWKK2cTgmBh_c5sD9m7A/MoS2/Au_Vac/intermediate/control.in,0,empty,,0,0
gaussian,SMaGnwZkstE9pgZ5kY2nTsbB8F6R,FHI-aims,s7RWKK2cTgmBh_c5sD9m7A/MoS2/Au_Vac/intermediate/geometry.in,0,empty,,0,0
gaussian,SMaGnwZkstE9pgZ5kY2nTsbB8F6R,FHI-aims,s7RWKK2cTgmBh_c5sD9m7A/MoS2/Au_Vac/intermediate/geometry.in.next_step,0,empty,,0,0
gaussian,SMaGnwZkstE9pgZ5kY2nTsbB8F6R,FHI-aims,s7RWKK2cTgmBh_c5sD9m7A/MoS2/Au_Vac/intermediate/hessian.aims,0,empty,,0,0
gaussian,TEmqes8EM9dsrpSPHEGZelHkRL3R,ABINIT,8CgjZq8tT6Wk_qw_N8qw7w/ZnSe/1/run.abi,0,empty,,0,0
gaussian,TEmqes8EM9dsrpSPHEGZelHkRL3R,ABINIT,8CgjZq8tT6Wk_qw_N8qw7w/ZnSe/1/run.abo,1,empty,,0,0
gaussian,TEmqes8EM9dsrpSPHEGZelHkRL3R,ABINIT,8CgjZq8tT6Wk_qw_N8qw7w/ZnSe/1/run.log,0,empty,,0,0
gaussian,TRpxYNCXoPIhy1jB15tmKpLHyqCE,Gaussian,d9DagJChRxyeUKBEwzSiFw/G-I-O-P-gjf-out/G.LOG,1,success,,1,1
gaussian,TRpxYNCXoPIhy1jB15tmKpLHyqCE,Gaussian,d9DagJChRxyeUKBEwzSiFw/G-I-O-P-gjf-out/G.gjf,0,success,,1,0
gaussian,TRpxYNCXoPIhy1jB15tmKpLHyqCE,Gaussian,d9DagJChRxyeUKBEwzSiFw/G-I-O-P-gjf-out/G.mol,0,empty,,0,0
gaussian,TRpxYNCXoPIhy1jB15tmKpLHyqCE,Gaussian,d9DagJChRxyeUKBEwzSiFw/G-I-O-P-gjf-out/I.LOG,0,success,,1,1
gaussian,TRpxYNCXoPIhy1jB15tmKpLHyqCE,Gaussian,d9DagJChRxyeUKBEwzSiFw/G-I-O-P-gjf-out/I.gjf,0,success,,1,0
gaussian,TRpxYNCXoPIhy1jB15tmKpLHyqCE,Gaussian,d9DagJChRxyeUKBEwzSiFw/G-I-O-P-gjf-out/I.mol,0,empty,,0,0
gaussian,TRpxYNCXoPIhy1jB15tmKpLHyqCE,Gaussian,d9DagJChRxyeUKBEwzSiFw/G-I-O-P-gjf-out/O.LOG,0,success,,1,1
gaussian,TRpxYNCXoPIhy1jB15tmKpLHyqCE,Gaussian,d9DagJChRxyeUKBEwzSiFw/G-I-O-P-gjf-out/O.gjf,0,success,,1,0
gaussian,TRpxYNCXoPIhy1jB15tmKpLHyqCE,Gaussian,d9DagJChRxyeUKBEwzSiFw/G-I-O-P-gjf-out/O.mol,0,empty,,0,0
gaussian,TRpxYNCXoPIhy1jB15tmKpLHyqCE,Gaussian,d9DagJChRxyeUKBEwzSiFw/G-I-O-P-gjf-out/P.LOG,0,success,,1,1
gaussian,TRpxYNCXoPIhy1jB15tmKpLHyqCE,Gaussian,d9DagJChRxyeUKBEwzSiFw/G-I-O-P-gjf-out/P.gjf,0,success,,1,0
gaussian,TRpxYNCXoPIhy1jB15tmKpLHyqCE,Gaussian,d9DagJChRxyeUKBEwzSiFw/G-I-O-P-gjf-out/P.mol,0,empty,,0,0
gaussian,UJcTclMEejNtTbcYO2enL2OM0PSG,ABINIT,lO1jlxxeRKKURy4Fgso_oQ/ZnSe/1/run.abi,0,empty,,0,0
gaussian,UJcTclMEejNtTbcYO2enL2OM0PSG,ABINIT,lO1jlxxeRKKURy4Fgso_oQ/ZnSe/1/run.abo,1,empty,,0,0
gaussian,UJcTclMEejNtTbcYO2enL2OM0PSG,ABINIT,lO1jlxxeRKKURy4Fgso_oQ/ZnSe/1/run.log,0,empty,,0,0
gaussian,_4eGoIDqu6NZcvw14Y9VyFJtykSr,VASP,PVFd-ql-QnGWZAzklz5MYQ/ldau65/scf/band/BAND.dat,0,empty,,0,0
gaussian,_4eGoIDqu6NZcvw14Y9VyFJtykSr,VASP,PVFd-ql-QnGWZAzklz5MYQ/ldau65/scf/band/BAND.jpg,0,empty,,0,0
gaussian,_4eGoIDqu6NZcvw14Y9VyFJtykSr,VASP,PVFd-ql-QnGWZAzklz5MYQ/ldau65/scf/band/BAND_GAP,0,empty,,0,0
gaussian,_4eGoIDqu6NZcvw14Y9VyFJtykSr,VASP,PVFd-ql-QnGWZAzklz5MYQ/ldau65/scf/band/CHG,0,empty,,0,0
gaussian,_4eGoIDqu6NZcvw14Y9VyFJtykSr,VASP,PVFd-ql-QnGWZAzklz5MYQ/ldau65/scf/band/CHGCAR,0,empty,,0,0
gaussian,_4eGoIDqu6NZcvw14Y9VyFJtykSr,VASP,PVFd-ql-QnGWZAzklz5MYQ/ldau65/scf/band/CONTCAR,0,empty,,0,0
gaussian,_4eGoIDqu6NZcvw14Y9VyFJtykSr,VASP,PVFd-ql-QnGWZAzklz5MYQ/ldau65/scf/band/DOSCAR,0,empty,,0,0
gaussian,_4eGoIDqu6NZcvw14Y9VyFJtykSr,VASP,PVFd-ql-QnGWZAzklz5MYQ/ldau65/scf/band/EIGENVAL,0,empty,,0,0
gaussian,_4eGoIDqu6NZcvw14Y9VyFJtykSr,VASP,PVFd-ql-QnGWZAzklz5MYQ/ldau65/scf/band/FERMI_ENERGY,0,empty,,0,0
gaussian,_4eGoIDqu6NZcvw14Y9VyFJtykSr,VASP,PVFd-ql-QnGWZAzklz5MYQ/ldau65/scf/band/INCAR,0,empty,,0,0
gaussian,_4eGoIDqu6NZcvw14Y9VyFJtykSr,VASP,PVFd-ql-QnGWZAzklz5MYQ/ldau65/scf/band/KLABELS,0,empty,,0,0
gaussian,_4eGoIDqu6NZcvw14Y9VyFJtykSr,VASP,PVFd-ql-QnGWZAzklz5MYQ/ldau65/scf/band/KLINES.dat,0,empty,,0,0
gaussian,_4eGoIDqu6NZcvw14Y9VyFJtykSr,VASP,PVFd-ql-QnGWZAzklz5MYQ/ldau65/scf/band/KPOINTS,0,empty,,0,0
gaussian,_4eGoIDqu6NZcvw14Y9VyFJtykSr,VASP,PVFd-ql-QnGWZAzklz5MYQ/ldau65/scf/band/OSZICAR,0,empty,,0,0
gaussian,_4eGoIDqu6NZcvw14Y9VyFJtykSr,VASP,PVFd-ql-QnGWZAzklz5MYQ/ldau65/scf/band/OUTCAR,0,empty,,0,0
gaussian,_4eGoIDqu6NZcvw14Y9VyFJtykSr,VASP,PVFd-ql-QnGWZAzklz5MYQ/ldau65/scf/band/PCDAT,0,empty,,0,0
gaussian,_4eGoIDqu6NZcvw14Y9VyFJtykSr,VASP,PVFd-ql-QnGWZAzklz5MYQ/ldau65/scf/band/PLOT.in,0,empty,,0,0
gaussian,_4eGoIDqu6NZcvw14Y9VyFJtykSr,VASP,PVFd-ql-QnGWZAzklz5MYQ/ldau65/scf/band/POSCAR,0,empty,,0,0
gaussian,_4eGoIDqu6NZcvw14Y9VyFJtykSr,VASP,PVFd-ql-QnGWZAzklz5MYQ/ldau65/scf/band/POTCAR.stripped,0,empty,,0,0
gaussian,_4eGoIDqu6NZcvw14Y9VyFJtykSr,VASP,PVFd-ql-QnGWZAzklz5MYQ/ldau65/scf/band/PROCAR,0,empty,,0,0
gaussian,_4eGoIDqu6NZcvw14Y9VyFJtykSr,VASP,PVFd-ql-QnGWZAzklz5MYQ/ldau65/scf/band/REFORMATTED_BAND.dat,0,empty,,0,0
gaussian,_4eGoIDqu6NZcvw14Y9VyFJtykSr,VASP,PVFd-ql-QnGWZAzklz5MYQ/ldau65/scf/band/REPORT,0,empty,,0,0
gaussian,_4eGoIDqu6NZcvw14Y9VyFJtykSr,VASP,PVFd-ql-QnGWZAzklz5MYQ/ldau65/scf/band/XDATCAR,0,empty,,0,0
gaussian,_4eGoIDqu6NZcvw14Y9VyFJtykSr,VASP,PVFd-ql-QnGWZAzklz5MYQ/ldau65/scf/band/slurm-1454043.out,0,empty,,0,0
gaussian,_4eGoIDqu6NZcvw14Y9VyFJtykSr,VASP,PVFd-ql-QnGWZAzklz5MYQ/ldau65/scf/band/vasp.sh,0,empty,,0,0
gaussian,_4eGoIDqu6NZcvw14Y9VyFJtykSr,VASP,PVFd-ql-QnGWZAzklz5MYQ/ldau65/scf/band/vasprun.xml,1,empty,,0,0
gaussian,ebTSTiuPZWDnFoJgFsqCAvFX_-GT,GPAW,v8so8T4nRrC7GD-yV59PDA/production_Apr29_Zr2Y2O7_10Ha_444/tree/444/materials/ZrY2ZrO7-Apr29-272eV-G444/WaveFunctions/gs_gw.txt,0,empty,,0,0
gaussian,ebTSTiuPZWDnFoJgFsqCAvFX_-GT,GPAW,v8so8T4nRrC7GD-yV59PDA/production_Apr29_Zr2Y2O7_10Ha_444/tree/444/materials/ZrY2ZrO7-Apr29-272eV-G444/WaveFunctions/gs_gw_nowfs.gpw,1,empty,,0,0
gaussian,ebTSTiuPZWDnFoJgFsqCAvFX_-GT,GPAW,v8so8T4nRrC7GD-yV59PDA/production_Apr29_Zr2Y2O7_10Ha_444/tree/444/materials/ZrY2ZrO7-Apr29-272eV-G444/WaveFunctions/input.json,0,empty,,0,0
gaussian,ebTSTiuPZWDnFoJgFsqCAvFX_-GT,GPAW,v8so8T4nRrC7GD-yV59PDA/production_Apr29_Zr2Y2O7_10Ha_444/tree/444/materials/ZrY2ZrO7-Apr29-272eV-G444/WaveFunctions/output.json,0,empty,,0,0
gaussian,fr50Zj7V_qCFMt401DJwQW4l11wK,GAMESS,58G9YZi8SMS2QATRSom9MQ/RCWnE6CiPA8v5vyGpJEV5BKIm4XSC/data/tcnedim/tcnedim_b3_1_a.inp,0,empty,,0,0
gaussian,fr50Zj7V_qCFMt401DJwQW4l11wK,GAMESS,58G9YZi8SMS2QATRSom9MQ/RCWnE6CiPA8v5vyGpJEV5BKIm4XSC/data/tcnedim/tcnedim_b3_1_a.out,0,empty,,0,0
gaussian,fr50Zj7V_qCFMt401DJwQW4l11wK,GAMESS,58G9YZi8SMS2QATRSom9MQ/RCWnE6CiPA8v5vyGpJEV5BKIm4XSC/data/tcnedim/tcnedim_b3_1_b.inp,0,empty,,0,0
gaussian,fr50Zj7V_qCFMt401DJwQW4l11wK,GAMESS,58G9YZi8SMS2QATRSom9MQ/RCWnE6CiPA8v5vyGpJEV5BKIm4XSC/data/tcnedim/tcnedim_b3_1_b.out,1,empty,,0,0
gaussian,fr50Zj7V_qCFMt401DJwQW4l11wK,GAMESS,58G9YZi8SMS2QATRSom9MQ/RCWnE6CiPA8v5vyGpJEV5BKIm4XSC/data/tcnedim/tcnedim_b3_1_c.inp,0,empty,,0,0
gaussian,fr50Zj7V_qCFMt401DJwQW4l11wK,GAMESS,58G9YZi8SMS2QATRSom9MQ/RCWnE6CiPA8v5vyGpJEV5BKIm4XSC/data/tcnedim/tcnedim_b3_1_c.out,0,empty,,0,0
gaussian,fr50Zj7V_qCFMt401DJwQW4l11wK,GAMESS,58G9YZi8SMS2QATRSom9MQ/RCWnE6CiPA8v5vyGpJEV5BKIm4XSC/data/tcnedim/tcnedim_b3_1bs_a.inp,0,empty,,0,0
gaussian,fr50Zj7V_qCFMt401DJwQW4l11wK,GAMESS,58G9YZi8SMS2QATRSom9MQ/RCWnE6CiPA8v5vyGpJEV5BKIm4XSC/data/tcnedim/tcnedim_b3_1bs_a.out,0,empty,,0,0
gaussian,fr50Zj7V_qCFMt401DJwQW4l11wK,GAMESS,58G9YZi8SMS2QATRSom9MQ/RCWnE6CiPA8v5vyGpJEV5BKIm4XSC/data/tcnedim/tcnedim_b3_1bs_b.inp,0,empty,,0,0
gaussian,fr50Zj7V_qCFMt401DJwQW4l11wK,GAMESS,58G9YZi8SMS2QATRSom9MQ/RCWnE6CiPA8v5vyGpJEV5BKIm4XSC/data/tcnedim/tcnedim_b3_1bs_b.out,0,empty,,0,0
gaussian,fr50Zj7V_qCFMt401DJwQW4l11wK,GAMESS,58G9YZi8SMS2QATRSom9MQ/RCWnE6CiPA8v5vyGpJEV5BKIm4XSC/data/tcnedim/tcnedim_b3_1bs_c.inp,0,empty,,0,0
gaussian,fr50Zj7V_qCFMt401DJwQW4l11wK,GAMESS,58G9YZi8SMS2QATRSom9MQ/RCWnE6CiPA8v5vyGpJEV5BKIm4XSC/data/tcnedim/tcnedim_b3_1bs_c.out,0,empty,,0,0
gaussian,fr50Zj7V_qCFMt401DJwQW4l11wK,GAMESS,58G9YZi8SMS2QATRSom9MQ/RCWnE6CiPA8v5vyGpJEV5BKIm4XSC/data/tcnedim/tcnedim_b3_3_a.inp,0,empty,,0,0
gaussian,fr50Zj7V_qCFMt401DJwQW4l11wK,GAMESS,58G9YZi8SMS2QATRSom9MQ/RCWnE6CiPA8v5vyGpJEV5BKIm4XSC/data/tcnedim/tcnedim_b3_3_a.out,0,empty,,0,0
gaussian,fr50Zj7V_qCFMt401DJwQW4l11wK,GAMESS,58G9YZi8SMS2QATRSom9MQ/RCWnE6CiPA8v5vyGpJEV5BKIm4XSC/data/tcnedim/tcnedim_b3_3_b.inp,0,empty,,0,0
gaussian,fr50Zj7V_qCFMt401DJwQW4l11wK,GAMESS,58G9YZi8SMS2QATRSom9MQ/RCWnE6CiPA8v5vyGpJEV5BKIm4XSC/data/tcnedim/tcnedim_b3_3_b.out,0,empty,,0,0
gaussian,fr50Zj7V_qCFMt401DJwQW4l11wK,GAMESS,58G9YZi8SMS2QATRSom9MQ/RCWnE6CiPA8v5vyGpJEV5BKIm4XSC/data/tcnedim/tcnedim_b3_3_c.inp,0,empty,,0,0
gaussian,fr50Zj7V_qCFMt401DJwQW4l11wK,GAMESS,58G9YZi8SMS2QATRSom9MQ/RCWnE6CiPA8v5vyGpJEV5BKIm4XSC/data/tcnedim/tcnedim_b3_3_c.out,0,empty,,0,0
gaussian,fr50Zj7V_qCFMt401DJwQW4l11wK,GAMESS,58G9YZi8SMS2QATRSom9MQ/RCWnE6CiPA8v5vyGpJEV5BKIm4XSC/data/tcnedim/tcnedim_b3_dis_3.inp,0,empty,,0,0
gaussian,CTp61euc_JBq5kMTN3ZCuVSBqINj,exciting,8CgjZq8tT6Wk_qw_N8qw7w/Sn2Se/1/EIGVAL.OUT,0,empty,,0,0
gaussian,fr50Zj7V_qCFMt401DJwQW4l11wK,GAMESS,58G9YZi8SMS2QATRSom9MQ/RCWnE6CiPA8v5vyGpJEV5BKIm4XSC/data/tcnedim/tcnedim_cas22mp2_1_a.inp,0,empty,,0,0
gaussian,fr50Zj7V_qCFMt401DJwQW4l11wK,GAMESS,58G9YZi8SMS2QATRSom9MQ/RCWnE6CiPA8v5vyGpJEV5BKIm4XSC/data/tcnedim/tcnedim_b3_dis_3.out,0,empty,,0,0
gaussian,fr50Zj7V_qCFMt401DJwQW4l11wK,GAMESS,58G9YZi8SMS2QATRSom9MQ/RCWnE6CiPA8v5vyGpJEV5BKIm4XSC/data/tcnedim/tcnedim_cas22mp2_1_b.inp,0,empty,,0,0
gaussian,fr50Zj7V_qCFMt401DJwQW4l11wK,GAMESS,58G9YZi8SMS2QATRSom9MQ/RCWnE6CiPA8v5vyGpJEV5BKIm4XSC/data/tcnedim/tcnedim_cas22mp2_1_a.out,0,empty,,0,0
gaussian,fr50Zj7V_qCFMt401DJwQW4l11wK,GAMESS,58G9YZi8SMS2QATRSom9MQ/RCWnE6CiPA8v5vyGpJEV5BKIm4XSC/data/tcnedim/tcnedim_cas22mp2_1_c.inp,0,empty,,0,0
gaussian,fr50Zj7V_qCFMt401DJwQW4l11wK,GAMESS,58G9YZi8SMS2QATRSom9MQ/RCWnE6CiPA8v5vyGpJEV5BKIm4XSC/data/tcnedim/tcnedim_cas22mp2_1_b.out,0,empty,,0,0
gaussian,fr50Zj7V_qCFMt401DJwQW4l11wK,GAMESS,58G9YZi8SMS2QATRSom9MQ/RCWnE6CiPA8v5vyGpJEV5BKIm4XSC/data/tcnedim/tcnedim_cas22mp2_dis_1.inp,0,empty,,0,0
gaussian,fr50Zj7V_qCFMt401DJwQW4l11wK,GAMESS,58G9YZi8SMS2QATRSom9MQ/RCWnE6CiPA8v5vyGpJEV5BKIm4XSC/data/tcnedim/tcnedim_cas22mp2_1_c.out,0,empty,,0,0
gaussian,fr50Zj7V_qCFMt401DJwQW4l11wK,GAMESS,58G9YZi8SMS2QATRSom9MQ/RCWnE6CiPA8v5vyGpJEV5BKIm4XSC/data/tcnedim/tcnedim_rmp2_1_a.inp,0,empty,,0,0
gaussian,fr50Zj7V_qCFMt401DJwQW4l11wK,GAMESS,58G9YZi8SMS2QATRSom9MQ/RCWnE6CiPA8v5vyGpJEV5BKIm4XSC/data/tcnedim/tcnedim_cas22mp2_dis_1.out,0,empty,,0,0
gaussian,fr50Zj7V_qCFMt401DJwQW4l11wK,GAMESS,58G9YZi8SMS2QATRSom9MQ/RCWnE6CiPA8v5vyGpJEV5BKIm4XSC/data/tcnedim/tcnedim_rmp2_1_b.inp,0,empty,,0,0
gaussian,fr50Zj7V_qCFMt401DJwQW4l11wK,GAMESS,58G9YZi8SMS2QATRSom9MQ/RCWnE6CiPA8v5vyGpJEV5BKIm4XSC/data/tcnedim/tcnedim_rmp2_1_a.out,0,empty,,0,0
gaussian,fr50Zj7V_qCFMt401DJwQW4l11wK,GAMESS,58G9YZi8SMS2QATRSom9MQ/RCWnE6CiPA8v5vyGpJEV5BKIm4XSC/data/tcnedim/tcnedim_rmp2_1_c.inp,0,empty,,0,0
gaussian,fr50Zj7V_qCFMt401DJwQW4l11wK,GAMESS,58G9YZi8SMS2QATRSom9MQ/RCWnE6CiPA8v5vyGpJEV5BKIm4XSC/data/tcnedim/tcnedim_rmp2_1_b.out,0,empty,,0,0
gaussian,fr50Zj7V_qCFMt401DJwQW4l11wK,GAMESS,58G9YZi8SMS2QATRSom9MQ/RCWnE6CiPA8v5vyGpJEV5BKIm4XSC/data/tcnedim/tcnedim_romp2_3_a.inp,0,empty,,0,0
gaussian,fr50Zj7V_qCFMt401DJwQW4l11wK,GAMESS,58G9YZi8SMS2QATRSom9MQ/RCWnE6CiPA8v5vyGpJEV5BKIm4XSC/data/tcnedim/tcnedim_rmp2_1_c.out,0,empty,,0,0
gaussian,fr50Zj7V_qCFMt401DJwQW4l11wK,GAMESS,58G9YZi8SMS2QATRSom9MQ/RCWnE6CiPA8v5vyGpJEV5BKIm4XSC/data/tcnedim/tcnedim_romp2_3_b.inp,0,empty,,0,0
gaussian,fr50Zj7V_qCFMt401DJwQW4l11wK,GAMESS,58G9YZi8SMS2QATRSom9MQ/RCWnE6CiPA8v5vyGpJEV5BKIm4XSC/data/tcnedim/tcnedim_romp2_3_a.out,0,empty,,0,0
gaussian,fr50Zj7V_qCFMt401DJwQW4l11wK,GAMESS,58G9YZi8SMS2QATRSom9MQ/RCWnE6CiPA8v5vyGpJEV5BKIm4XSC/data/tcnedim/tcnedim_romp2_3_c.inp,0,empty,,0,0
cclib,zy4IYoQrBIAhxVxhYIhHJiaNRnja,CASTEP,loddw6wwSbKmyTgsHuX6PQ/benzene_rotation_x/angle_1/sites/6/case_elnes.cst_esp,0,error,FileNotFoundError,0,0
gaussian,fr50Zj7V_qCFMt401DJwQW4l11wK,GAMESS,58G9YZi8SMS2QATRSom9MQ/RCWnE6CiPA8v5vyGpJEV5BKIm4XSC/data/tcnedim/tcnedim_romp2_dis_3.inp,0,empty,,0,0
gaussian,fr50Zj7V_qCFMt401DJwQW4l11wK,GAMESS,58G9YZi8SMS2QATRSom9MQ/RCWnE6CiPA8v5vyGpJEV5BKIm4XSC/data/tcnedim/tcnedim_romp2_3_b.out,0,empty,,0,0
gaussian,iBIeUIvhEDHWwRGRXri8-gJqbWeZ,exciting,qpxNMvKmRhqq_F-CfHJw8Q/C.xml,0,empty,,0,0
gaussian,fr50Zj7V_qCFMt401DJwQW4l11wK,GAMESS,58G9YZi8SMS2QATRSom9MQ/RCWnE6CiPA8v5vyGpJEV5BKIm4XSC/data/tcnedim/tcnedim_romp2_3_c.out,0,empty,,0,0
gaussian,fr50Zj7V_qCFMt401DJwQW4l11wK,GAMESS,58G9YZi8SMS2QATRSom9MQ/RCWnE6CiPA8v5vyGpJEV5BKIm4XSC/data/tcnedim/tcnedim_romp2_dis_3.out,0,empty,,0,0
cclib,zy4IYoQrBIAhxVxhYIhHJiaNRnja,CASTEP,loddw6wwSbKmyTgsHuX6PQ/benzene_rotation_x/angle_1/sites/6/case_gs.castep_bin,0,error,FileNotFoundError,0,0
cclib,zy4IYoQrBIAhxVxhYIhHJiaNRnja,CASTEP,loddw6wwSbKmyTgsHuX6PQ/benzene_rotation_x/angle_1/sites/6/case_gs.check,0,error,FileNotFoundError,0,0
cclib,zy4IYoQrBIAhxVxhYIhHJiaNRnja,CASTEP,loddw6wwSbKmyTgsHuX6PQ/benzene_rotation_x/angle_1/sites/6/case_gs.cst_esp,0,error,FileNotFoundError,0,0
gaussian,iBIeUIvhEDHWwRGRXri8-gJqbWeZ,exciting,qpxNMvKmRhqq_F-CfHJw8Q/DVEFF_Q0000_0000_0000_S01_A001_P2.OUT,0,empty,,0,0
cclib,zy4IYoQrBIAhxVxhYIhHJiaNRnja,CASTEP,loddw6wwSbKmyTgsHuX6PQ/benzene_rotation_x/angle_1/sites/6/case.check,0,timeout,HardTimeout,0,0
gaussian,iBIeUIvhEDHWwRGRXri8-gJqbWeZ,exciting,qpxNMvKmRhqq_F-CfHJw8Q/DVEFF_Q0000_0000_0000_S01_A001_P1.OUT,0,empty,,0,0
gaussian,iBIeUIvhEDHWwRGRXri8-gJqbWeZ,exciting,qpxNMvKmRhqq_F-CfHJw8Q/DVEFF_Q0000_0000_0000_S01_A001_P3.OUT,0,empty,,0,0
gaussian,iBIeUIvhEDHWwRGRXri8-gJqbWeZ,exciting,qpxNMvKmRhqq_F-CfHJw8Q/DVEFF_Q0000_0000_0000_S01_A002_P2.OUT,0,empty,,0,0
gaussian,iBIeUIvhEDHWwRGRXri8-gJqbWeZ,exciting,qpxNMvKmRhqq_F-CfHJw8Q/DVEFF_Q0000_0000_0000_S01_A002_P3.OUT,0,empty,,0,0
gaussian,iBIeUIvhEDHWwRGRXri8-gJqbWeZ,exciting,qpxNMvKmRhqq_F-CfHJw8Q/DVEFF_Q0000_0000_0000_S01_A002_P1.OUT,0,empty,,0,0
cclib,zy4IYoQrBIAhxVxhYIhHJiaNRnja,CASTEP,loddw6wwSbKmyTgsHuX6PQ/benzene_rotation_x/angle_1/sites/6/case_elnes.check,0,timeout,HardTimeout,0,0
gaussian,iBIeUIvhEDHWwRGRXri8-gJqbWeZ,exciting,qpxNMvKmRhqq_F-CfHJw8Q/DVEFF_Q0000_0000_0000_S01_A003_P2.OUT,0,empty,,0,0
gaussian,iBIeUIvhEDHWwRGRXri8-gJqbWeZ,exciting,qpxNMvKmRhqq_F-CfHJw8Q/DVEFF_Q0000_0000_0000_S01_A003_P1.OUT,0,empty,,0,0
gaussian,iBIeUIvhEDHWwRGRXri8-gJqbWeZ,exciting,qpxNMvKmRhqq_F-CfHJw8Q/DVEFF_Q0000_0000_0000_S01_A004_P2.OUT,0,empty,,0,0
gaussian,iBIeUIvhEDHWwRGRXri8-gJqbWeZ,exciting,qpxNMvKmRhqq_F-CfHJw8Q/DVEFF_Q0000_0000_0000_S01_A003_P3.OUT,0,empty,,0,0
gaussian,iBIeUIvhEDHWwRGRXri8-gJqbWeZ,exciting,qpxNMvKmRhqq_F-CfHJw8Q/DVEFF_Q0000_0000_0000_S01_A004_P1.OUT,0,empty,,0,0
gaussian,iBIeUIvhEDHWwRGRXri8-gJqbWeZ,exciting,qpxNMvKmRhqq_F-CfHJw8Q/DVEFF_Q0000_0000_0000_S01_A004_P3.OUT,0,empty,,0,0
gaussian,iBIeUIvhEDHWwRGRXri8-gJqbWeZ,exciting,qpxNMvKmRhqq_F-CfHJw8Q/DVEFF_Q0000_0000_0000_S01_A005_P1.OUT,0,empty,,0,0
gaussian,iBIeUIvhEDHWwRGRXri8-gJqbWeZ,exciting,qpxNMvKmRhqq_F-CfHJw8Q/DVEFF_Q0000_0000_0000_S01_A006_P1.OUT,0,empty,,0,0
gaussian,iBIeUIvhEDHWwRGRXri8-gJqbWeZ,exciting,qpxNMvKmRhqq_F-CfHJw8Q/DVEFF_Q0000_0000_0000_S01_A005_P2.OUT,0,empty,,0,0
gaussian,iBIeUIvhEDHWwRGRXri8-gJqbWeZ,exciting,qpxNMvKmRhqq_F-CfHJw8Q/DVEFF_Q0000_0000_0000_S01_A005_P3.OUT,0,empty,,0,0
gaussian,iBIeUIvhEDHWwRGRXri8-gJqbWeZ,exciting,qpxNMvKmRhqq_F-CfHJw8Q/DVEFF_Q0000_0000_0000_S01_A006_P3.OUT,0,empty,,0,0
gaussian,iBIeUIvhEDHWwRGRXri8-gJqbWeZ,exciting,qpxNMvKmRhqq_F-CfHJw8Q/DVEFF_Q0000_0000_0000_S01_A006_P2.OUT,0,empty,,0,0
gaussian,iBIeUIvhEDHWwRGRXri8-gJqbWeZ,exciting,qpxNMvKmRhqq_F-CfHJw8Q/DVEFF_Q0000_0000_0000_S01_A007_P1.OUT,0,empty,,0,0
gaussian,iBIeUIvhEDHWwRGRXri8-gJqbWeZ,exciting,qpxNMvKmRhqq_F-CfHJw8Q/DVEFF_Q0000_0000_0000_S01_A007_P2.OUT,0,empty,,0,0
gaussian,iBIeUIvhEDHWwRGRXri8-gJqbWeZ,exciting,qpxNMvKmRhqq_F-CfHJw8Q/DVEFF_Q0000_0000_0000_S01_A007_P3.OUT,0,empty,,0,0
gaussian,iBIeUIvhEDHWwRGRXri8-gJqbWeZ,exciting,qpxNMvKmRhqq_F-CfHJw8Q/DVEFF_Q0000_0000_0000_S01_A008_P1.OUT,0,empty,,0,0
gaussian,iBIeUIvhEDHWwRGRXri8-gJqbWeZ,exciting,qpxNMvKmRhqq_F-CfHJw8Q/DVEFF_Q0000_0000_0000_S01_A008_P2.OUT,0,empty,,0,0
gaussian,iBIeUIvhEDHWwRGRXri8-gJqbWeZ,exciting,qpxNMvKmRhqq_F-CfHJw8Q/DVEFF_Q0000_0000_0000_S01_A008_P3.OUT,0,empty,,0,0
gaussian,iBIeUIvhEDHWwRGRXri8-gJqbWeZ,exciting,qpxNMvKmRhqq_F-CfHJw8Q/DVEFF_Q0000_0000_0000_S01_A009_P2.OUT,0,empty,,0,0
gaussian,iBIeUIvhEDHWwRGRXri8-gJqbWeZ,exciting,qpxNMvKmRhqq_F-CfHJw8Q/DVEFF_Q0000_0000_0000_S01_A009_P1.OUT,0,empty,,0,0
gaussian,iBIeUIvhEDHWwRGRXri8-gJqbWeZ,exciting,qpxNMvKmRhqq_F-CfHJw8Q/DVEFF_Q0000_0000_0000_S01_A009_P3.OUT,0,empty,,0,0
gaussian,iBIeUIvhEDHWwRGRXri8-gJqbWeZ,exciting,qpxNMvKmRhqq_F-CfHJw8Q/DVEFF_Q0000_0000_0000_S01_A010_P1.OUT,0,empty,,0,0
gaussian,iBIeUIvhEDHWwRGRXri8-gJqbWeZ,exciting,qpxNMvKmRhqq_F-CfHJw8Q/DVEFF_Q0000_0000_0000_S01_A010_P2.OUT,0,empty,,0,0
gaussian,iBIeUIvhEDHWwRGRXri8-gJqbWeZ,exciting,qpxNMvKmRhqq_F-CfHJw8Q/DVEFF_Q0000_0000_0000_S01_A010_P3.OUT,0,empty,,0,0
gaussian,iBIeUIvhEDHWwRGRXri8-gJqbWeZ,exciting,qpxNMvKmRhqq_F-CfHJw8Q/DVEFF_Q0000_0000_0000_S01_A011_P1.OUT,0,empty,,0,0
gaussian,iBIeUIvhEDHWwRGRXri8-gJqbWeZ,exciting,qpxNMvKmRhqq_F-CfHJw8Q/DVEFF_Q0000_0000_0000_S01_A011_P2.OUT,0,empty,,0,0
gaussian,iBIeUIvhEDHWwRGRXri8-gJqbWeZ,exciting,qpxNMvKmRhqq_F-CfHJw8Q/DVEFF_Q0000_0000_0000_S01_A012_P1.OUT,0,empty,,0,0
gaussian,iBIeUIvhEDHWwRGRXri8-gJqbWeZ,exciting,qpxNMvKmRhqq_F-CfHJw8Q/DVEFF_Q0000_0000_0000_S01_A012_P2.OUT,0,empty,,0,0
gaussian,iBIeUIvhEDHWwRGRXri8-gJqbWeZ,exciting,qpxNMvKmRhqq_F-CfHJw8Q/DVEFF_Q0000_0000_0000_S01_A011_P3.OUT,0,empty,,0,0
gaussian,iBIeUIvhEDHWwRGRXri8-gJqbWeZ,exciting,qpxNMvKmRhqq_F-CfHJw8Q/DVEFF_Q0000_0000_0000_S01_A013_P1.OUT,0,empty,,0,0
gaussian,iBIeUIvhEDHWwRGRXri8-gJqbWeZ,exciting,qpxNMvKmRhqq_F-CfHJw8Q/DVEFF_Q0000_0000_0000_S01_A012_P3.OUT,0,empty,,0,0
gaussian,iBIeUIvhEDHWwRGRXri8-gJqbWeZ,exciting,qpxNMvKmRhqq_F-CfHJw8Q/DVEFF_Q0000_0000_0000_S01_A013_P2.OUT,0,empty,,0,0
gaussian,iBIeUIvhEDHWwRGRXri8-gJqbWeZ,exciting,qpxNMvKmRhqq_F-CfHJw8Q/DVEFF_Q0000_0000_0000_S01_A014_P1.OUT,0,empty,,0,0
gaussian,iBIeUIvhEDHWwRGRXri8-gJqbWeZ,exciting,qpxNMvKmRhqq_F-CfHJw8Q/DVEFF_Q0000_0000_0000_S01_A013_P3.OUT,0,empty,,0,0
gaussian,iBIeUIvhEDHWwRGRXri8-gJqbWeZ,exciting,qpxNMvKmRhqq_F-CfHJw8Q/DVEFF_Q0000_0000_0000_S01_A014_P2.OUT,0,empty,,0,0
gaussian,iBIeUIvhEDHWwRGRXri8-gJqbWeZ,exciting,qpxNMvKmRhqq_F-CfHJw8Q/DVEFF_Q0000_0000_0000_S01_A014_P3.OUT,0,empty,,0,0
gaussian,iBIeUIvhEDHWwRGRXri8-gJqbWeZ,exciting,qpxNMvKmRhqq_F-CfHJw8Q/DVEFF_Q0000_0000_0000_S01_A015_P1.OUT,0,empty,,0,0
gaussian,iBIeUIvhEDHWwRGRXri8-gJqbWeZ,exciting,qpxNMvKmRhqq_F-CfHJw8Q/DVEFF_Q0000_0000_0000_S01_A015_P2.OUT,0,empty,,0,0
gaussian,iBIeUIvhEDHWwRGRXri8-gJqbWeZ,exciting,qpxNMvKmRhqq_F-CfHJw8Q/DVEFF_Q0000_0000_0000_S01_A015_P3.OUT,0,empty,,0,0
gaussian,iBIeUIvhEDHWwRGRXri8-gJqbWeZ,exciting,qpxNMvKmRhqq_F-CfHJw8Q/DVEFF_Q0000_0000_0000_S01_A016_P1.OUT,0,empty,,0,0
gaussian,iBIeUIvhEDHWwRGRXri8-gJqbWeZ,exciting,qpxNMvKmRhqq_F-CfHJw8Q/DVEFF_Q0000_0000_0000_S01_A016_P2.OUT,0,empty,,0,0
gaussian,iBIeUIvhEDHWwRGRXri8-gJqbWeZ,exciting,qpxNMvKmRhqq_F-CfHJw8Q/DVEFF_Q0000_0000_0000_S01_A016_P3.OUT,0,empty,,0,0
gaussian,iBIeUIvhEDHWwRGRXri8-gJqbWeZ,exciting,qpxNMvKmRhqq_F-CfHJw8Q/DVEFF_Q0000_0000_0000_S01_A017_P2.OUT,0,empty,,0,0
gaussian,iBIeUIvhEDHWwRGRXri8-gJqbWeZ,exciting,qpxNMvKmRhqq_F-CfHJw8Q/DVEFF_Q0000_0000_0000_S01_A017_P3.OUT,0,empty,,0,0
gaussian,iBIeUIvhEDHWwRGRXri8-gJqbWeZ,exciting,qpxNMvKmRhqq_F-CfHJw8Q/DVEFF_Q0000_0000_0000_S01_A017_P1.OUT,0,empty,,0,0
gaussian,iBIeUIvhEDHWwRGRXri8-gJqbWeZ,exciting,qpxNMvKmRhqq_F-CfHJw8Q/DVEFF_Q0000_0000_0000_S01_A018_P1.OUT,0,empty,,0,0
gaussian,iBIeUIvhEDHWwRGRXri8-gJqbWeZ,exciting,qpxNMvKmRhqq_F-CfHJw8Q/DVEFF_Q0000_0000_0000_S01_A018_P3.OUT,0,empty,,0,0
gaussian,iBIeUIvhEDHWwRGRXri8-gJqbWeZ,exciting,qpxNMvKmRhqq_F-CfHJw8Q/DVEFF_Q0000_0000_0000_S01_A018_P2.OUT,0,empty,,0,0
gaussian,iBIeUIvhEDHWwRGRXri8-gJqbWeZ,exciting,qpxNMvKmRhqq_F-CfHJw8Q/DVEFF_Q0000_0000_0000_S02_A001_P1.OUT,0,empty,,0,0
gaussian,iBIeUIvhEDHWwRGRXri8-gJqbWeZ,exciting,qpxNMvKmRhqq_F-CfHJw8Q/DVEFF_Q0000_0000_0000_S02_A001_P2.OUT,0,empty,,0,0
gaussian,iBIeUIvhEDHWwRGRXri8-gJqbWeZ,exciting,qpxNMvKmRhqq_F-CfHJw8Q/DVEFF_Q0000_0000_0000_S02_A002_P2.OUT,0,empty,,0,0
gaussian,iBIeUIvhEDHWwRGRXri8-gJqbWeZ,exciting,qpxNMvKmRhqq_F-CfHJw8Q/DVEFF_Q0000_0000_0000_S02_A001_P3.OUT,0,empty,,0,0
gaussian,iBIeUIvhEDHWwRGRXri8-gJqbWeZ,exciting,qpxNMvKmRhqq_F-CfHJw8Q/DVEFF_Q0000_0000_0000_S02_A002_P1.OUT,0,empty,,0,0
gaussian,iBIeUIvhEDHWwRGRXri8-gJqbWeZ,exciting,qpxNMvKmRhqq_F-CfHJw8Q/DVEFF_Q0000_0000_0000_S02_A002_P3.OUT,0,empty,,0,0
gaussian,iBIeUIvhEDHWwRGRXri8-gJqbWeZ,exciting,qpxNMvKmRhqq_F-CfHJw8Q/DVEFF_Q0000_0000_0000_S02_A003_P1.OUT,0,empty,,0,0
gaussian,iBIeUIvhEDHWwRGRXri8-gJqbWeZ,exciting,qpxNMvKmRhqq_F-CfHJw8Q/DVEFF_Q0000_0000_0000_S02_A003_P2.OUT,0,empty,,0,0
gaussian,iBIeUIvhEDHWwRGRXri8-gJqbWeZ,exciting,qpxNMvKmRhqq_F-CfHJw8Q/DVEFF_Q0000_0000_0000_S02_A003_P3.OUT,0,empty,,0,0
gaussian,iBIeUIvhEDHWwRGRXri8-gJqbWeZ,exciting,qpxNMvKmRhqq_F-CfHJw8Q/DVEFF_Q0000_0000_0000_S02_A004_P2.OUT,0,empty,,0,0
gaussian,iBIeUIvhEDHWwRGRXri8-gJqbWeZ,exciting,qpxNMvKmRhqq_F-CfHJw8Q/DVEFF_Q0000_0000_0000_S02_A004_P3.OUT,0,empty,,0,0
gaussian,iBIeUIvhEDHWwRGRXri8-gJqbWeZ,exciting,qpxNMvKmRhqq_F-CfHJw8Q/DVEFF_Q0000_0000_0000_S02_A004_P1.OUT,0,empty,,0,0
gaussian,iBIeUIvhEDHWwRGRXri8-gJqbWeZ,exciting,qpxNMvKmRhqq_F-CfHJw8Q/DVEFF_Q0000_0000_0000_S02_A005_P1.OUT,0,empty,,0,0
gaussian,iBIeUIvhEDHWwRGRXri8-gJqbWeZ,exciting,qpxNMvKmRhqq_F-CfHJw8Q/DVEFF_Q0000_0000_0000_S02_A005_P3.OUT,0,empty,,0,0
gaussian,iBIeUIvhEDHWwRGRXri8-gJqbWeZ,exciting,qpxNMvKmRhqq_F-CfHJw8Q/DVEFF_Q0000_0000_0000_S02_A005_P2.OUT,0,empty,,0,0
gaussian,iBIeUIvhEDHWwRGRXri8-gJqbWeZ,exciting,qpxNMvKmRhqq_F-CfHJw8Q/DVEFF_Q0000_0000_0000_S02_A006_P1.OUT,0,empty,,0,0
gaussian,iBIeUIvhEDHWwRGRXri8-gJqbWeZ,exciting,qpxNMvKmRhqq_F-CfHJw8Q/DVEFF_Q0000_0000_0000_S02_A006_P2.OUT,0,empty,,0,0
gaussian,iBIeUIvhEDHWwRGRXri8-gJqbWeZ,exciting,qpxNMvKmRhqq_F-CfHJw8Q/DVEFF_Q0000_0000_0000_S02_A007_P3.OUT,0,empty,,0,0
gaussian,iBIeUIvhEDHWwRGRXri8-gJqbWeZ,exciting,qpxNMvKmRhqq_F-CfHJw8Q/DVEFF_Q0000_0000_0000_S02_A006_P3.OUT,0,empty,,0,0
gaussian,iBIeUIvhEDHWwRGRXri8-gJqbWeZ,exciting,qpxNMvKmRhqq_F-CfHJw8Q/DVEFF_Q0000_0000_0000_S02_A007_P1.OUT,0,empty,,0,0
gaussian,iBIeUIvhEDHWwRGRXri8-gJqbWeZ,exciting,qpxNMvKmRhqq_F-CfHJw8Q/DVEFF_Q0000_0000_0000_S02_A007_P2.OUT,0,empty,,0,0
gaussian,iBIeUIvhEDHWwRGRXri8-gJqbWeZ,exciting,qpxNMvKmRhqq_F-CfHJw8Q/DVEFF_Q0000_0000_0000_S02_A008_P2.OUT,0,empty,,0,0
gaussian,iBIeUIvhEDHWwRGRXri8-gJqbWeZ,exciting,qpxNMvKmRhqq_F-CfHJw8Q/DVEFF_Q0000_0000_0000_S02_A008_P3.OUT,0,empty,,0,0
gaussian,iBIeUIvhEDHWwRGRXri8-gJqbWeZ,exciting,qpxNMvKmRhqq_F-CfHJw8Q/DVEFF_Q0000_0000_0000_S02_A008_P1.OUT,0,empty,,0,0
gaussian,iBIeUIvhEDHWwRGRXri8-gJqbWeZ,exciting,qpxNMvKmRhqq_F-CfHJw8Q/DVEFF_Q0000_0000_0000_S02_A009_P1.OUT,0,empty,,0,0
gaussian,iBIeUIvhEDHWwRGRXri8-gJqbWeZ,exciting,qpxNMvKmRhqq_F-CfHJw8Q/DVEFF_Q0000_0000_0000_S02_A009_P2.OUT,0,empty,,0,0
gaussian,iBIeUIvhEDHWwRGRXri8-gJqbWeZ,exciting,qpxNMvKmRhqq_F-CfHJw8Q/DVEFF_Q0000_0000_0000_S02_A009_P3.OUT,0,empty,,0,0
gaussian,iBIeUIvhEDHWwRGRXri8-gJqbWeZ,exciting,qpxNMvKmRhqq_F-CfHJw8Q/DVEFF_Q0000_0000_0000_S03_A001_P1.OUT,0,empty,,0,0
gaussian,iBIeUIvhEDHWwRGRXri8-gJqbWeZ,exciting,qpxNMvKmRhqq_F-CfHJw8Q/DVEFF_Q0000_0000_0000_S03_A001_P2.OUT,0,empty,,0,0
gaussian,iBIeUIvhEDHWwRGRXri8-gJqbWeZ,exciting,qpxNMvKmRhqq_F-CfHJw8Q/DVEFF_Q0000_0000_0000_S03_A001_P3.OUT,0,empty,,0,0
gaussian,iBIeUIvhEDHWwRGRXri8-gJqbWeZ,exciting,qpxNMvKmRhqq_F-CfHJw8Q/DVEFF_Q0000_0000_0000_S03_A002_P1.OUT,0,empty,,0,0
gaussian,iBIeUIvhEDHWwRGRXri8-gJqbWeZ,exciting,qpxNMvKmRhqq_F-CfHJw8Q/DVEFF_Q0000_0000_0000_S03_A002_P2.OUT,0,empty,,0,0
gaussian,iBIeUIvhEDHWwRGRXri8-gJqbWeZ,exciting,qpxNMvKmRhqq_F-CfHJw8Q/DVEFF_Q0000_0000_0000_S03_A002_P3.OUT,0,empty,,0,0
gaussian,iBIeUIvhEDHWwRGRXri8-gJqbWeZ,exciting,qpxNMvKmRhqq_F-CfHJw8Q/DVEFF_Q0000_0000_0000_S03_A003_P3.OUT,0,empty,,0,0
gaussian,iBIeUIvhEDHWwRGRXri8-gJqbWeZ,exciting,qpxNMvKmRhqq_F-CfHJw8Q/DVEFF_Q0000_0000_0000_S03_A004_P1.OUT,0,empty,,0,0
gaussian,iBIeUIvhEDHWwRGRXri8-gJqbWeZ,exciting,qpxNMvKmRhqq_F-CfHJw8Q/DVEFF_Q0000_0000_0000_S03_A003_P2.OUT,0,empty,,0,0
gaussian,iBIeUIvhEDHWwRGRXri8-gJqbWeZ,exciting,qpxNMvKmRhqq_F-CfHJw8Q/DVEFF_Q0000_0000_0000_S03_A003_P1.OUT,0,empty,,0,0
gaussian,iBIeUIvhEDHWwRGRXri8-gJqbWeZ,exciting,qpxNMvKmRhqq_F-CfHJw8Q/DVEFF_Q0000_0000_0000_S03_A004_P2.OUT,0,empty,,0,0
gaussian,iBIeUIvhEDHWwRGRXri8-gJqbWeZ,exciting,qpxNMvKmRhqq_F-CfHJw8Q/DVEFF_Q0000_0000_0000_S03_A004_P3.OUT,0,empty,,0,0
gaussian,iBIeUIvhEDHWwRGRXri8-gJqbWeZ,exciting,qpxNMvKmRhqq_F-CfHJw8Q/DVEFF_Q0000_0000_0000_S03_A005_P2.OUT,0,empty,,0,0
gaussian,iBIeUIvhEDHWwRGRXri8-gJqbWeZ,exciting,qpxNMvKmRhqq_F-CfHJw8Q/DVEFF_Q0000_0000_0000_S03_A005_P1.OUT,0,empty,,0,0
gaussian,iBIeUIvhEDHWwRGRXri8-gJqbWeZ,exciting,qpxNMvKmRhqq_F-CfHJw8Q/DVEFF_Q0000_0000_0000_S04_A001_P1.OUT,0,empty,,0,0
gaussian,iBIeUIvhEDHWwRGRXri8-gJqbWeZ,exciting,qpxNMvKmRhqq_F-CfHJw8Q/DVEFF_Q0000_0000_0000_S03_A005_P3.OUT,0,empty,,0,0
gaussian,iBIeUIvhEDHWwRGRXri8-gJqbWeZ,exciting,qpxNMvKmRhqq_F-CfHJw8Q/DVEFF_Q0000_0000_0000_S04_A001_P3.OUT,0,empty,,0,0
gaussian,iBIeUIvhEDHWwRGRXri8-gJqbWeZ,exciting,qpxNMvKmRhqq_F-CfHJw8Q/DVEFF_Q0000_0000_0000_S04_A001_P2.OUT,0,empty,,0,0
gaussian,iBIeUIvhEDHWwRGRXri8-gJqbWeZ,exciting,qpxNMvKmRhqq_F-CfHJw8Q/DVEFF_Q0000_0000_0000_S04_A002_P1.OUT,0,empty,,0,0
gaussian,iBIeUIvhEDHWwRGRXri8-gJqbWeZ,exciting,qpxNMvKmRhqq_F-CfHJw8Q/DVEFF_Q0000_0000_0000_S04_A002_P2.OUT,0,empty,,0,0
gaussian,iBIeUIvhEDHWwRGRXri8-gJqbWeZ,exciting,qpxNMvKmRhqq_F-CfHJw8Q/DVEFF_Q0000_0000_0000_S04_A003_P1.OUT,0,empty,,0,0
gaussian,iBIeUIvhEDHWwRGRXri8-gJqbWeZ,exciting,qpxNMvKmRhqq_F-CfHJw8Q/DVEFF_Q0000_0000_0000_S04_A002_P3.OUT,0,empty,,0,0
gaussian,iBIeUIvhEDHWwRGRXri8-gJqbWeZ,exciting,qpxNMvKmRhqq_F-CfHJw8Q/DVEFF_Q0000_0000_0000_S04_A003_P3.OUT,0,empty,,0,0
gaussian,iBIeUIvhEDHWwRGRXri8-gJqbWeZ,exciting,qpxNMvKmRhqq_F-CfHJw8Q/DVEFF_Q0000_0000_0000_S04_A004_P2.OUT,0,empty,,0,0
gaussian,iBIeUIvhEDHWwRGRXri8-gJqbWeZ,exciting,qpxNMvKmRhqq_F-CfHJw8Q/DVEFF_Q0000_0000_0000_S04_A003_P2.OUT,0,empty,,0,0
gaussian,iBIeUIvhEDHWwRGRXri8-gJqbWeZ,exciting,qpxNMvKmRhqq_F-CfHJw8Q/DVEFF_Q0000_0000_0000_S04_A004_P1.OUT,0,empty,,0,0
gaussian,iBIeUIvhEDHWwRGRXri8-gJqbWeZ,exciting,qpxNMvKmRhqq_F-CfHJw8Q/DYN_Q0000_0000_0000_S01_A001_P1.OUT,0,empty,,0,0
gaussian,iBIeUIvhEDHWwRGRXri8-gJqbWeZ,exciting,qpxNMvKmRhqq_F-CfHJw8Q/DYN_Q0000_0000_0000_S01_A001_P2.OUT,0,empty,,0,0
gaussian,iBIeUIvhEDHWwRGRXri8-gJqbWeZ,exciting,qpxNMvKmRhqq_F-CfHJw8Q/DYN_Q0000_0000_0000_S01_A001_P3.OUT,0,empty,,0,0
gaussian,iBIeUIvhEDHWwRGRXri8-gJqbWeZ,exciting,qpxNMvKmRhqq_F-CfHJw8Q/DYN_Q0000_0000_0000_S01_A002_P1.OUT,0,empty,,0,0
gaussian,iBIeUIvhEDHWwRGRXri8-gJqbWeZ,exciting,qpxNMvKmRhqq_F-CfHJw8Q/DYN_Q0000_0000_0000_S01_A002_P2.OUT,0,empty,,0,0
gaussian,iBIeUIvhEDHWwRGRXri8-gJqbWeZ,exciting,qpxNMvKmRhqq_F-CfHJw8Q/DYN_Q0000_0000_0000_S01_A002_P3.OUT,0,empty,,0,0
gaussian,iBIeUIvhEDHWwRGRXri8-gJqbWeZ,exciting,qpxNMvKmRhqq_F-CfHJw8Q/DYN_Q0000_0000_0000_S01_A003_P1.OUT,0,empty,,0,0
gaussian,iBIeUIvhEDHWwRGRXri8-gJqbWeZ,exciting,qpxNMvKmRhqq_F-CfHJw8Q/DYN_Q0000_0000_0000_S01_A003_P2.OUT,0,empty,,0,0
gaussian,iBIeUIvhEDHWwRGRXri8-gJqbWeZ,exciting,qpxNMvKmRhqq_F-CfHJw8Q/DYN_Q0000_0000_0000_S01_A003_P3.OUT,0,empty,,0,0
gaussian,iBIeUIvhEDHWwRGRXri8-gJqbWeZ,exciting,qpxNMvKmRhqq_F-CfHJw8Q/DYN_Q0000_0000_0000_S01_A004_P1.OUT,0,empty,,0,0
gaussian,iBIeUIvhEDHWwRGRXri8-gJqbWeZ,exciting,qpxNMvKmRhqq_F-CfHJw8Q/DYN_Q0000_0000_0000_S01_A004_P2.OUT,0,empty,,0,0
gaussian,iBIeUIvhEDHWwRGRXri8-gJqbWeZ,exciting,qpxNMvKmRhqq_F-CfHJw8Q/DYN_Q0000_0000_0000_S01_A004_P3.OUT,0,empty,,0,0
gaussian,iBIeUIvhEDHWwRGRXri8-gJqbWeZ,exciting,qpxNMvKmRhqq_F-CfHJw8Q/DYN_Q0000_0000_0000_S01_A005_P1.OUT,0,empty,,0,0
gaussian,iBIeUIvhEDHWwRGRXri8-gJqbWeZ,exciting,qpxNMvKmRhqq_F-CfHJw8Q/DYN_Q0000_0000_0000_S01_A005_P2.OUT,0,empty,,0,0
gaussian,iBIeUIvhEDHWwRGRXri8-gJqbWeZ,exciting,qpxNMvKmRhqq_F-CfHJw8Q/DYN_Q0000_0000_0000_S01_A005_P3.OUT,0,empty,,0,0
gaussian,iBIeUIvhEDHWwRGRXri8-gJqbWeZ,exciting,qpxNMvKmRhqq_F-CfHJw8Q/DYN_Q0000_0000_0000_S01_A006_P1.OUT,0,empty,,0,0
gaussian,iBIeUIvhEDHWwRGRXri8-gJqbWeZ,exciting,qpxNMvKmRhqq_F-CfHJw8Q/DYN_Q0000_0000_0000_S01_A006_P2.OUT,0,empty,,0,0
gaussian,iBIeUIvhEDHWwRGRXri8-gJqbWeZ,exciting,qpxNMvKmRhqq_F-CfHJw8Q/DYN_Q0000_0000_0000_S01_A006_P3.OUT,0,empty,,0,0
gaussian,iBIeUIvhEDHWwRGRXri8-gJqbWeZ,exciting,qpxNMvKmRhqq_F-CfHJw8Q/DYN_Q0000_0000_0000_S01_A007_P1.OUT,0,empty,,0,0
gaussian,iBIeUIvhEDHWwRGRXri8-gJqbWeZ,exciting,qpxNMvKmRhqq_F-CfHJw8Q/DYN_Q0000_0000_0000_S01_A007_P2.OUT,0,empty,,0,0
gaussian,iBIeUIvhEDHWwRGRXri8-gJqbWeZ,exciting,qpxNMvKmRhqq_F-CfHJw8Q/DYN_Q0000_0000_0000_S01_A007_P3.OUT,0,empty,,0,0
gaussian,iBIeUIvhEDHWwRGRXri8-gJqbWeZ,exciting,qpxNMvKmRhqq_F-CfHJw8Q/DYN_Q0000_0000_0000_S01_A008_P1.OUT,0,empty,,0,0
gaussian,iBIeUIvhEDHWwRGRXri8-gJqbWeZ,exciting,qpxNMvKmRhqq_F-CfHJw8Q/DYN_Q0000_0000_0000_S01_A008_P2.OUT,0,empty,,0,0
gaussian,iBIeUIvhEDHWwRGRXri8-gJqbWeZ,exciting,qpxNMvKmRhqq_F-CfHJw8Q/DYN_Q0000_0000_0000_S01_A008_P3.OUT,0,empty,,0,0
gaussian,iBIeUIvhEDHWwRGRXri8-gJqbWeZ,exciting,qpxNMvKmRhqq_F-CfHJw8Q/DYN_Q0000_0000_0000_S01_A009_P1.OUT,0,empty,,0,0
gaussian,iBIeUIvhEDHWwRGRXri8-gJqbWeZ,exciting,qpxNMvKmRhqq_F-CfHJw8Q/DYN_Q0000_0000_0000_S01_A009_P2.OUT,0,empty,,0,0
gaussian,iBIeUIvhEDHWwRGRXri8-gJqbWeZ,exciting,qpxNMvKmRhqq_F-CfHJw8Q/DYN_Q0000_0000_0000_S01_A009_P3.OUT,0,empty,,0,0
gaussian,iBIeUIvhEDHWwRGRXri8-gJqbWeZ,exciting,qpxNMvKmRhqq_F-CfHJw8Q/DYN_Q0000_0000_0000_S01_A010_P1.OUT,0,empty,,0,0
gaussian,iBIeUIvhEDHWwRGRXri8-gJqbWeZ,exciting,qpxNMvKmRhqq_F-CfHJw8Q/DYN_Q0000_0000_0000_S01_A010_P2.OUT,0,empty,,0,0
gaussian,iBIeUIvhEDHWwRGRXri8-gJqbWeZ,exciting,qpxNMvKmRhqq_F-CfHJw8Q/DYN_Q0000_0000_0000_S01_A010_P3.OUT,0,empty,,0,0
gaussian,iBIeUIvhEDHWwRGRXri8-gJqbWeZ,exciting,qpxNMvKmRhqq_F-CfHJw8Q/DYN_Q0000_0000_0000_S01_A011_P1.OUT,0,empty,,0,0
gaussian,iBIeUIvhEDHWwRGRXri8-gJqbWeZ,exciting,qpxNMvKmRhqq_F-CfHJw8Q/DYN_Q0000_0000_0000_S01_A011_P2.OUT,0,empty,,0,0
gaussian,iBIeUIvhEDHWwRGRXri8-gJqbWeZ,exciting,qpxNMvKmRhqq_F-CfHJw8Q/DYN_Q0000_0000_0000_S01_A011_P3.OUT,0,empty,,0,0
gaussian,iBIeUIvhEDHWwRGRXri8-gJqbWeZ,exciting,qpxNMvKmRhqq_F-CfHJw8Q/DYN_Q0000_0000_0000_S01_A012_P1.OUT,0,empty,,0,0
gaussian,iBIeUIvhEDHWwRGRXri8-gJqbWeZ,exciting,qpxNMvKmRhqq_F-CfHJw8Q/DYN_Q0000_0000_0000_S01_A012_P2.OUT,0,empty,,0,0
gaussian,iBIeUIvhEDHWwRGRXri8-gJqbWeZ,exciting,qpxNMvKmRhqq_F-CfHJw8Q/DYN_Q0000_0000_0000_S01_A012_P3.OUT,0,empty,,0,0
gaussian,iBIeUIvhEDHWwRGRXri8-gJqbWeZ,exciting,qpxNMvKmRhqq_F-CfHJw8Q/DYN_Q0000_0000_0000_S01_A013_P1.OUT,0,empty,,0,0
gaussian,iBIeUIvhEDHWwRGRXri8-gJqbWeZ,exciting,qpxNMvKmRhqq_F-CfHJw8Q/DYN_Q0000_0000_0000_S01_A013_P2.OUT,0,empty,,0,0
gaussian,iBIeUIvhEDHWwRGRXri8-gJqbWeZ,exciting,qpxNMvKmRhqq_F-CfHJw8Q/DYN_Q0000_0000_0000_S01_A013_P3.OUT,0,empty,,0,0
gaussian,iBIeUIvhEDHWwRGRXri8-gJqbWeZ,exciting,qpxNMvKmRhqq_F-CfHJw8Q/DYN_Q0000_0000_0000_S01_A014_P1.OUT,0,empty,,0,0
gaussian,iBIeUIvhEDHWwRGRXri8-gJqbWeZ,exciting,qpxNMvKmRhqq_F-CfHJw8Q/DYN_Q0000_0000_0000_S01_A014_P2.OUT,0,empty,,0,0
gaussian,iBIeUIvhEDHWwRGRXri8-gJqbWeZ,exciting,qpxNMvKmRhqq_F-CfHJw8Q/DYN_Q0000_0000_0000_S01_A014_P3.OUT,0,empty,,0,0
gaussian,iBIeUIvhEDHWwRGRXri8-gJqbWeZ,exciting,qpxNMvKmRhqq_F-CfHJw8Q/DYN_Q0000_0000_0000_S01_A015_P1.OUT,0,empty,,0,0
gaussian,iBIeUIvhEDHWwRGRXri8-gJqbWeZ,exciting,qpxNMvKmRhqq_F-CfHJw8Q/DYN_Q0000_0000_0000_S01_A015_P2.OUT,0,empty,,0,0
gaussian,iBIeUIvhEDHWwRGRXri8-gJqbWeZ,exciting,qpxNMvKmRhqq_F-CfHJw8Q/DYN_Q0000_0000_0000_S01_A015_P3.OUT,0,empty,,0,0
gaussian,iBIeUIvhEDHWwRGRXri8-gJqbWeZ,exciting,qpxNMvKmRhqq_F-CfHJw8Q/DYN_Q0000_0000_0000_S01_A016_P1.OUT,0,empty,,0,0
gaussian,iBIeUIvhEDHWwRGRXri8-gJqbWeZ,exciting,qpxNMvKmRhqq_F-CfHJw8Q/DYN_Q0000_0000_0000_S01_A016_P2.OUT,0,empty,,0,0
gaussian,iBIeUIvhEDHWwRGRXri8-gJqbWeZ,exciting,qpxNMvKmRhqq_F-CfHJw8Q/DYN_Q0000_0000_0000_S01_A016_P3.OUT,0,empty,,0,0
gaussian,iBIeUIvhEDHWwRGRXri8-gJqbWeZ,exciting,qpxNMvKmRhqq_F-CfHJw8Q/DYN_Q0000_0000_0000_S01_A017_P1.OUT,0,empty,,0,0
gaussian,iBIeUIvhEDHWwRGRXri8-gJqbWeZ,exciting,qpxNMvKmRhqq_F-CfHJw8Q/DYN_Q0000_0000_0000_S01_A017_P2.OUT,0,empty,,0,0
gaussian,iBIeUIvhEDHWwRGRXri8-gJqbWeZ,exciting,qpxNMvKmRhqq_F-CfHJw8Q/DYN_Q0000_0000_0000_S01_A017_P3.OUT,0,empty,,0,0
gaussian,iBIeUIvhEDHWwRGRXri8-gJqbWeZ,exciting,qpxNMvKmRhqq_F-CfHJw8Q/DYN_Q0000_0000_0000_S01_A018_P1.OUT,0,empty,,0,0
gaussian,iBIeUIvhEDHWwRGRXri8-gJqbWeZ,exciting,qpxNMvKmRhqq_F-CfHJw8Q/DYN_Q0000_0000_0000_S01_A018_P2.OUT,0,empty,,0,0
gaussian,iBIeUIvhEDHWwRGRXri8-gJqbWeZ,exciting,qpxNMvKmRhqq_F-CfHJw8Q/DYN_Q0000_0000_0000_S01_A018_P3.OUT,0,empty,,0,0
gaussian,iBIeUIvhEDHWwRGRXri8-gJqbWeZ,exciting,qpxNMvKmRhqq_F-CfHJw8Q/DYN_Q0000_0000_0000_S02_A001_P1.OUT,0,empty,,0,0
gaussian,iBIeUIvhEDHWwRGRXri8-gJqbWeZ,exciting,qpxNMvKmRhqq_F-CfHJw8Q/DYN_Q0000_0000_0000_S02_A001_P2.OUT,0,empty,,0,0
gaussian,iBIeUIvhEDHWwRGRXri8-gJqbWeZ,exciting,qpxNMvKmRhqq_F-CfHJw8Q/DYN_Q0000_0000_0000_S02_A001_P3.OUT,0,empty,,0,0
gaussian,iBIeUIvhEDHWwRGRXri8-gJqbWeZ,exciting,qpxNMvKmRhqq_F-CfHJw8Q/DYN_Q0000_0000_0000_S02_A002_P1.OUT,0,empty,,0,0
gaussian,iBIeUIvhEDHWwRGRXri8-gJqbWeZ,exciting,qpxNMvKmRhqq_F-CfHJw8Q/DYN_Q0000_0000_0000_S02_A002_P2.OUT,0,empty,,0,0
gaussian,iBIeUIvhEDHWwRGRXri8-gJqbWeZ,exciting,qpxNMvKmRhqq_F-CfHJw8Q/DYN_Q0000_0000_0000_S02_A002_P3.OUT,0,empty,,0,0
gaussian,iBIeUIvhEDHWwRGRXri8-gJqbWeZ,exciting,qpxNMvKmRhqq_F-CfHJw8Q/DYN_Q0000_0000_0000_S02_A003_P1.OUT,0,empty,,0,0
gaussian,iBIeUIvhEDHWwRGRXri8-gJqbWeZ,exciting,qpxNMvKmRhqq_F-CfHJw8Q/DYN_Q0000_0000_0000_S02_A003_P2.OUT,0,empty,,0,0
gaussian,iBIeUIvhEDHWwRGRXri8-gJqbWeZ,exciting,qpxNMvKmRhqq_F-CfHJw8Q/DYN_Q0000_0000_0000_S02_A003_P3.OUT,0,empty,,0,0
gaussian,iBIeUIvhEDHWwRGRXri8-gJqbWeZ,exciting,qpxNMvKmRhqq_F-CfHJw8Q/DYN_Q0000_0000_0000_S02_A004_P1.OUT,0,empty,,0,0
gaussian,iBIeUIvhEDHWwRGRXri8-gJqbWeZ,exciting,qpxNMvKmRhqq_F-CfHJw8Q/DYN_Q0000_0000_0000_S02_A004_P2.OUT,0,empty,,0,0
gaussian,iBIeUIvhEDHWwRGRXri8-gJqbWeZ,exciting,qpxNMvKmRhqq_F-CfHJw8Q/DYN_Q0000_0000_0000_S02_A004_P3.OUT,0,empty,,0,0
gaussian,iBIeUIvhEDHWwRGRXri8-gJqbWeZ,exciting,qpxNMvKmRhqq_F-CfHJw8Q/DYN_Q0000_0000_0000_S02_A005_P1.OUT,0,empty,,0,0
gaussian,iBIeUIvhEDHWwRGRXri8-gJqbWeZ,exciting,qpxNMvKmRhqq_F-CfHJw8Q/DYN_Q0000_0000_0000_S02_A005_P2.OUT,0,empty,,0,0
gaussian,iBIeUIvhEDHWwRGRXri8-gJqbWeZ,exciting,qpxNMvKmRhqq_F-CfHJw8Q/DYN_Q0000_0000_0000_S02_A005_P3.OUT,0,empty,,0,0
gaussian,iBIeUIvhEDHWwRGRXri8-gJqbWeZ,exciting,qpxNMvKmRhqq_F-CfHJw8Q/DYN_Q0000_0000_0000_S02_A006_P1.OUT,0,empty,,0,0
gaussian,iBIeUIvhEDHWwRGRXri8-gJqbWeZ,exciting,qpxNMvKmRhqq_F-CfHJw8Q/DYN_Q0000_0000_0000_S02_A006_P2.OUT,0,empty,,0,0
gaussian,iBIeUIvhEDHWwRGRXri8-gJqbWeZ,exciting,qpxNMvKmRhqq_F-CfHJw8Q/DYN_Q0000_0000_0000_S02_A006_P3.OUT,0,empty,,0,0
gaussian,iBIeUIvhEDHWwRGRXri8-gJqbWeZ,exciting,qpxNMvKmRhqq_F-CfHJw8Q/DYN_Q0000_0000_0000_S02_A007_P1.OUT,0,empty,,0,0
gaussian,iBIeUIvhEDHWwRGRXri8-gJqbWeZ,exciting,qpxNMvKmRhqq_F-CfHJw8Q/DYN_Q0000_0000_0000_S02_A007_P2.OUT,0,empty,,0,0
gaussian,iBIeUIvhEDHWwRGRXri8-gJqbWeZ,exciting,qpxNMvKmRhqq_F-CfHJw8Q/DYN_Q0000_0000_0000_S02_A007_P3.OUT,0,empty,,0,0
gaussian,iBIeUIvhEDHWwRGRXri8-gJqbWeZ,exciting,qpxNMvKmRhqq_F-CfHJw8Q/DYN_Q0000_0000_0000_S02_A008_P1.OUT,0,empty,,0,0
gaussian,iBIeUIvhEDHWwRGRXri8-gJqbWeZ,exciting,qpxNMvKmRhqq_F-CfHJw8Q/DYN_Q0000_0000_0000_S02_A008_P2.OUT,0,empty,,0,0
gaussian,iBIeUIvhEDHWwRGRXri8-gJqbWeZ,exciting,qpxNMvKmRhqq_F-CfHJw8Q/DYN_Q0000_0000_0000_S02_A008_P3.OUT,0,empty,,0,0
gaussian,iBIeUIvhEDHWwRGRXri8-gJqbWeZ,exciting,qpxNMvKmRhqq_F-CfHJw8Q/DYN_Q0000_0000_0000_S02_A009_P1.OUT,0,empty,,0,0
gaussian,iBIeUIvhEDHWwRGRXri8-gJqbWeZ,exciting,qpxNMvKmRhqq_F-CfHJw8Q/DYN_Q0000_0000_0000_S02_A009_P2.OUT,0,empty,,0,0
gaussian,iBIeUIvhEDHWwRGRXri8-gJqbWeZ,exciting,qpxNMvKmRhqq_F-CfHJw8Q/DYN_Q0000_0000_0000_S02_A009_P3.OUT,0,empty,,0,0
gaussian,iBIeUIvhEDHWwRGRXri8-gJqbWeZ,exciting,qpxNMvKmRhqq_F-CfHJw8Q/DYN_Q0000_0000_0000_S03_A001_P1.OUT,0,empty,,0,0
gaussian,iBIeUIvhEDHWwRGRXri8-gJqbWeZ,exciting,qpxNMvKmRhqq_F-CfHJw8Q/DYN_Q0000_0000_0000_S03_A001_P2.OUT,0,empty,,0,0
gaussian,iBIeUIvhEDHWwRGRXri8-gJqbWeZ,exciting,qpxNMvKmRhqq_F-CfHJw8Q/DYN_Q0000_0000_0000_S03_A001_P3.OUT,0,empty,,0,0
gaussian,iBIeUIvhEDHWwRGRXri8-gJqbWeZ,exciting,qpxNMvKmRhqq_F-CfHJw8Q/DYN_Q0000_0000_0000_S03_A002_P1.OUT,0,empty,,0,0
gaussian,iBIeUIvhEDHWwRGRXri8-gJqbWeZ,exciting,qpxNMvKmRhqq_F-CfHJw8Q/DYN_Q0000_0000_0000_S03_A002_P2.OUT,0,empty,,0,0
gaussian,iBIeUIvhEDHWwRGRXri8-gJqbWeZ,exciting,qpxNMvKmRhqq_F-CfHJw8Q/DYN_Q0000_0000_0000_S03_A002_P3.OUT,0,empty,,0,0
gaussian,iBIeUIvhEDHWwRGRXri8-gJqbWeZ,exciting,qpxNMvKmRhqq_F-CfHJw8Q/DYN_Q0000_0000_0000_S03_A003_P1.OUT,0,empty,,0,0
gaussian,iBIeUIvhEDHWwRGRXri8-gJqbWeZ,exciting,qpxNMvKmRhqq_F-CfHJw8Q/DYN_Q0000_0000_0000_S03_A003_P2.OUT,0,empty,,0,0
gaussian,iBIeUIvhEDHWwRGRXri8-gJqbWeZ,exciting,qpxNMvKmRhqq_F-CfHJw8Q/DYN_Q0000_0000_0000_S03_A003_P3.OUT,0,empty,,0,0
gaussian,iBIeUIvhEDHWwRGRXri8-gJqbWeZ,exciting,qpxNMvKmRhqq_F-CfHJw8Q/DYN_Q0000_0000_0000_S03_A004_P1.OUT,0,empty,,0,0
gaussian,iBIeUIvhEDHWwRGRXri8-gJqbWeZ,exciting,qpxNMvKmRhqq_F-CfHJw8Q/DYN_Q0000_0000_0000_S03_A004_P2.OUT,0,empty,,0,0
gaussian,iBIeUIvhEDHWwRGRXri8-gJqbWeZ,exciting,qpxNMvKmRhqq_F-CfHJw8Q/DYN_Q0000_0000_0000_S03_A004_P3.OUT,0,empty,,0,0
gaussian,iBIeUIvhEDHWwRGRXri8-gJqbWeZ,exciting,qpxNMvKmRhqq_F-CfHJw8Q/DYN_Q0000_0000_0000_S03_A005_P1.OUT,0,empty,,0,0
gaussian,iBIeUIvhEDHWwRGRXri8-gJqbWeZ,exciting,qpxNMvKmRhqq_F-CfHJw8Q/DYN_Q0000_0000_0000_S03_A005_P2.OUT,0,empty,,0,0
gaussian,iBIeUIvhEDHWwRGRXri8-gJqbWeZ,exciting,qpxNMvKmRhqq_F-CfHJw8Q/DYN_Q0000_0000_0000_S03_A005_P3.OUT,0,empty,,0,0
gaussian,iBIeUIvhEDHWwRGRXri8-gJqbWeZ,exciting,qpxNMvKmRhqq_F-CfHJw8Q/DYN_Q0000_0000_0000_S04_A001_P1.OUT,0,empty,,0,0
gaussian,iBIeUIvhEDHWwRGRXri8-gJqbWeZ,exciting,qpxNMvKmRhqq_F-CfHJw8Q/DYN_Q0000_0000_0000_S04_A001_P2.OUT,0,empty,,0,0
gaussian,iBIeUIvhEDHWwRGRXri8-gJqbWeZ,exciting,qpxNMvKmRhqq_F-CfHJw8Q/DYN_Q0000_0000_0000_S04_A001_P3.OUT,0,empty,,0,0
gaussian,iBIeUIvhEDHWwRGRXri8-gJqbWeZ,exciting,qpxNMvKmRhqq_F-CfHJw8Q/DYN_Q0000_0000_0000_S04_A002_P1.OUT,0,empty,,0,0
gaussian,iBIeUIvhEDHWwRGRXri8-gJqbWeZ,exciting,qpxNMvKmRhqq_F-CfHJw8Q/DYN_Q0000_0000_0000_S04_A002_P2.OUT,0,empty,,0,0
gaussian,iBIeUIvhEDHWwRGRXri8-gJqbWeZ,exciting,qpxNMvKmRhqq_F-CfHJw8Q/DYN_Q0000_0000_0000_S04_A002_P3.OUT,0,empty,,0,0
gaussian,iBIeUIvhEDHWwRGRXri8-gJqbWeZ,exciting,qpxNMvKmRhqq_F-CfHJw8Q/DYN_Q0000_0000_0000_S04_A003_P1.OUT,0,empty,,0,0
gaussian,iBIeUIvhEDHWwRGRXri8-gJqbWeZ,exciting,qpxNMvKmRhqq_F-CfHJw8Q/DYN_Q0000_0000_0000_S04_A003_P2.OUT,0,empty,,0,0
gaussian,iBIeUIvhEDHWwRGRXri8-gJqbWeZ,exciting,qpxNMvKmRhqq_F-CfHJw8Q/DYN_Q0000_0000_0000_S04_A003_P3.OUT,0,empty,,0,0
gaussian,iBIeUIvhEDHWwRGRXri8-gJqbWeZ,exciting,qpxNMvKmRhqq_F-CfHJw8Q/DYN_Q0000_0000_0000_S04_A004_P1.OUT,0,empty,,0,0
gaussian,iBIeUIvhEDHWwRGRXri8-gJqbWeZ,exciting,qpxNMvKmRhqq_F-CfHJw8Q/DYN_Q0000_0000_0000_S04_A004_P2.OUT,0,empty,,0,0
gaussian,iBIeUIvhEDHWwRGRXri8-gJqbWeZ,exciting,qpxNMvKmRhqq_F-CfHJw8Q/DYN_Q0000_0000_0000_S04_A004_P3.OUT,0,empty,,0,0
gaussian,iBIeUIvhEDHWwRGRXri8-gJqbWeZ,exciting,qpxNMvKmRhqq_F-CfHJw8Q/DYN_Q0000_0000_0000_S04_A005_P1.OUT,0,empty,,0,0
gaussian,iBIeUIvhEDHWwRGRXri8-gJqbWeZ,exciting,qpxNMvKmRhqq_F-CfHJw8Q/DYN_Q0000_0000_0000_S04_A005_P2.OUT,0,empty,,0,0
gaussian,iBIeUIvhEDHWwRGRXri8-gJqbWeZ,exciting,qpxNMvKmRhqq_F-CfHJw8Q/DYN_Q0000_0000_0000_S04_A005_P3.OUT,0,empty,,0,0
gaussian,iBIeUIvhEDHWwRGRXri8-gJqbWeZ,exciting,qpxNMvKmRhqq_F-CfHJw8Q/DYN_Q0000_0000_0000_S05_A001_P1.OUT,0,empty,,0,0
gaussian,iBIeUIvhEDHWwRGRXri8-gJqbWeZ,exciting,qpxNMvKmRhqq_F-CfHJw8Q/DYN_Q0000_0000_0000_S05_A001_P2.OUT,0,empty,,0,0
gaussian,iBIeUIvhEDHWwRGRXri8-gJqbWeZ,exciting,qpxNMvKmRhqq_F-CfHJw8Q/DYN_Q0000_0000_0000_S05_A001_P3.OUT,0,empty,,0,0
gaussian,iBIeUIvhEDHWwRGRXri8-gJqbWeZ,exciting,qpxNMvKmRhqq_F-CfHJw8Q/EVALQP.OUT,0,empty,,0,0
gaussian,iBIeUIvhEDHWwRGRXri8-gJqbWeZ,exciting,qpxNMvKmRhqq_F-CfHJw8Q/DVEFF_Q0000_0000_0000_S04_A004_P3.OUT,0,empty,,0,0
gaussian,iBIeUIvhEDHWwRGRXri8-gJqbWeZ,exciting,qpxNMvKmRhqq_F-CfHJw8Q/DVEFF_Q0000_0000_0000_S04_A005_P1.OUT,0,empty,,0,0
gaussian,iBIeUIvhEDHWwRGRXri8-gJqbWeZ,exciting,qpxNMvKmRhqq_F-CfHJw8Q/DVEFF_Q0000_0000_0000_S04_A005_P2.OUT,0,empty,,0,0
gaussian,iBIeUIvhEDHWwRGRXri8-gJqbWeZ,exciting,qpxNMvKmRhqq_F-CfHJw8Q/H.xml,0,empty,,0,0
gaussian,iBIeUIvhEDHWwRGRXri8-gJqbWeZ,exciting,qpxNMvKmRhqq_F-CfHJw8Q/EVECSV.OUT,0,empty,,0,0
gaussian,iBIeUIvhEDHWwRGRXri8-gJqbWeZ,exciting,qpxNMvKmRhqq_F-CfHJw8Q/Mo.xml,0,empty,,0,0
gaussian,iBIeUIvhEDHWwRGRXri8-gJqbWeZ,exciting,qpxNMvKmRhqq_F-CfHJw8Q/N.xml,0,empty,,0,0
gaussian,iBIeUIvhEDHWwRGRXri8-gJqbWeZ,exciting,qpxNMvKmRhqq_F-CfHJw8Q/S.xml,0,empty,,0,0
gaussian,iBIeUIvhEDHWwRGRXri8-gJqbWeZ,exciting,qpxNMvKmRhqq_F-CfHJw8Q/INFO.OUT,1,empty,,0,0
gaussian,iBIeUIvhEDHWwRGRXri8-gJqbWeZ,exciting,qpxNMvKmRhqq_F-CfHJw8Q/WANNIER_EMAT.OUT,0,empty,,0,0
gaussian,iBIeUIvhEDHWwRGRXri8-gJqbWeZ,exciting,qpxNMvKmRhqq_F-CfHJw8Q/WANNIER_INFO.OUT,0,empty,,0,0
gaussian,iBIeUIvhEDHWwRGRXri8-gJqbWeZ,exciting,qpxNMvKmRhqq_F-CfHJw8Q/WANNIER_TRANSFORM.OUT,0,empty,,0,0
gaussian,iBIeUIvhEDHWwRGRXri8-gJqbWeZ,exciting,qpxNMvKmRhqq_F-CfHJw8Q/input.xml,0,empty,,0,0
gaussian,ir_SAeHwKF2cMHE7J56uwBScN3PL,GAMESS,58G9YZi8SMS2QATRSom9MQ/RCWnE6CiPA8v5vyGpJEV5BKIm4XSC/data/tcnedim/tcnedim_b3_1_a.inp,0,empty,,0,0
gaussian,iBIeUIvhEDHWwRGRXri8-gJqbWeZ,exciting,qpxNMvKmRhqq_F-CfHJw8Q/DVEFF_Q0000_0000_0000_S04_A005_P3.OUT,0,empty,,0,0
gaussian,ir_SAeHwKF2cMHE7J56uwBScN3PL,GAMESS,58G9YZi8SMS2QATRSom9MQ/RCWnE6CiPA8v5vyGpJEV5BKIm4XSC/data/tcnedim/tcnedim_b3_1_b.inp,0,empty,,0,0
gaussian,ir_SAeHwKF2cMHE7J56uwBScN3PL,GAMESS,58G9YZi8SMS2QATRSom9MQ/RCWnE6CiPA8v5vyGpJEV5BKIm4XSC/data/tcnedim/tcnedim_b3_1_a.out,0,empty,,0,0
gaussian,ir_SAeHwKF2cMHE7J56uwBScN3PL,GAMESS,58G9YZi8SMS2QATRSom9MQ/RCWnE6CiPA8v5vyGpJEV5BKIm4XSC/data/tcnedim/tcnedim_b3_1_c.inp,0,empty,,0,0
gaussian,ir_SAeHwKF2cMHE7J56uwBScN3PL,GAMESS,58G9YZi8SMS2QATRSom9MQ/RCWnE6CiPA8v5vyGpJEV5BKIm4XSC/data/tcnedim/tcnedim_b3_1_b.out,0,empty,,0,0
gaussian,ir_SAeHwKF2cMHE7J56uwBScN3PL,GAMESS,58G9YZi8SMS2QATRSom9MQ/RCWnE6CiPA8v5vyGpJEV5BKIm4XSC/data/tcnedim/tcnedim_b3_1bs_a.inp,0,empty,,0,0
gaussian,ir_SAeHwKF2cMHE7J56uwBScN3PL,GAMESS,58G9YZi8SMS2QATRSom9MQ/RCWnE6CiPA8v5vyGpJEV5BKIm4XSC/data/tcnedim/tcnedim_b3_1_c.out,0,empty,,0,0
gaussian,ir_SAeHwKF2cMHE7J56uwBScN3PL,GAMESS,58G9YZi8SMS2QATRSom9MQ/RCWnE6CiPA8v5vyGpJEV5BKIm4XSC/data/tcnedim/tcnedim_b3_1bs_b.inp,0,empty,,0,0
gaussian,ir_SAeHwKF2cMHE7J56uwBScN3PL,GAMESS,58G9YZi8SMS2QATRSom9MQ/RCWnE6CiPA8v5vyGpJEV5BKIm4XSC/data/tcnedim/tcnedim_b3_1bs_a.out,0,empty,,0,0
gaussian,ir_SAeHwKF2cMHE7J56uwBScN3PL,GAMESS,58G9YZi8SMS2QATRSom9MQ/RCWnE6CiPA8v5vyGpJEV5BKIm4XSC/data/tcnedim/tcnedim_b3_1bs_c.inp,0,empty,,0,0
gaussian,ir_SAeHwKF2cMHE7J56uwBScN3PL,GAMESS,58G9YZi8SMS2QATRSom9MQ/RCWnE6CiPA8v5vyGpJEV5BKIm4XSC/data/tcnedim/tcnedim_b3_1bs_b.out,0,empty,,0,0
gaussian,ir_SAeHwKF2cMHE7J56uwBScN3PL,GAMESS,58G9YZi8SMS2QATRSom9MQ/RCWnE6CiPA8v5vyGpJEV5BKIm4XSC/data/tcnedim/tcnedim_b3_3_a.inp,0,empty,,0,0
gaussian,ir_SAeHwKF2cMHE7J56uwBScN3PL,GAMESS,58G9YZi8SMS2QATRSom9MQ/RCWnE6CiPA8v5vyGpJEV5BKIm4XSC/data/tcnedim/tcnedim_b3_1bs_c.out,0,empty,,0,0
gaussian,ir_SAeHwKF2cMHE7J56uwBScN3PL,GAMESS,58G9YZi8SMS2QATRSom9MQ/RCWnE6CiPA8v5vyGpJEV5BKIm4XSC/data/tcnedim/tcnedim_b3_3_b.inp,0,empty,,0,0
gaussian,iBIeUIvhEDHWwRGRXri8-gJqbWeZ,exciting,qpxNMvKmRhqq_F-CfHJw8Q/DVEFF_Q0000_0000_0000_S05_A001_P1.OUT,0,empty,,0,0
gaussian,ir_SAeHwKF2cMHE7J56uwBScN3PL,GAMESS,58G9YZi8SMS2QATRSom9MQ/RCWnE6CiPA8v5vyGpJEV5BKIm4XSC/data/tcnedim/tcnedim_b3_3_c.inp,0,empty,,0,0
gaussian,ir_SAeHwKF2cMHE7J56uwBScN3PL,GAMESS,58G9YZi8SMS2QATRSom9MQ/RCWnE6CiPA8v5vyGpJEV5BKIm4XSC/data/tcnedim/tcnedim_b3_3_a.out,0,empty,,0,0
gaussian,ir_SAeHwKF2cMHE7J56uwBScN3PL,GAMESS,58G9YZi8SMS2QATRSom9MQ/RCWnE6CiPA8v5vyGpJEV5BKIm4XSC/data/tcnedim/tcnedim_b3_dis_3.inp,0,empty,,0,0
gaussian,ir_SAeHwKF2cMHE7J56uwBScN3PL,GAMESS,58G9YZi8SMS2QATRSom9MQ/RCWnE6CiPA8v5vyGpJEV5BKIm4XSC/data/tcnedim/tcnedim_b3_3_b.out,0,empty,,0,0
gaussian,ir_SAeHwKF2cMHE7J56uwBScN3PL,GAMESS,58G9YZi8SMS2QATRSom9MQ/RCWnE6CiPA8v5vyGpJEV5BKIm4XSC/data/tcnedim/tcnedim_cas22mp2_1_a.inp,0,empty,,0,0
gaussian,iBIeUIvhEDHWwRGRXri8-gJqbWeZ,exciting,qpxNMvKmRhqq_F-CfHJw8Q/DVEFF_Q0000_0000_0000_S05_A001_P2.OUT,0,empty,,0,0
gaussian,ir_SAeHwKF2cMHE7J56uwBScN3PL,GAMESS,58G9YZi8SMS2QATRSom9MQ/RCWnE6CiPA8v5vyGpJEV5BKIm4XSC/data/tcnedim/tcnedim_cas22mp2_1_b.inp,0,empty,,0,0
gaussian,ir_SAeHwKF2cMHE7J56uwBScN3PL,GAMESS,58G9YZi8SMS2QATRSom9MQ/RCWnE6CiPA8v5vyGpJEV5BKIm4XSC/data/tcnedim/tcnedim_cas22mp2_1_a.out,0,empty,,0,0
gaussian,ir_SAeHwKF2cMHE7J56uwBScN3PL,GAMESS,58G9YZi8SMS2QATRSom9MQ/RCWnE6CiPA8v5vyGpJEV5BKIm4XSC/data/tcnedim/tcnedim_cas22mp2_1_c.inp,0,empty,,0,0
gaussian,ir_SAeHwKF2cMHE7J56uwBScN3PL,GAMESS,58G9YZi8SMS2QATRSom9MQ/RCWnE6CiPA8v5vyGpJEV5BKIm4XSC/data/tcnedim/tcnedim_cas22mp2_1_b.out,0,empty,,0,0
gaussian,ir_SAeHwKF2cMHE7J56uwBScN3PL,GAMESS,58G9YZi8SMS2QATRSom9MQ/RCWnE6CiPA8v5vyGpJEV5BKIm4XSC/data/tcnedim/tcnedim_cas22mp2_dis_1.inp,0,empty,,0,0
gaussian,ir_SAeHwKF2cMHE7J56uwBScN3PL,GAMESS,58G9YZi8SMS2QATRSom9MQ/RCWnE6CiPA8v5vyGpJEV5BKIm4XSC/data/tcnedim/tcnedim_b3_dis_3.out,0,empty,,0,0
gaussian,ir_SAeHwKF2cMHE7J56uwBScN3PL,GAMESS,58G9YZi8SMS2QATRSom9MQ/RCWnE6CiPA8v5vyGpJEV5BKIm4XSC/data/tcnedim/tcnedim_rmp2_1_a.inp,0,empty,,0,0
gaussian,ir_SAeHwKF2cMHE7J56uwBScN3PL,GAMESS,58G9YZi8SMS2QATRSom9MQ/RCWnE6CiPA8v5vyGpJEV5BKIm4XSC/data/tcnedim/tcnedim_cas22mp2_1_c.out,0,empty,,0,0
gaussian,ir_SAeHwKF2cMHE7J56uwBScN3PL,GAMESS,58G9YZi8SMS2QATRSom9MQ/RCWnE6CiPA8v5vyGpJEV5BKIm4XSC/data/tcnedim/tcnedim_rmp2_1_b.inp,0,empty,,0,0
gaussian,ir_SAeHwKF2cMHE7J56uwBScN3PL,GAMESS,58G9YZi8SMS2QATRSom9MQ/RCWnE6CiPA8v5vyGpJEV5BKIm4XSC/data/tcnedim/tcnedim_b3_3_c.out,0,empty,,0,0
gaussian,ir_SAeHwKF2cMHE7J56uwBScN3PL,GAMESS,58G9YZi8SMS2QATRSom9MQ/RCWnE6CiPA8v5vyGpJEV5BKIm4XSC/data/tcnedim/tcnedim_rmp2_1_c.inp,0,empty,,0,0
gaussian,ir_SAeHwKF2cMHE7J56uwBScN3PL,GAMESS,58G9YZi8SMS2QATRSom9MQ/RCWnE6CiPA8v5vyGpJEV5BKIm4XSC/data/tcnedim/tcnedim_cas22mp2_dis_1.out,0,empty,,0,0
gaussian,ir_SAeHwKF2cMHE7J56uwBScN3PL,GAMESS,58G9YZi8SMS2QATRSom9MQ/RCWnE6CiPA8v5vyGpJEV5BKIm4XSC/data/tcnedim/tcnedim_romp2_3_a.inp,0,empty,,0,0
gaussian,iBIeUIvhEDHWwRGRXri8-gJqbWeZ,exciting,qpxNMvKmRhqq_F-CfHJw8Q/DVEFF_Q0000_0000_0000_S05_A001_P3.OUT,0,empty,,0,0
gaussian,ir_SAeHwKF2cMHE7J56uwBScN3PL,GAMESS,58G9YZi8SMS2QATRSom9MQ/RCWnE6CiPA8v5vyGpJEV5BKIm4XSC/data/tcnedim/tcnedim_romp2_3_b.inp,0,empty,,0,0
gaussian,ir_SAeHwKF2cMHE7J56uwBScN3PL,GAMESS,58G9YZi8SMS2QATRSom9MQ/RCWnE6CiPA8v5vyGpJEV5BKIm4XSC/data/tcnedim/tcnedim_rmp2_1_a.out,1,empty,,0,0
gaussian,ir_SAeHwKF2cMHE7J56uwBScN3PL,GAMESS,58G9YZi8SMS2QATRSom9MQ/RCWnE6CiPA8v5vyGpJEV5BKIm4XSC/data/tcnedim/tcnedim_romp2_3_c.inp,0,empty,,0,0
gaussian,ir_SAeHwKF2cMHE7J56uwBScN3PL,GAMESS,58G9YZi8SMS2QATRSom9MQ/RCWnE6CiPA8v5vyGpJEV5BKIm4XSC/data/tcnedim/tcnedim_rmp2_1_b.out,0,empty,,0,0
gaussian,ir_SAeHwKF2cMHE7J56uwBScN3PL,GAMESS,58G9YZi8SMS2QATRSom9MQ/RCWnE6CiPA8v5vyGpJEV5BKIm4XSC/data/tcnedim/tcnedim_romp2_dis_3.inp,0,empty,,0,0
gaussian,ir_SAeHwKF2cMHE7J56uwBScN3PL,GAMESS,58G9YZi8SMS2QATRSom9MQ/RCWnE6CiPA8v5vyGpJEV5BKIm4XSC/data/tcnedim/tcnedim_rmp2_1_c.out,0,empty,,0,0
gaussian,jpzJnBh20gKHQm5bGGJOxrU6eZ_d,WIEN2k,H74rg1mSSM2RsPjlSOZlgg/dft_nio2_surface/POSCAR,0,empty,,0,0
gaussian,jpzJnBh20gKHQm5bGGJOxrU6eZ_d,WIEN2k,H74rg1mSSM2RsPjlSOZlgg/dft_nio2_surface/job_wien2k.hclm,0,empty,,0,0
gaussian,jpzJnBh20gKHQm5bGGJOxrU6eZ_d,WIEN2k,H74rg1mSSM2RsPjlSOZlgg/dft_nio2_surface/new_super.clmsum,0,empty,,0,0
gaussian,jpzJnBh20gKHQm5bGGJOxrU6eZ_d,WIEN2k,H74rg1mSSM2RsPjlSOZlgg/dft_nio2_surface/oc.clmsum,0,empty,,0,0
gaussian,jpzJnBh20gKHQm5bGGJOxrU6eZ_d,WIEN2k,H74rg1mSSM2RsPjlSOZlgg/dft_nio2_surface/oc.in0,0,empty,,0,0
gaussian,jpzJnBh20gKHQm5bGGJOxrU6eZ_d,WIEN2k,H74rg1mSSM2RsPjlSOZlgg/dft_nio2_surface/oc.in0_st,0,empty,,0,0
gaussian,jpzJnBh20gKHQm5bGGJOxrU6eZ_d,WIEN2k,H74rg1mSSM2RsPjlSOZlgg/dft_nio2_surface/oc.in0_std,0,empty,,0,0
gaussian,jpzJnBh20gKHQm5bGGJOxrU6eZ_d,WIEN2k,H74rg1mSSM2RsPjlSOZlgg/dft_nio2_surface/oc.in1_st,0,empty,,0,0
gaussian,jpzJnBh20gKHQm5bGGJOxrU6eZ_d,WIEN2k,H74rg1mSSM2RsPjlSOZlgg/dft_nio2_surface/oc.in1c,0,empty,,0,0
gaussian,jpzJnBh20gKHQm5bGGJOxrU6eZ_d,WIEN2k,H74rg1mSSM2RsPjlSOZlgg/dft_nio2_surface/oc.in2_ls,0,empty,,0,0
gaussian,jpzJnBh20gKHQm5bGGJOxrU6eZ_d,WIEN2k,H74rg1mSSM2RsPjlSOZlgg/dft_nio2_surface/oc.in2_st,0,empty,,0,0
gaussian,jpzJnBh20gKHQm5bGGJOxrU6eZ_d,WIEN2k,H74rg1mSSM2RsPjlSOZlgg/dft_nio2_surface/oc.in2_sy,0,empty,,0,0
gaussian,jpzJnBh20gKHQm5bGGJOxrU6eZ_d,WIEN2k,H74rg1mSSM2RsPjlSOZlgg/dft_nio2_surface/oc.in2c,0,empty,,0,0
gaussian,jpzJnBh20gKHQm5bGGJOxrU6eZ_d,WIEN2k,H74rg1mSSM2RsPjlSOZlgg/dft_nio2_surface/oc.inc,0,empty,,0,0
gaussian,jpzJnBh20gKHQm5bGGJOxrU6eZ_d,WIEN2k,H74rg1mSSM2RsPjlSOZlgg/dft_nio2_surface/oc.inc_st,0,empty,,0,0
gaussian,jpzJnBh20gKHQm5bGGJOxrU6eZ_d,WIEN2k,H74rg1mSSM2RsPjlSOZlgg/dft_nio2_surface/oc.inm,0,empty,,0,0
gaussian,jpzJnBh20gKHQm5bGGJOxrU6eZ_d,WIEN2k,H74rg1mSSM2RsPjlSOZlgg/dft_nio2_surface/oc.inm_restart_st,0,empty,,0,0
gaussian,jpzJnBh20gKHQm5bGGJOxrU6eZ_d,WIEN2k,H74rg1mSSM2RsPjlSOZlgg/dft_nio2_surface/oc.inm_st,0,empty,,0,0
gaussian,jpzJnBh20gKHQm5bGGJOxrU6eZ_d,WIEN2k,H74rg1mSSM2RsPjlSOZlgg/dft_nio2_surface/oc.inq,0,empty,,0,0
gaussian,jpzJnBh20gKHQm5bGGJOxrU6eZ_d,WIEN2k,H74rg1mSSM2RsPjlSOZlgg/dft_nio2_surface/oc.inq_st,0,empty,,0,0
gaussian,jpzJnBh20gKHQm5bGGJOxrU6eZ_d,WIEN2k,H74rg1mSSM2RsPjlSOZlgg/dft_nio2_surface/oc.inst,0,empty,,0,0
gaussian,jpzJnBh20gKHQm5bGGJOxrU6eZ_d,WIEN2k,H74rg1mSSM2RsPjlSOZlgg/dft_nio2_surface/oc.kgen,0,empty,,0,0
gaussian,jpzJnBh20gKHQm5bGGJOxrU6eZ_d,WIEN2k,H74rg1mSSM2RsPjlSOZlgg/dft_nio2_surface/oc.klist,0,empty,,0,0
gaussian,jpzJnBh20gKHQm5bGGJOxrU6eZ_d,WIEN2k,H74rg1mSSM2RsPjlSOZlgg/dft_nio2_surface/oc.scf,1,empty,,0,0
gaussian,jpzJnBh20gKHQm5bGGJOxrU6eZ_d,WIEN2k,H74rg1mSSM2RsPjlSOZlgg/dft_nio2_surface/oc.scf2,0,empty,,0,0
gaussian,jpzJnBh20gKHQm5bGGJOxrU6eZ_d,WIEN2k,H74rg1mSSM2RsPjlSOZlgg/dft_nio2_surface/oc.struct,0,empty,,0,0
gaussian,jpzJnBh20gKHQm5bGGJOxrU6eZ_d,WIEN2k,H74rg1mSSM2RsPjlSOZlgg/dft_nio2_surface/oc.vns,0,empty,,0,0
gaussian,jpzJnBh20gKHQm5bGGJOxrU6eZ_d,WIEN2k,H74rg1mSSM2RsPjlSOZlgg/dft_nio2_surface/oc.vsp,0,empty,,0,0
gaussian,jpzJnBh20gKHQm5bGGJOxrU6eZ_d,WIEN2k,H74rg1mSSM2RsPjlSOZlgg/dft_nio2_surface/output.log,0,empty,,0,0
gaussian,jpzJnBh20gKHQm5bGGJOxrU6eZ_d,WIEN2k,H74rg1mSSM2RsPjlSOZlgg/dft_nio2_surface/output1.log,0,empty,,0,0
gaussian,jpzJnBh20gKHQm5bGGJOxrU6eZ_d,WIEN2k,H74rg1mSSM2RsPjlSOZlgg/dft_nio2_surface/output2.log,0,empty,,0,0
gaussian,jpzJnBh20gKHQm5bGGJOxrU6eZ_d,WIEN2k,H74rg1mSSM2RsPjlSOZlgg/dft_nio2_surface/slurm-33796.out,0,empty,,0,0
gaussian,jpzJnBh20gKHQm5bGGJOxrU6eZ_d,WIEN2k,H74rg1mSSM2RsPjlSOZlgg/dft_nio2_surface/slurm-34483.out,0,empty,,0,0
gaussian,jpzJnBh20gKHQm5bGGJOxrU6eZ_d,WIEN2k,H74rg1mSSM2RsPjlSOZlgg/dft_nio2_surface/slurm-35335.out,0,empty,,0,0
gaussian,jpzJnBh20gKHQm5bGGJOxrU6eZ_d,WIEN2k,H74rg1mSSM2RsPjlSOZlgg/dft_nio2_surface/xyz2struct.struct,0,empty,,0,0
gaussian,jv85ezLp5CUgM1i3MCs5wCXgAS_K,Octopus,wrZsJFzHT-q4r3MF3H83lA/00051,0,empty,,0,0
gaussian,jv85ezLp5CUgM1i3MCs5wCXgAS_K,Octopus,wrZsJFzHT-q4r3MF3H83lA/TCNQ_relaxed_sp0.20.xyz,0,empty,,0,0
gaussian,jv85ezLp5CUgM1i3MCs5wCXgAS_K,Octopus,wrZsJFzHT-q4r3MF3H83lA/casida,0,empty,,0,0
gaussian,jv85ezLp5CUgM1i3MCs5wCXgAS_K,Octopus,wrZsJFzHT-q4r3MF3H83lA/eps_diff,0,empty,,0,0
gaussian,jv85ezLp5CUgM1i3MCs5wCXgAS_K,Octopus,wrZsJFzHT-q4r3MF3H83lA/inp,0,empty,,0,0
gaussian,jv85ezLp5CUgM1i3MCs5wCXgAS_K,Octopus,wrZsJFzHT-q4r3MF3H83lA/output.out,1,empty,,0,0
gaussian,jv85ezLp5CUgM1i3MCs5wCXgAS_K,Octopus,wrZsJFzHT-q4r3MF3H83lA/spectrum.casida,0,empty,,0,0
gaussian,jv85ezLp5CUgM1i3MCs5wCXgAS_K,Octopus,wrZsJFzHT-q4r3MF3H83lA/spectrum.eps_diff,0,empty,,0,0
gaussian,jv85ezLp5CUgM1i3MCs5wCXgAS_K,Octopus,wrZsJFzHT-q4r3MF3H83lA/spectrum.tamm_dancoff,0,empty,,0,0
gaussian,jv85ezLp5CUgM1i3MCs5wCXgAS_K,Octopus,wrZsJFzHT-q4r3MF3H83lA/tamm_dancoff,0,empty,,0,0
gaussian,kBTQasoI-JdkbR0tweJNoo8N5pH4,GPAW,u-PnzOXrRv6WIgxb4C2Jsw/production_May27_MoS2WS2_10Ha_662/tree/662/materials/WS4Mo-May27-272eV-G662/WaveFunctions/gs_gw.gpw,1,empty,,0,0
gaussian,kBTQasoI-JdkbR0tweJNoo8N5pH4,GPAW,u-PnzOXrRv6WIgxb4C2Jsw/production_May27_MoS2WS2_10Ha_662/tree/662/materials/WS4Mo-May27-272eV-G662/WaveFunctions/gs_gw.txt,0,empty,,0,0
gaussian,kBTQasoI-JdkbR0tweJNoo8N5pH4,GPAW,u-PnzOXrRv6WIgxb4C2Jsw/production_May27_MoS2WS2_10Ha_662/tree/662/materials/WS4Mo-May27-272eV-G662/WaveFunctions/gs_gw_nowfs.gpw,0,empty,,0,0
gaussian,kBTQasoI-JdkbR0tweJNoo8N5pH4,GPAW,u-PnzOXrRv6WIgxb4C2Jsw/production_May27_MoS2WS2_10Ha_662/tree/662/materials/WS4Mo-May27-272eV-G662/WaveFunctions/input.json,0,empty,,0,0
gaussian,kBTQasoI-JdkbR0tweJNoo8N5pH4,GPAW,u-PnzOXrRv6WIgxb4C2Jsw/production_May27_MoS2WS2_10Ha_662/tree/662/materials/WS4Mo-May27-272eV-G662/WaveFunctions/output.json,0,empty,,0,0
gaussian,lZL2bLfPSUye2YrTqZ-xrvpqRDE5,GAMESS,58G9YZi8SMS2QATRSom9MQ/RCWnE6CiPA8v5vyGpJEV5BKIm4XSC/data/tcnedim/tcnedim_b3_1_a.inp,0,empty,,0,0
gaussian,ir_SAeHwKF2cMHE7J56uwBScN3PL,GAMESS,58G9YZi8SMS2QATRSom9MQ/RCWnE6CiPA8v5vyGpJEV5BKIm4XSC/data/tcnedim/tcnedim_romp2_3_a.out,0,empty,,0,0
gaussian,lZL2bLfPSUye2YrTqZ-xrvpqRDE5,GAMESS,58G9YZi8SMS2QATRSom9MQ/RCWnE6CiPA8v5vyGpJEV5BKIm4XSC/data/tcnedim/tcnedim_b3_1_b.inp,0,empty,,0,0
gaussian,ir_SAeHwKF2cMHE7J56uwBScN3PL,GAMESS,58G9YZi8SMS2QATRSom9MQ/RCWnE6CiPA8v5vyGpJEV5BKIm4XSC/data/tcnedim/tcnedim_romp2_3_c.out,0,empty,,0,0
gaussian,lZL2bLfPSUye2YrTqZ-xrvpqRDE5,GAMESS,58G9YZi8SMS2QATRSom9MQ/RCWnE6CiPA8v5vyGpJEV5BKIm4XSC/data/tcnedim/tcnedim_b3_1_c.inp,0,empty,,0,0
gaussian,ir_SAeHwKF2cMHE7J56uwBScN3PL,GAMESS,58G9YZi8SMS2QATRSom9MQ/RCWnE6CiPA8v5vyGpJEV5BKIm4XSC/data/tcnedim/tcnedim_romp2_3_b.out,0,empty,,0,0
gaussian,lZL2bLfPSUye2YrTqZ-xrvpqRDE5,GAMESS,58G9YZi8SMS2QATRSom9MQ/RCWnE6CiPA8v5vyGpJEV5BKIm4XSC/data/tcnedim/tcnedim_b3_1bs_a.inp,0,empty,,0,0
gaussian,ir_SAeHwKF2cMHE7J56uwBScN3PL,GAMESS,58G9YZi8SMS2QATRSom9MQ/RCWnE6CiPA8v5vyGpJEV5BKIm4XSC/data/tcnedim/tcnedim_romp2_dis_3.out,0,empty,,0,0
gaussian,lZL2bLfPSUye2YrTqZ-xrvpqRDE5,GAMESS,58G9YZi8SMS2QATRSom9MQ/RCWnE6CiPA8v5vyGpJEV5BKIm4XSC/data/tcnedim/tcnedim_b3_1bs_b.inp,0,empty,,0,0
gaussian,lZL2bLfPSUye2YrTqZ-xrvpqRDE5,GAMESS,58G9YZi8SMS2QATRSom9MQ/RCWnE6CiPA8v5vyGpJEV5BKIm4XSC/data/tcnedim/tcnedim_b3_1_a.out,0,empty,,0,0
gaussian,lZL2bLfPSUye2YrTqZ-xrvpqRDE5,GAMESS,58G9YZi8SMS2QATRSom9MQ/RCWnE6CiPA8v5vyGpJEV5BKIm4XSC/data/tcnedim/tcnedim_b3_1bs_c.inp,0,empty,,0,0
gaussian,lZL2bLfPSUye2YrTqZ-xrvpqRDE5,GAMESS,58G9YZi8SMS2QATRSom9MQ/RCWnE6CiPA8v5vyGpJEV5BKIm4XSC/data/tcnedim/tcnedim_b3_1_c.out,0,empty,,0,0
gaussian,lZL2bLfPSUye2YrTqZ-xrvpqRDE5,GAMESS,58G9YZi8SMS2QATRSom9MQ/RCWnE6CiPA8v5vyGpJEV5BKIm4XSC/data/tcnedim/tcnedim_b3_3_a.inp,0,empty,,0,0
gaussian,lZL2bLfPSUye2YrTqZ-xrvpqRDE5,GAMESS,58G9YZi8SMS2QATRSom9MQ/RCWnE6CiPA8v5vyGpJEV5BKIm4XSC/data/tcnedim/tcnedim_b3_1_b.out,0,empty,,0,0
gaussian,lZL2bLfPSUye2YrTqZ-xrvpqRDE5,GAMESS,58G9YZi8SMS2QATRSom9MQ/RCWnE6CiPA8v5vyGpJEV5BKIm4XSC/data/tcnedim/tcnedim_b3_3_b.inp,0,empty,,0,0
gaussian,lZL2bLfPSUye2YrTqZ-xrvpqRDE5,GAMESS,58G9YZi8SMS2QATRSom9MQ/RCWnE6CiPA8v5vyGpJEV5BKIm4XSC/data/tcnedim/tcnedim_b3_1bs_a.out,0,empty,,0,0
gaussian,lZL2bLfPSUye2YrTqZ-xrvpqRDE5,GAMESS,58G9YZi8SMS2QATRSom9MQ/RCWnE6CiPA8v5vyGpJEV5BKIm4XSC/data/tcnedim/tcnedim_b3_3_c.inp,0,empty,,0,0
gaussian,lZL2bLfPSUye2YrTqZ-xrvpqRDE5,GAMESS,58G9YZi8SMS2QATRSom9MQ/RCWnE6CiPA8v5vyGpJEV5BKIm4XSC/data/tcnedim/tcnedim_b3_1bs_b.out,0,empty,,0,0
gaussian,lZL2bLfPSUye2YrTqZ-xrvpqRDE5,GAMESS,58G9YZi8SMS2QATRSom9MQ/RCWnE6CiPA8v5vyGpJEV5BKIm4XSC/data/tcnedim/tcnedim_b3_dis_3.inp,0,empty,,0,0
gaussian,lZL2bLfPSUye2YrTqZ-xrvpqRDE5,GAMESS,58G9YZi8SMS2QATRSom9MQ/RCWnE6CiPA8v5vyGpJEV5BKIm4XSC/data/tcnedim/tcnedim_b3_3_b.out,0,empty,,0,0
gaussian,lZL2bLfPSUye2YrTqZ-xrvpqRDE5,GAMESS,58G9YZi8SMS2QATRSom9MQ/RCWnE6CiPA8v5vyGpJEV5BKIm4XSC/data/tcnedim/tcnedim_cas22mp2_1_a.inp,0,empty,,0,0
gaussian,lZL2bLfPSUye2YrTqZ-xrvpqRDE5,GAMESS,58G9YZi8SMS2QATRSom9MQ/RCWnE6CiPA8v5vyGpJEV5BKIm4XSC/data/tcnedim/tcnedim_b3_3_a.out,0,empty,,0,0
gaussian,lZL2bLfPSUye2YrTqZ-xrvpqRDE5,GAMESS,58G9YZi8SMS2QATRSom9MQ/RCWnE6CiPA8v5vyGpJEV5BKIm4XSC/data/tcnedim/tcnedim_cas22mp2_1_b.inp,0,empty,,0,0
gaussian,lZL2bLfPSUye2YrTqZ-xrvpqRDE5,GAMESS,58G9YZi8SMS2QATRSom9MQ/RCWnE6CiPA8v5vyGpJEV5BKIm4XSC/data/tcnedim/tcnedim_cas22mp2_1_a.out,0,empty,,0,0
gaussian,lZL2bLfPSUye2YrTqZ-xrvpqRDE5,GAMESS,58G9YZi8SMS2QATRSom9MQ/RCWnE6CiPA8v5vyGpJEV5BKIm4XSC/data/tcnedim/tcnedim_cas22mp2_1_c.inp,0,empty,,0,0
gaussian,lZL2bLfPSUye2YrTqZ-xrvpqRDE5,GAMESS,58G9YZi8SMS2QATRSom9MQ/RCWnE6CiPA8v5vyGpJEV5BKIm4XSC/data/tcnedim/tcnedim_b3_1bs_c.out,0,empty,,0,0
gaussian,lZL2bLfPSUye2YrTqZ-xrvpqRDE5,GAMESS,58G9YZi8SMS2QATRSom9MQ/RCWnE6CiPA8v5vyGpJEV5BKIm4XSC/data/tcnedim/tcnedim_cas22mp2_1_b.out,0,empty,,0,0
gaussian,lZL2bLfPSUye2YrTqZ-xrvpqRDE5,GAMESS,58G9YZi8SMS2QATRSom9MQ/RCWnE6CiPA8v5vyGpJEV5BKIm4XSC/data/tcnedim/tcnedim_cas22mp2_dis_1.inp,0,empty,,0,0
gaussian,lZL2bLfPSUye2YrTqZ-xrvpqRDE5,GAMESS,58G9YZi8SMS2QATRSom9MQ/RCWnE6CiPA8v5vyGpJEV5BKIm4XSC/data/tcnedim/tcnedim_rmp2_1_a.inp,0,empty,,0,0
gaussian,lZL2bLfPSUye2YrTqZ-xrvpqRDE5,GAMESS,58G9YZi8SMS2QATRSom9MQ/RCWnE6CiPA8v5vyGpJEV5BKIm4XSC/data/tcnedim/tcnedim_b3_3_c.out,0,empty,,0,0
gaussian,lZL2bLfPSUye2YrTqZ-xrvpqRDE5,GAMESS,58G9YZi8SMS2QATRSom9MQ/RCWnE6CiPA8v5vyGpJEV5BKIm4XSC/data/tcnedim/tcnedim_rmp2_1_b.inp,0,empty,,0,0
gaussian,lZL2bLfPSUye2YrTqZ-xrvpqRDE5,GAMESS,58G9YZi8SMS2QATRSom9MQ/RCWnE6CiPA8v5vyGpJEV5BKIm4XSC/data/tcnedim/tcnedim_cas22mp2_dis_1.out,0,empty,,0,0
gaussian,lZL2bLfPSUye2YrTqZ-xrvpqRDE5,GAMESS,58G9YZi8SMS2QATRSom9MQ/RCWnE6CiPA8v5vyGpJEV5BKIm4XSC/data/tcnedim/tcnedim_rmp2_1_c.inp,0,empty,,0,0
gaussian,lZL2bLfPSUye2YrTqZ-xrvpqRDE5,GAMESS,58G9YZi8SMS2QATRSom9MQ/RCWnE6CiPA8v5vyGpJEV5BKIm4XSC/data/tcnedim/tcnedim_cas22mp2_1_c.out,0,empty,,0,0
gaussian,lZL2bLfPSUye2YrTqZ-xrvpqRDE5,GAMESS,58G9YZi8SMS2QATRSom9MQ/RCWnE6CiPA8v5vyGpJEV5BKIm4XSC/data/tcnedim/tcnedim_romp2_3_a.inp,0,empty,,0,0
gaussian,lZL2bLfPSUye2YrTqZ-xrvpqRDE5,GAMESS,58G9YZi8SMS2QATRSom9MQ/RCWnE6CiPA8v5vyGpJEV5BKIm4XSC/data/tcnedim/tcnedim_rmp2_1_a.out,0,empty,,0,0
gaussian,lZL2bLfPSUye2YrTqZ-xrvpqRDE5,GAMESS,58G9YZi8SMS2QATRSom9MQ/RCWnE6CiPA8v5vyGpJEV5BKIm4XSC/data/tcnedim/tcnedim_romp2_3_b.inp,0,empty,,0,0
gaussian,lZL2bLfPSUye2YrTqZ-xrvpqRDE5,GAMESS,58G9YZi8SMS2QATRSom9MQ/RCWnE6CiPA8v5vyGpJEV5BKIm4XSC/data/tcnedim/tcnedim_rmp2_1_b.out,0,empty,,0,0
gaussian,lZL2bLfPSUye2YrTqZ-xrvpqRDE5,GAMESS,58G9YZi8SMS2QATRSom9MQ/RCWnE6CiPA8v5vyGpJEV5BKIm4XSC/data/tcnedim/tcnedim_romp2_3_c.inp,0,empty,,0,0
gaussian,lZL2bLfPSUye2YrTqZ-xrvpqRDE5,GAMESS,58G9YZi8SMS2QATRSom9MQ/RCWnE6CiPA8v5vyGpJEV5BKIm4XSC/data/tcnedim/tcnedim_b3_dis_3.out,0,empty,,0,0
gaussian,lZL2bLfPSUye2YrTqZ-xrvpqRDE5,GAMESS,58G9YZi8SMS2QATRSom9MQ/RCWnE6CiPA8v5vyGpJEV5BKIm4XSC/data/tcnedim/tcnedim_romp2_dis_3.inp,0,empty,,0,0
gaussian,lZL2bLfPSUye2YrTqZ-xrvpqRDE5,GAMESS,58G9YZi8SMS2QATRSom9MQ/RCWnE6CiPA8v5vyGpJEV5BKIm4XSC/data/tcnedim/tcnedim_rmp2_1_c.out,0,empty,,0,0
gaussian,lZL2bLfPSUye2YrTqZ-xrvpqRDE5,GAMESS,58G9YZi8SMS2QATRSom9MQ/RCWnE6CiPA8v5vyGpJEV5BKIm4XSC/data/tcnedim/tcnedim_romp2_3_c.out,1,empty,,0,0
gaussian,mbJdWz98ooWTe6iyr61yGztZ7rgy,FHI-aims,s7RWKK2cTgmBh_c5sD9m7A/MoS2/Vac/hse/control.in,0,empty,,0,0
gaussian,mbJdWz98ooWTe6iyr61yGztZ7rgy,FHI-aims,s7RWKK2cTgmBh_c5sD9m7A/MoS2/Vac/hse/geometry.in,0,empty,,0,0
gaussian,mmBkEUCvLhlfWaurOa2oymHqwRfk,Gaussian,d9DagJChRxyeUKBEwzSiFw/G-I-O-P-gjf-out/G.LOG,0,success,,1,1
gaussian,mmBkEUCvLhlfWaurOa2oymHqwRfk,Gaussian,d9DagJChRxyeUKBEwzSiFw/G-I-O-P-gjf-out/G.gjf,0,success,,1,0
gaussian,mmBkEUCvLhlfWaurOa2oymHqwRfk,Gaussian,d9DagJChRxyeUKBEwzSiFw/G-I-O-P-gjf-out/G.mol,0,empty,,0,0
gaussian,lZL2bLfPSUye2YrTqZ-xrvpqRDE5,GAMESS,58G9YZi8SMS2QATRSom9MQ/RCWnE6CiPA8v5vyGpJEV5BKIm4XSC/data/tcnedim/tcnedim_romp2_dis_3.out,0,empty,,0,0
gaussian,mmBkEUCvLhlfWaurOa2oymHqwRfk,Gaussian,d9DagJChRxyeUKBEwzSiFw/G-I-O-P-gjf-out/I.gjf,0,success,,1,0
gaussian,mmBkEUCvLhlfWaurOa2oymHqwRfk,Gaussian,d9DagJChRxyeUKBEwzSiFw/G-I-O-P-gjf-out/I.mol,0,empty,,0,0
gaussian,mmBkEUCvLhlfWaurOa2oymHqwRfk,Gaussian,d9DagJChRxyeUKBEwzSiFw/G-I-O-P-gjf-out/I.LOG,0,success,,1,1
gaussian,mmBkEUCvLhlfWaurOa2oymHqwRfk,Gaussian,d9DagJChRxyeUKBEwzSiFw/G-I-O-P-gjf-out/O.gjf,0,success,,1,0
gaussian,mmBkEUCvLhlfWaurOa2oymHqwRfk,Gaussian,d9DagJChRxyeUKBEwzSiFw/G-I-O-P-gjf-out/O.mol,0,empty,,0,0
gaussian,mmBkEUCvLhlfWaurOa2oymHqwRfk,Gaussian,d9DagJChRxyeUKBEwzSiFw/G-I-O-P-gjf-out/O.LOG,0,success,,1,1
gaussian,mmBkEUCvLhlfWaurOa2oymHqwRfk,Gaussian,d9DagJChRxyeUKBEwzSiFw/G-I-O-P-gjf-out/P.gjf,0,success,,1,0
gaussian,mmBkEUCvLhlfWaurOa2oymHqwRfk,Gaussian,d9DagJChRxyeUKBEwzSiFw/G-I-O-P-gjf-out/P.mol,0,empty,,0,0
gaussian,obU5oKqjav_dYdjPTvwEvGSWvEWF,ONETEP,Ohw7JTzLTpC83Y7dMv3ICg/test08/ethene_relax.dat,0,empty,,0,0
gaussian,obU5oKqjav_dYdjPTvwEvGSWvEWF,ONETEP,Ohw7JTzLTpC83Y7dMv3ICg/test08/ethene_relax.out,1,empty,,0,0
gaussian,t1ZAa57J2MFCNajl9MvY_1OfPWgZ,Gaussian,d9DagJChRxyeUKBEwzSiFw/G-I-O-P-gjf-out/G.LOG,0,success,,1,1
gaussian,t1ZAa57J2MFCNajl9MvY_1OfPWgZ,Gaussian,d9DagJChRxyeUKBEwzSiFw/G-I-O-P-gjf-out/G.gjf,0,success,,1,0
gaussian,t1ZAa57J2MFCNajl9MvY_1OfPWgZ,Gaussian,d9DagJChRxyeUKBEwzSiFw/G-I-O-P-gjf-out/G.mol,0,empty,,0,0
gaussian,lZL2bLfPSUye2YrTqZ-xrvpqRDE5,GAMESS,58G9YZi8SMS2QATRSom9MQ/RCWnE6CiPA8v5vyGpJEV5BKIm4XSC/data/tcnedim/tcnedim_romp2_3_a.out,0,empty,,0,0
gaussian,t1ZAa57J2MFCNajl9MvY_1OfPWgZ,Gaussian,d9DagJChRxyeUKBEwzSiFw/G-I-O-P-gjf-out/I.gjf,0,success,,1,0
gaussian,t1ZAa57J2MFCNajl9MvY_1OfPWgZ,Gaussian,d9DagJChRxyeUKBEwzSiFw/G-I-O-P-gjf-out/I.mol,0,empty,,0,0
gaussian,t1ZAa57J2MFCNajl9MvY_1OfPWgZ,Gaussian,d9DagJChRxyeUKBEwzSiFw/G-I-O-P-gjf-out/I.LOG,0,success,,1,1
gaussian,t1ZAa57J2MFCNajl9MvY_1OfPWgZ,Gaussian,d9DagJChRxyeUKBEwzSiFw/G-I-O-P-gjf-out/O.gjf,0,success,,1,0
gaussian,t1ZAa57J2MFCNajl9MvY_1OfPWgZ,Gaussian,d9DagJChRxyeUKBEwzSiFw/G-I-O-P-gjf-out/O.mol,0,empty,,0,0
gaussian,mmBkEUCvLhlfWaurOa2oymHqwRfk,Gaussian,d9DagJChRxyeUKBEwzSiFw/G-I-O-P-gjf-out/P.LOG,1,success,,1,1
gaussian,t1ZAa57J2MFCNajl9MvY_1OfPWgZ,Gaussian,d9DagJChRxyeUKBEwzSiFw/G-I-O-P-gjf-out/P.gjf,0,success,,1,0
gaussian,t1ZAa57J2MFCNajl9MvY_1OfPWgZ,Gaussian,d9DagJChRxyeUKBEwzSiFw/G-I-O-P-gjf-out/O.LOG,1,success,,1,1
gaussian,t1ZAa57J2MFCNajl9MvY_1OfPWgZ,Gaussian,d9DagJChRxyeUKBEwzSiFw/G-I-O-P-gjf-out/P.mol,0,empty,,0,0
gaussian,lZL2bLfPSUye2YrTqZ-xrvpqRDE5,GAMESS,58G9YZi8SMS2QATRSom9MQ/RCWnE6CiPA8v5vyGpJEV5BKIm4XSC/data/tcnedim/tcnedim_romp2_3_b.out,0,empty,,0,0
gaussian,t1ZAa57J2MFCNajl9MvY_1OfPWgZ,Gaussian,d9DagJChRxyeUKBEwzSiFw/G-I-O-P-gjf-out/P.LOG,0,success,,1,1
gaussian,tC7Wyj5fLziOGZWl26EVnJG9qbVO,Crystal,hANwphqaSQutIGuc3x5MDA/nomad/freeWH2O/ac1_w_h2o_g1.out,0,empty,,0,0
gaussian,tC7Wyj5fLziOGZWl26EVnJG9qbVO,Crystal,hANwphqaSQutIGuc3x5MDA/nomad/freeWH2O/ac1_w_h2o_g2.out,0,empty,,0,0
gaussian,tC7Wyj5fLziOGZWl26EVnJG9qbVO,Crystal,hANwphqaSQutIGuc3x5MDA/nomad/freeWH2O/ac2_w_h2o_g1.out,0,empty,,0,0
gaussian,tC7Wyj5fLziOGZWl26EVnJG9qbVO,Crystal,hANwphqaSQutIGuc3x5MDA/nomad/freeWH2O/ac2_w_h2o_g2.out,0,empty,,0,0
gaussian,tC7Wyj5fLziOGZWl26EVnJG9qbVO,Crystal,hANwphqaSQutIGuc3x5MDA/nomad/freeWH2O/ac4_w_h2o_g1.out,0,empty,,0,0
gaussian,tC7Wyj5fLziOGZWl26EVnJG9qbVO,Crystal,hANwphqaSQutIGuc3x5MDA/nomad/freeWH2O/ac2_w_h2o_g3.out,0,empty,,0,0
gaussian,tC7Wyj5fLziOGZWl26EVnJG9qbVO,Crystal,hANwphqaSQutIGuc3x5MDA/nomad/freeWH2O/ac4_w_h2o_g3.out,0,empty,,0,0
gaussian,tC7Wyj5fLziOGZWl26EVnJG9qbVO,Crystal,hANwphqaSQutIGuc3x5MDA/nomad/freeWH2O/alt1_w_h2o_g1.out,0,empty,,0,0
gaussian,tC7Wyj5fLziOGZWl26EVnJG9qbVO,Crystal,hANwphqaSQutIGuc3x5MDA/nomad/freeWH2O/alt1_w_h2o_g2.out,0,empty,,0,0
gaussian,tC7Wyj5fLziOGZWl26EVnJG9qbVO,Crystal,hANwphqaSQutIGuc3x5MDA/nomad/freeWH2O/gra_w_h2o_g1.out,0,empty,,0,0
gaussian,tC7Wyj5fLziOGZWl26EVnJG9qbVO,Crystal,hANwphqaSQutIGuc3x5MDA/nomad/freeWH2O/ac4_w_h2o_g2.out,0,empty,,0,0
gaussian,tC7Wyj5fLziOGZWl26EVnJG9qbVO,Crystal,hANwphqaSQutIGuc3x5MDA/nomad/freeWH2O/alt1_w_h2o_g3.out,0,empty,,0,0
gaussian,tC7Wyj5fLziOGZWl26EVnJG9qbVO,Crystal,hANwphqaSQutIGuc3x5MDA/nomad/freeWH2O/gra_w_h2o_g2.out,0,empty,,0,0
gaussian,tC7Wyj5fLziOGZWl26EVnJG9qbVO,Crystal,hANwphqaSQutIGuc3x5MDA/nomad/freeWH2O/hbn_w_h2o_g1.out,0,empty,,0,0
gaussian,tC7Wyj5fLziOGZWl26EVnJG9qbVO,Crystal,hANwphqaSQutIGuc3x5MDA/nomad/freeWH2O/hbn_w_h2o_g3.out,0,empty,,0,0
gaussian,tC7Wyj5fLziOGZWl26EVnJG9qbVO,Crystal,hANwphqaSQutIGuc3x5MDA/nomad/freeWH2O/gra_w_h2o_g3.out,0,empty,,0,0
gaussian,tC7Wyj5fLziOGZWl26EVnJG9qbVO,Crystal,hANwphqaSQutIGuc3x5MDA/nomad/freeWH2O/hbn_w_h2o_g2.out,1,empty,,0,0
gaussian,tC7Wyj5fLziOGZWl26EVnJG9qbVO,Crystal,hANwphqaSQutIGuc3x5MDA/nomad/freeWH2O/hbn_w_h2o_g5.out,0,empty,,0,0
gaussian,tC7Wyj5fLziOGZWl26EVnJG9qbVO,Crystal,hANwphqaSQutIGuc3x5MDA/nomad/freeWH2O/i1_w_h2o_g1.out,0,empty,,0,0
gaussian,tC7Wyj5fLziOGZWl26EVnJG9qbVO,Crystal,hANwphqaSQutIGuc3x5MDA/nomad/freeWH2O/i2_w_h2o_g1.out,0,empty,,0,0
gaussian,tC7Wyj5fLziOGZWl26EVnJG9qbVO,Crystal,hANwphqaSQutIGuc3x5MDA/nomad/freeWH2O/i2_w_h2o_g2.out,0,empty,,0,0
gaussian,tC7Wyj5fLziOGZWl26EVnJG9qbVO,Crystal,hANwphqaSQutIGuc3x5MDA/nomad/freeWH2O/i1_w_h2o_g2.out,0,empty,,0,0
gaussian,tC7Wyj5fLziOGZWl26EVnJG9qbVO,Crystal,hANwphqaSQutIGuc3x5MDA/nomad/freeWH2O/zz1_w_h2o_g1.out,0,empty,,0,0
gaussian,tR8zxshg6FWPBagsaFAiBXhemCWs,Crystal,hANwphqaSQutIGuc3x5MDA/nomad/.DS_Store,0,empty,,0,0
gaussian,tR8zxshg6FWPBagsaFAiBXhemCWs,Crystal,hANwphqaSQutIGuc3x5MDA/nomad/BASISSETS.DAT,0,empty,,0,0
gaussian,tR8zxshg6FWPBagsaFAiBXhemCWs,Crystal,hANwphqaSQutIGuc3x5MDA/nomad/bcn_ac1.out,0,empty,,0,0
gaussian,tR8zxshg6FWPBagsaFAiBXhemCWs,Crystal,hANwphqaSQutIGuc3x5MDA/nomad/bcn_ac1_freq.gui,0,empty,,0,0
gaussian,tC7Wyj5fLziOGZWl26EVnJG9qbVO,Crystal,hANwphqaSQutIGuc3x5MDA/nomad/freeWH2O/zz1_w_h2o_g2.out,0,empty,,0,0
gaussian,tC7Wyj5fLziOGZWl26EVnJG9qbVO,Crystal,hANwphqaSQutIGuc3x5MDA/nomad/freeWH2O/hbn_w_h2o_g4.out,0,empty,,0,0
gaussian,tC7Wyj5fLziOGZWl26EVnJG9qbVO,Crystal,hANwphqaSQutIGuc3x5MDA/nomad/freeWH2O/i2_w_h2o_g3.out,0,empty,,0,0
gaussian,tR8zxshg6FWPBagsaFAiBXhemCWs,Crystal,hANwphqaSQutIGuc3x5MDA/nomad/bcn_ac2_freq.gui,0,empty,,0,0
gaussian,tR8zxshg6FWPBagsaFAiBXhemCWs,Crystal,hANwphqaSQutIGuc3x5MDA/nomad/bcn_ac1_freq.out,0,empty,,0,0
gaussian,tR8zxshg6FWPBagsaFAiBXhemCWs,Crystal,hANwphqaSQutIGuc3x5MDA/nomad/bcn_ac4_freq.gui,0,empty,,0,0
gaussian,tR8zxshg6FWPBagsaFAiBXhemCWs,Crystal,hANwphqaSQutIGuc3x5MDA/nomad/bcn_ac2.out,0,empty,,0,0
gaussian,tR8zxshg6FWPBagsaFAiBXhemCWs,Crystal,hANwphqaSQutIGuc3x5MDA/nomad/bcn_ac4.out,0,empty,,0,0
gaussian,tR8zxshg6FWPBagsaFAiBXhemCWs,Crystal,hANwphqaSQutIGuc3x5MDA/nomad/bcn_alt1_freq.gui,0,empty,,0,0
gaussian,tR8zxshg6FWPBagsaFAiBXhemCWs,Crystal,hANwphqaSQutIGuc3x5MDA/nomad/bcn_alt1.out,0,empty,,0,0
gaussian,tR8zxshg6FWPBagsaFAiBXhemCWs,Crystal,hANwphqaSQutIGuc3x5MDA/nomad/bcn_ac2_freq.out,0,empty,,0,0
gaussian,tR8zxshg6FWPBagsaFAiBXhemCWs,Crystal,hANwphqaSQutIGuc3x5MDA/nomad/bcn_i1_freq.gui,0,empty,,0,0
gaussian,tR8zxshg6FWPBagsaFAiBXhemCWs,Crystal,hANwphqaSQutIGuc3x5MDA/nomad/bcn_i1.out,0,empty,,0,0
gaussian,tR8zxshg6FWPBagsaFAiBXhemCWs,Crystal,hANwphqaSQutIGuc3x5MDA/nomad/bcn_ac4_freq.out,0,empty,,0,0
gaussian,tR8zxshg6FWPBagsaFAiBXhemCWs,Crystal,hANwphqaSQutIGuc3x5MDA/nomad/bcn_i1_freq.out,0,empty,,0,0
gaussian,tR8zxshg6FWPBagsaFAiBXhemCWs,Crystal,hANwphqaSQutIGuc3x5MDA/nomad/bcn_zz1.out,0,empty,,0,0
gaussian,tR8zxshg6FWPBagsaFAiBXhemCWs,Crystal,hANwphqaSQutIGuc3x5MDA/nomad/bcn_zz1_freq.gui,0,empty,,0,0
gaussian,tR8zxshg6FWPBagsaFAiBXhemCWs,Crystal,hANwphqaSQutIGuc3x5MDA/nomad/bcn_i2.out,0,empty,,0,0
gaussian,tR8zxshg6FWPBagsaFAiBXhemCWs,Crystal,hANwphqaSQutIGuc3x5MDA/nomad/bcn_alt1_freq.out,1,empty,,0,0
gaussian,tR8zxshg6FWPBagsaFAiBXhemCWs,Crystal,hANwphqaSQutIGuc3x5MDA/nomad/bn_1x1_opt.out,0,empty,,0,0
gaussian,tR8zxshg6FWPBagsaFAiBXhemCWs,Crystal,hANwphqaSQutIGuc3x5MDA/nomad/bn_freq.gui,0,empty,,0,0
gaussian,tR8zxshg6FWPBagsaFAiBXhemCWs,Crystal,hANwphqaSQutIGuc3x5MDA/nomad/bcn_i2_freq.out,0,empty,,0,0
gaussian,tR8zxshg6FWPBagsaFAiBXhemCWs,Crystal,hANwphqaSQutIGuc3x5MDA/nomad/graphene_freq.gui,0,empty,,0,0
gaussian,tR8zxshg6FWPBagsaFAiBXhemCWs,Crystal,hANwphqaSQutIGuc3x5MDA/nomad/graphene_1x1_opt.out,0,empty,,0,0
gaussian,tR8zxshg6FWPBagsaFAiBXhemCWs,Crystal,hANwphqaSQutIGuc3x5MDA/nomad/h2o_molecule.out,0,empty,,0,0
gaussian,v4sHIzDX2HTZNHxFvmyEgJxGYvw7,ONETEP,Ohw7JTzLTpC83Y7dMv3ICg/test05/chloroform.dat,0,empty,,0,0
gaussian,v4sHIzDX2HTZNHxFvmyEgJxGYvw7,ONETEP,Ohw7JTzLTpC83Y7dMv3ICg/test05/test05.out,1,empty,,0,0
gaussian,tR8zxshg6FWPBagsaFAiBXhemCWs,Crystal,hANwphqaSQutIGuc3x5MDA/nomad/bcn_zz1_freq.out,0,empty,,0,0
gaussian,vB3fq6XRyt6Lf9izhaAywJ28FLt7,FHI-aims,J8c5jGFcQ3-G-DDfyz7lgg/azora-paper-nomad/solid/splitting/aZORA-SOC/ElementalMaterials/Si_DIA/band1001.out,0,empty,,0,0
gaussian,vB3fq6XRyt6Lf9izhaAywJ28FLt7,FHI-aims,J8c5jGFcQ3-G-DDfyz7lgg/azora-paper-nomad/solid/splitting/aZORA-SOC/ElementalMaterials/Si_DIA/band1001.out.no_soc,0,empty,,0,0
gaussian,vB3fq6XRyt6Lf9izhaAywJ28FLt7,FHI-aims,J8c5jGFcQ3-G-DDfyz7lgg/azora-paper-nomad/solid/splitting/aZORA-SOC/ElementalMaterials/Si_DIA/band1002.out,0,empty,,0,0
gaussian,vB3fq6XRyt6Lf9izhaAywJ28FLt7,FHI-aims,J8c5jGFcQ3-G-DDfyz7lgg/azora-paper-nomad/solid/splitting/aZORA-SOC/ElementalMaterials/Si_DIA/band1002.out.no_soc,0,empty,,0,0
gaussian,vB3fq6XRyt6Lf9izhaAywJ28FLt7,FHI-aims,J8c5jGFcQ3-G-DDfyz7lgg/azora-paper-nomad/solid/splitting/aZORA-SOC/ElementalMaterials/Si_DIA/band1003.out,0,empty,,0,0
gaussian,vB3fq6XRyt6Lf9izhaAywJ28FLt7,FHI-aims,J8c5jGFcQ3-G-DDfyz7lgg/azora-paper-nomad/solid/splitting/aZORA-SOC/ElementalMaterials/Si_DIA/band1003.out.no_soc,0,empty,,0,0
gaussian,vB3fq6XRyt6Lf9izhaAywJ28FLt7,FHI-aims,J8c5jGFcQ3-G-DDfyz7lgg/azora-paper-nomad/solid/splitting/aZORA-SOC/ElementalMaterials/Si_DIA/band1004.out,0,empty,,0,0
gaussian,vB3fq6XRyt6Lf9izhaAywJ28FLt7,FHI-aims,J8c5jGFcQ3-G-DDfyz7lgg/azora-paper-nomad/solid/splitting/aZORA-SOC/ElementalMaterials/Si_DIA/band1004.out.no_soc,0,empty,,0,0
gaussian,vB3fq6XRyt6Lf9izhaAywJ28FLt7,FHI-aims,J8c5jGFcQ3-G-DDfyz7lgg/azora-paper-nomad/solid/splitting/aZORA-SOC/ElementalMaterials/Si_DIA/band1005.out,0,empty,,0,0
gaussian,vB3fq6XRyt6Lf9izhaAywJ28FLt7,FHI-aims,J8c5jGFcQ3-G-DDfyz7lgg/azora-paper-nomad/solid/splitting/aZORA-SOC/ElementalMaterials/Si_DIA/band1005.out.no_soc,0,empty,,0,0
gaussian,vB3fq6XRyt6Lf9izhaAywJ28FLt7,FHI-aims,J8c5jGFcQ3-G-DDfyz7lgg/azora-paper-nomad/solid/splitting/aZORA-SOC/ElementalMaterials/Si_DIA/band1006.out,0,empty,,0,0
gaussian,vB3fq6XRyt6Lf9izhaAywJ28FLt7,FHI-aims,J8c5jGFcQ3-G-DDfyz7lgg/azora-paper-nomad/solid/splitting/aZORA-SOC/ElementalMaterials/Si_DIA/band1006.out.no_soc,0,empty,,0,0
gaussian,tR8zxshg6FWPBagsaFAiBXhemCWs,Crystal,hANwphqaSQutIGuc3x5MDA/nomad/graphene_freq.out,0,empty,,0,0
gaussian,vB3fq6XRyt6Lf9izhaAywJ28FLt7,FHI-aims,J8c5jGFcQ3-G-DDfyz7lgg/azora-paper-nomad/solid/splitting/aZORA-SOC/ElementalMaterials/Si_DIA/band1007.out.no_soc,0,empty,,0,0
gaussian,vB3fq6XRyt6Lf9izhaAywJ28FLt7,FHI-aims,J8c5jGFcQ3-G-DDfyz7lgg/azora-paper-nomad/solid/splitting/aZORA-SOC/ElementalMaterials/Si_DIA/band1007.out,0,empty,,0,0
gaussian,vB3fq6XRyt6Lf9izhaAywJ28FLt7,FHI-aims,J8c5jGFcQ3-G-DDfyz7lgg/azora-paper-nomad/solid/splitting/aZORA-SOC/ElementalMaterials/Si_DIA/band1008.out.no_soc,0,empty,,0,0
gaussian,vB3fq6XRyt6Lf9izhaAywJ28FLt7,FHI-aims,J8c5jGFcQ3-G-DDfyz7lgg/azora-paper-nomad/solid/splitting/aZORA-SOC/ElementalMaterials/Si_DIA/band1008.out,0,empty,,0,0
gaussian,vB3fq6XRyt6Lf9izhaAywJ28FLt7,FHI-aims,J8c5jGFcQ3-G-DDfyz7lgg/azora-paper-nomad/solid/splitting/aZORA-SOC/ElementalMaterials/Si_DIA/band1009.out.no_soc,0,empty,,0,0
gaussian,vB3fq6XRyt6Lf9izhaAywJ28FLt7,FHI-aims,J8c5jGFcQ3-G-DDfyz7lgg/azora-paper-nomad/solid/splitting/aZORA-SOC/ElementalMaterials/Si_DIA/band1010.out,0,empty,,0,0
gaussian,vB3fq6XRyt6Lf9izhaAywJ28FLt7,FHI-aims,J8c5jGFcQ3-G-DDfyz7lgg/azora-paper-nomad/solid/splitting/aZORA-SOC/ElementalMaterials/Si_DIA/band1009.out,0,empty,,0,0
gaussian,vB3fq6XRyt6Lf9izhaAywJ28FLt7,FHI-aims,J8c5jGFcQ3-G-DDfyz7lgg/azora-paper-nomad/solid/splitting/aZORA-SOC/ElementalMaterials/Si_DIA/band1010.out.no_soc,0,empty,,0,0
gaussian,vB3fq6XRyt6Lf9izhaAywJ28FLt7,FHI-aims,J8c5jGFcQ3-G-DDfyz7lgg/azora-paper-nomad/solid/splitting/aZORA-SOC/ElementalMaterials/Si_DIA/control.in,0,empty,,0,0
gaussian,vB3fq6XRyt6Lf9izhaAywJ28FLt7,FHI-aims,J8c5jGFcQ3-G-DDfyz7lgg/azora-paper-nomad/solid/splitting/aZORA-SOC/ElementalMaterials/Si_DIA/geometry.in,0,empty,,0,0
gaussian,vPi8BIDT5mPmTosOT8VgHB4p98VK,Crystal,hANwphqaSQutIGuc3x5MDA/nomad/.DS_Store,0,empty,,0,0
gaussian,vPi8BIDT5mPmTosOT8VgHB4p98VK,Crystal,hANwphqaSQutIGuc3x5MDA/nomad/BASISSETS.DAT,0,empty,,0,0
gaussian,vPi8BIDT5mPmTosOT8VgHB4p98VK,Crystal,hANwphqaSQutIGuc3x5MDA/nomad/bcn_ac1_freq.gui,0,empty,,0,0
gaussian,vPi8BIDT5mPmTosOT8VgHB4p98VK,Crystal,hANwphqaSQutIGuc3x5MDA/nomad/bcn_ac1.out,0,empty,,0,0
gaussian,vPi8BIDT5mPmTosOT8VgHB4p98VK,Crystal,hANwphqaSQutIGuc3x5MDA/nomad/bcn_ac2.out,0,empty,,0,0
gaussian,vPi8BIDT5mPmTosOT8VgHB4p98VK,Crystal,hANwphqaSQutIGuc3x5MDA/nomad/bcn_ac2_freq.gui,0,empty,,0,0
gaussian,vB3fq6XRyt6Lf9izhaAywJ28FLt7,FHI-aims,J8c5jGFcQ3-G-DDfyz7lgg/azora-paper-nomad/solid/splitting/aZORA-SOC/ElementalMaterials/Si_DIA/aims.out,1,empty,,0,0
gaussian,tR8zxshg6FWPBagsaFAiBXhemCWs,Crystal,hANwphqaSQutIGuc3x5MDA/nomad/bn_freq.out,0,empty,,0,0
gaussian,vPi8BIDT5mPmTosOT8VgHB4p98VK,Crystal,hANwphqaSQutIGuc3x5MDA/nomad/bcn_ac4_freq.gui,0,empty,,0,0
gaussian,vPi8BIDT5mPmTosOT8VgHB4p98VK,Crystal,hANwphqaSQutIGuc3x5MDA/nomad/bcn_ac1_freq.out,0,empty,,0,0
gaussian,vPi8BIDT5mPmTosOT8VgHB4p98VK,Crystal,hANwphqaSQutIGuc3x5MDA/nomad/bcn_ac4.out,0,empty,,0,0
gaussian,vPi8BIDT5mPmTosOT8VgHB4p98VK,Crystal,hANwphqaSQutIGuc3x5MDA/nomad/bcn_alt1.out,0,empty,,0,0
gaussian,vPi8BIDT5mPmTosOT8VgHB4p98VK,Crystal,hANwphqaSQutIGuc3x5MDA/nomad/bcn_alt1_freq.gui,0,empty,,0,0
gaussian,vPi8BIDT5mPmTosOT8VgHB4p98VK,Crystal,hANwphqaSQutIGuc3x5MDA/nomad/bcn_ac2_freq.out,0,empty,,0,0
gaussian,vPi8BIDT5mPmTosOT8VgHB4p98VK,Crystal,hANwphqaSQutIGuc3x5MDA/nomad/bcn_i1_freq.gui,0,empty,,0,0
gaussian,vPi8BIDT5mPmTosOT8VgHB4p98VK,Crystal,hANwphqaSQutIGuc3x5MDA/nomad/bcn_i1.out,0,empty,,0,0
gaussian,vPi8BIDT5mPmTosOT8VgHB4p98VK,Crystal,hANwphqaSQutIGuc3x5MDA/nomad/bcn_ac4_freq.out,0,empty,,0,0
gaussian,vPi8BIDT5mPmTosOT8VgHB4p98VK,Crystal,hANwphqaSQutIGuc3x5MDA/nomad/bcn_alt1_freq.out,0,empty,,0,0
gaussian,vPi8BIDT5mPmTosOT8VgHB4p98VK,Crystal,hANwphqaSQutIGuc3x5MDA/nomad/bcn_zz1.out,0,empty,,0,0
gaussian,vPi8BIDT5mPmTosOT8VgHB4p98VK,Crystal,hANwphqaSQutIGuc3x5MDA/nomad/bcn_zz1_freq.gui,0,empty,,0,0
gaussian,vPi8BIDT5mPmTosOT8VgHB4p98VK,Crystal,hANwphqaSQutIGuc3x5MDA/nomad/bcn_i2.out,0,empty,,0,0
gaussian,vPi8BIDT5mPmTosOT8VgHB4p98VK,Crystal,hANwphqaSQutIGuc3x5MDA/nomad/bcn_i1_freq.out,0,empty,,0,0
gaussian,vPi8BIDT5mPmTosOT8VgHB4p98VK,Crystal,hANwphqaSQutIGuc3x5MDA/nomad/bn_freq.gui,0,empty,,0,0
gaussian,vPi8BIDT5mPmTosOT8VgHB4p98VK,Crystal,hANwphqaSQutIGuc3x5MDA/nomad/bcn_i2_freq.out,0,empty,,0,0
gaussian,vPi8BIDT5mPmTosOT8VgHB4p98VK,Crystal,hANwphqaSQutIGuc3x5MDA/nomad/graphene_1x1_opt.out,0,empty,,0,0
gaussian,vPi8BIDT5mPmTosOT8VgHB4p98VK,Crystal,hANwphqaSQutIGuc3x5MDA/nomad/graphene_freq.gui,0,empty,,0,0
gaussian,vPi8BIDT5mPmTosOT8VgHB4p98VK,Crystal,hANwphqaSQutIGuc3x5MDA/nomad/bcn_zz1_freq.out,0,empty,,0,0
gaussian,vPi8BIDT5mPmTosOT8VgHB4p98VK,Crystal,hANwphqaSQutIGuc3x5MDA/nomad/bn_1x1_opt.out,1,empty,,0,0
gaussian,wlvahU0yjha1T3w5ITA0rN6lkqKN,ORCA,GSCz8oRWRR2pOM5YJIHzVw/ORCA_inputs_results_pH7.4/ACE-1.inp,0,empty,,0,0
gaussian,vPi8BIDT5mPmTosOT8VgHB4p98VK,Crystal,hANwphqaSQutIGuc3x5MDA/nomad/h2o_molecule.out,0,empty,,0,0
gaussian,wlvahU0yjha1T3w5ITA0rN6lkqKN,ORCA,GSCz8oRWRR2pOM5YJIHzVw/ORCA_inputs_results_pH7.4/ACE-1par.inp,0,empty,,0,0
gaussian,vPi8BIDT5mPmTosOT8VgHB4p98VK,Crystal,hANwphqaSQutIGuc3x5MDA/nomad/bn_freq.out,0,empty,,0,0
gaussian,wlvahU0yjha1T3w5ITA0rN6lkqKN,ORCA,GSCz8oRWRR2pOM5YJIHzVw/ORCA_inputs_results_pH7.4/ACE0.inp,0,empty,,0,0
gaussian,wlvahU0yjha1T3w5ITA0rN6lkqKN,ORCA,GSCz8oRWRR2pOM5YJIHzVw/ORCA_inputs_results_pH7.4/ACE-1par.out,0,empty,,0,0
gaussian,wlvahU0yjha1T3w5ITA0rN6lkqKN,ORCA,GSCz8oRWRR2pOM5YJIHzVw/ORCA_inputs_results_pH7.4/ACE0par.inp,0,empty,,0,0
gaussian,wlvahU0yjha1T3w5ITA0rN6lkqKN,ORCA,GSCz8oRWRR2pOM5YJIHzVw/ORCA_inputs_results_pH7.4/ACE-1.out,0,empty,,0,0
gaussian,wlvahU0yjha1T3w5ITA0rN6lkqKN,ORCA,GSCz8oRWRR2pOM5YJIHzVw/ORCA_inputs_results_pH7.4/ASA-1.inp,0,empty,,0,0
gaussian,vPi8BIDT5mPmTosOT8VgHB4p98VK,Crystal,hANwphqaSQutIGuc3x5MDA/nomad/graphene_freq.out,0,empty,,0,0
gaussian,wlvahU0yjha1T3w5ITA0rN6lkqKN,ORCA,GSCz8oRWRR2pOM5YJIHzVw/ORCA_inputs_results_pH7.4/ASA-1par.inp,0,empty,,0,0
gaussian,wlvahU0yjha1T3w5ITA0rN6lkqKN,ORCA,GSCz8oRWRR2pOM5YJIHzVw/ORCA_inputs_results_pH7.4/ASA-1par.out,0,empty,,0,0
gaussian,wlvahU0yjha1T3w5ITA0rN6lkqKN,ORCA,GSCz8oRWRR2pOM5YJIHzVw/ORCA_inputs_results_pH7.4/ASA0.inp,0,empty,,0,0
gaussian,wlvahU0yjha1T3w5ITA0rN6lkqKN,ORCA,GSCz8oRWRR2pOM5YJIHzVw/ORCA_inputs_results_pH7.4/ACE0par.out,0,empty,,0,0
gaussian,wlvahU0yjha1T3w5ITA0rN6lkqKN,ORCA,GSCz8oRWRR2pOM5YJIHzVw/ORCA_inputs_results_pH7.4/ASA0par.inp,0,empty,,0,0
gaussian,wlvahU0yjha1T3w5ITA0rN6lkqKN,ORCA,GSCz8oRWRR2pOM5YJIHzVw/ORCA_inputs_results_pH7.4/ACE0.out,0,empty,,0,0
gaussian,wlvahU0yjha1T3w5ITA0rN6lkqKN,ORCA,GSCz8oRWRR2pOM5YJIHzVw/ORCA_inputs_results_pH7.4/BEN0.inp,0,empty,,0,0
gaussian,wlvahU0yjha1T3w5ITA0rN6lkqKN,ORCA,GSCz8oRWRR2pOM5YJIHzVw/ORCA_inputs_results_pH7.4/ASA0par.out,0,empty,,0,0
gaussian,wlvahU0yjha1T3w5ITA0rN6lkqKN,ORCA,GSCz8oRWRR2pOM5YJIHzVw/ORCA_inputs_results_pH7.4/BEN0par.inp,0,empty,,0,0
gaussian,wlvahU0yjha1T3w5ITA0rN6lkqKN,ORCA,GSCz8oRWRR2pOM5YJIHzVw/ORCA_inputs_results_pH7.4/BEN0par.out,0,empty,,0,0
gaussian,wlvahU0yjha1T3w5ITA0rN6lkqKN,ORCA,GSCz8oRWRR2pOM5YJIHzVw/ORCA_inputs_results_pH7.4/CAF0.inp,0,empty,,0,0
gaussian,wlvahU0yjha1T3w5ITA0rN6lkqKN,ORCA,GSCz8oRWRR2pOM5YJIHzVw/ORCA_inputs_results_pH7.4/BEN0.out,0,empty,,0,0
gaussian,wlvahU0yjha1T3w5ITA0rN6lkqKN,ORCA,GSCz8oRWRR2pOM5YJIHzVw/ORCA_inputs_results_pH7.4/CAF0par.inp,0,empty,,0,0
gaussian,wlvahU0yjha1T3w5ITA0rN6lkqKN,ORCA,GSCz8oRWRR2pOM5YJIHzVw/ORCA_inputs_results_pH7.4/CAF0par.out,0,empty,,0,0
gaussian,wlvahU0yjha1T3w5ITA0rN6lkqKN,ORCA,GSCz8oRWRR2pOM5YJIHzVw/ORCA_inputs_results_pH7.4/CBZ0.inp,0,empty,,0,0
gaussian,wlvahU0yjha1T3w5ITA0rN6lkqKN,ORCA,GSCz8oRWRR2pOM5YJIHzVw/ORCA_inputs_results_pH7.4/ASA-1.out,0,empty,,0,0
gaussian,wlvahU0yjha1T3w5ITA0rN6lkqKN,ORCA,GSCz8oRWRR2pOM5YJIHzVw/ORCA_inputs_results_pH7.4/CBZ0par.inp,0,empty,,0,0
gaussian,wlvahU0yjha1T3w5ITA0rN6lkqKN,ORCA,GSCz8oRWRR2pOM5YJIHzVw/ORCA_inputs_results_pH7.4/ASA0.out,0,empty,,0,0
gaussian,wlvahU0yjha1T3w5ITA0rN6lkqKN,ORCA,GSCz8oRWRR2pOM5YJIHzVw/ORCA_inputs_results_pH7.4/DCL0.inp,0,empty,,0,0
gaussian,wlvahU0yjha1T3w5ITA0rN6lkqKN,ORCA,GSCz8oRWRR2pOM5YJIHzVw/ORCA_inputs_results_pH7.4/CBZ0par.out,0,empty,,0,0
gaussian,wlvahU0yjha1T3w5ITA0rN6lkqKN,ORCA,GSCz8oRWRR2pOM5YJIHzVw/ORCA_inputs_results_pH7.4/DCL0par.inp,0,empty,,0,0
gaussian,wlvahU0yjha1T3w5ITA0rN6lkqKN,ORCA,GSCz8oRWRR2pOM5YJIHzVw/ORCA_inputs_results_pH7.4/DCL0par.out,0,empty,,0,0
gaussian,wlvahU0yjha1T3w5ITA0rN6lkqKN,ORCA,GSCz8oRWRR2pOM5YJIHzVw/ORCA_inputs_results_pH7.4/GGG-2.inp,0,empty,,0,0
gaussian,wlvahU0yjha1T3w5ITA0rN6lkqKN,ORCA,GSCz8oRWRR2pOM5YJIHzVw/ORCA_inputs_results_pH7.4/DCL0.out,0,empty,,0,0
gaussian,wlvahU0yjha1T3w5ITA0rN6lkqKN,ORCA,GSCz8oRWRR2pOM5YJIHzVw/ORCA_inputs_results_pH7.4/GGG-2par.inp,0,empty,,0,0
gaussian,wlvahU0yjha1T3w5ITA0rN6lkqKN,ORCA,GSCz8oRWRR2pOM5YJIHzVw/ORCA_inputs_results_pH7.4/GGG-2par.out,0,empty,,0,0
gaussian,wlvahU0yjha1T3w5ITA0rN6lkqKN,ORCA,GSCz8oRWRR2pOM5YJIHzVw/ORCA_inputs_results_pH7.4/IBU-1.inp,0,empty,,0,0
gaussian,wlvahU0yjha1T3w5ITA0rN6lkqKN,ORCA,GSCz8oRWRR2pOM5YJIHzVw/ORCA_inputs_results_pH7.4/CAF0.out,0,empty,,0,0
gaussian,wlvahU0yjha1T3w5ITA0rN6lkqKN,ORCA,GSCz8oRWRR2pOM5YJIHzVw/ORCA_inputs_results_pH7.4/IBU-1par.inp,0,empty,,0,0
gaussian,wlvahU0yjha1T3w5ITA0rN6lkqKN,ORCA,GSCz8oRWRR2pOM5YJIHzVw/ORCA_inputs_results_pH7.4/CBZ0.out,0,empty,,0,0
gaussian,wlvahU0yjha1T3w5ITA0rN6lkqKN,ORCA,GSCz8oRWRR2pOM5YJIHzVw/ORCA_inputs_results_pH7.4/IBU0.inp,0,empty,,0,0
gaussian,wlvahU0yjha1T3w5ITA0rN6lkqKN,ORCA,GSCz8oRWRR2pOM5YJIHzVw/ORCA_inputs_results_pH7.4/IBU-1par.out,0,empty,,0,0
gaussian,wlvahU0yjha1T3w5ITA0rN6lkqKN,ORCA,GSCz8oRWRR2pOM5YJIHzVw/ORCA_inputs_results_pH7.4/IBU0par.inp,0,empty,,0,0
gaussian,wlvahU0yjha1T3w5ITA0rN6lkqKN,ORCA,GSCz8oRWRR2pOM5YJIHzVw/ORCA_inputs_results_pH7.4/IBU0par.out,0,empty,,0,0
gaussian,wlvahU0yjha1T3w5ITA0rN6lkqKN,ORCA,GSCz8oRWRR2pOM5YJIHzVw/ORCA_inputs_results_pH7.4/SLC-1.inp,0,empty,,0,0
gaussian,wlvahU0yjha1T3w5ITA0rN6lkqKN,ORCA,GSCz8oRWRR2pOM5YJIHzVw/ORCA_inputs_results_pH7.4/IBU-1.out,0,empty,,0,0
gaussian,wlvahU0yjha1T3w5ITA0rN6lkqKN,ORCA,GSCz8oRWRR2pOM5YJIHzVw/ORCA_inputs_results_pH7.4/SLC-1par.inp,0,empty,,0,0
gaussian,wlvahU0yjha1T3w5ITA0rN6lkqKN,ORCA,GSCz8oRWRR2pOM5YJIHzVw/ORCA_inputs_results_pH7.4/GGG-2.out,0,empty,,0,0
gaussian,wlvahU0yjha1T3w5ITA0rN6lkqKN,ORCA,GSCz8oRWRR2pOM5YJIHzVw/ORCA_inputs_results_pH7.4/SLC0.inp,0,empty,,0,0
gaussian,wlvahU0yjha1T3w5ITA0rN6lkqKN,ORCA,GSCz8oRWRR2pOM5YJIHzVw/ORCA_inputs_results_pH7.4/SLC-1par.out,0,empty,,0,0
gaussian,wlvahU0yjha1T3w5ITA0rN6lkqKN,ORCA,GSCz8oRWRR2pOM5YJIHzVw/ORCA_inputs_results_pH7.4/SLC0par.inp,0,empty,,0,0
gaussian,wlvahU0yjha1T3w5ITA0rN6lkqKN,ORCA,GSCz8oRWRR2pOM5YJIHzVw/ORCA_inputs_results_pH7.4/SLC0par.out,0,empty,,0,0
gaussian,wlvahU0yjha1T3w5ITA0rN6lkqKN,ORCA,GSCz8oRWRR2pOM5YJIHzVw/ORCA_inputs_results_pH7.4/TTR-1.inp,0,empty,,0,0
gaussian,wlvahU0yjha1T3w5ITA0rN6lkqKN,ORCA,GSCz8oRWRR2pOM5YJIHzVw/ORCA_inputs_results_pH7.4/SLC0.out,0,empty,,0,0
gaussian,wlvahU0yjha1T3w5ITA0rN6lkqKN,ORCA,GSCz8oRWRR2pOM5YJIHzVw/ORCA_inputs_results_pH7.4/TTR-1par.inp,0,empty,,0,0
gaussian,wlvahU0yjha1T3w5ITA0rN6lkqKN,ORCA,GSCz8oRWRR2pOM5YJIHzVw/ORCA_inputs_results_pH7.4/SLC-1.out,0,empty,,0,0
gaussian,wlvahU0yjha1T3w5ITA0rN6lkqKN,ORCA,GSCz8oRWRR2pOM5YJIHzVw/ORCA_inputs_results_pH7.4/TTR-2.inp,0,empty,,0,0
gaussian,wlvahU0yjha1T3w5ITA0rN6lkqKN,ORCA,GSCz8oRWRR2pOM5YJIHzVw/ORCA_inputs_results_pH7.4/IBU0.out,0,empty,,0,0
gaussian,wlvahU0yjha1T3w5ITA0rN6lkqKN,ORCA,GSCz8oRWRR2pOM5YJIHzVw/ORCA_inputs_results_pH7.4/TTR-2par.inp,0,empty,,0,0
gaussian,wlvahU0yjha1T3w5ITA0rN6lkqKN,ORCA,GSCz8oRWRR2pOM5YJIHzVw/ORCA_inputs_results_pH7.4/TTR-1par.out,0,empty,,0,0
gaussian,wlvahU0yjha1T3w5ITA0rN6lkqKN,ORCA,GSCz8oRWRR2pOM5YJIHzVw/ORCA_inputs_results_pH7.4/VLP-1.inp,0,empty,,0,0
gaussian,wlvahU0yjha1T3w5ITA0rN6lkqKN,ORCA,GSCz8oRWRR2pOM5YJIHzVw/ORCA_inputs_results_pH7.4/TTR-2par.out,0,empty,,0,0
gaussian,wlvahU0yjha1T3w5ITA0rN6lkqKN,ORCA,GSCz8oRWRR2pOM5YJIHzVw/ORCA_inputs_results_pH7.4/VLP-1par.inp,0,empty,,0,0
gaussian,wlvahU0yjha1T3w5ITA0rN6lkqKN,ORCA,GSCz8oRWRR2pOM5YJIHzVw/ORCA_inputs_results_pH7.4/VLP-1par.out,0,empty,,0,0
gaussian,wlvahU0yjha1T3w5ITA0rN6lkqKN,ORCA,GSCz8oRWRR2pOM5YJIHzVw/ORCA_inputs_results_pH7.4/VLP0.inp,0,empty,,0,0
gaussian,wlvahU0yjha1T3w5ITA0rN6lkqKN,ORCA,GSCz8oRWRR2pOM5YJIHzVw/ORCA_inputs_results_pH7.4/VLP0.out,0,empty,,0,0
gaussian,wlvahU0yjha1T3w5ITA0rN6lkqKN,ORCA,GSCz8oRWRR2pOM5YJIHzVw/ORCA_inputs_results_pH7.4/VLP0par.inp,0,empty,,0,0
gaussian,wlvahU0yjha1T3w5ITA0rN6lkqKN,ORCA,GSCz8oRWRR2pOM5YJIHzVw/ORCA_inputs_results_pH7.4/VLP0par.out,0,empty,,0,0
gaussian,xt8vl0QFelP266phNABAe83kpnf_,LAMMPS,fRCEh8wEQ0u4VG--8N9LLQ/NOMAD/diffusion/nu1000_solo/c4/1d0/LAMMPS.stderr,0,empty,,0,0
gaussian,xt8vl0QFelP266phNABAe83kpnf_,LAMMPS,fRCEh8wEQ0u4VG--8N9LLQ/NOMAD/diffusion/nu1000_solo/c4/1d0/LAMMPS.stdout,0,empty,,0,0
gaussian,xt8vl0QFelP266phNABAe83kpnf_,LAMMPS,fRCEh8wEQ0u4VG--8N9LLQ/NOMAD/diffusion/nu1000_solo/c4/1d0/NU1000h2o_2_2_2but.min.csv,0,empty,,0,0
gaussian,xt8vl0QFelP266phNABAe83kpnf_,LAMMPS,fRCEh8wEQ0u4VG--8N9LLQ/NOMAD/diffusion/nu1000_solo/c4/1d0/in.lammps,0,empty,,0,0
gaussian,xt8vl0QFelP266phNABAe83kpnf_,LAMMPS,fRCEh8wEQ0u4VG--8N9LLQ/NOMAD/diffusion/nu1000_solo/c4/1d0/log.NU1000h2o_2_2_2but,0,empty,,0,0
gaussian,xt8vl0QFelP266phNABAe83kpnf_,LAMMPS,fRCEh8wEQ0u4VG--8N9LLQ/NOMAD/diffusion/nu1000_solo/c4/1d0/log.lammps,1,empty,,0,0
gaussian,xt8vl0QFelP266phNABAe83kpnf_,LAMMPS,fRCEh8wEQ0u4VG--8N9LLQ/NOMAD/diffusion/nu1000_solo/c4/1d0/msd.dat,0,empty,,0,0
gaussian,xt8vl0QFelP266phNABAe83kpnf_,LAMMPS,fRCEh8wEQ0u4VG--8N9LLQ/NOMAD/diffusion/nu1000_solo/c4/1d0/nvt.equil,0,empty,,0,0
gaussian,xt8vl0QFelP266phNABAe83kpnf_,LAMMPS,fRCEh8wEQ0u4VG--8N9LLQ/NOMAD/diffusion/nu1000_solo/c4/1d0/olefin.data,0,empty,,0,0
gaussian,xt8vl0QFelP266phNABAe83kpnf_,LAMMPS,fRCEh8wEQ0u4VG--8N9LLQ/NOMAD/diffusion/nu1000_solo/c4/1d0/opt.equil,0,empty,,0,0
gaussian,yEZZiai9gtACrSbYUU83cXkiNyaj,Octopus,uxiinuyeSW2ZjDlc1HXdhQ/00065,0,empty,,0,0
gaussian,yEZZiai9gtACrSbYUU83cXkiNyaj,Octopus,uxiinuyeSW2ZjDlc1HXdhQ/casida,0,empty,,0,0
gaussian,yEZZiai9gtACrSbYUU83cXkiNyaj,Octopus,uxiinuyeSW2ZjDlc1HXdhQ/eps_diff,0,empty,,0,0
gaussian,yEZZiai9gtACrSbYUU83cXkiNyaj,Octopus,uxiinuyeSW2ZjDlc1HXdhQ/inp,0,empty,,0,0
gaussian,wlvahU0yjha1T3w5ITA0rN6lkqKN,ORCA,GSCz8oRWRR2pOM5YJIHzVw/ORCA_inputs_results_pH7.4/TTR-1.out,1,empty,,0,0
gaussian,wlvahU0yjha1T3w5ITA0rN6lkqKN,ORCA,GSCz8oRWRR2pOM5YJIHzVw/ORCA_inputs_results_pH7.4/VLP-1.out,0,empty,,0,0
gaussian,yEZZiai9gtACrSbYUU83cXkiNyaj,Octopus,uxiinuyeSW2ZjDlc1HXdhQ/spectrum.casida,0,empty,,0,0
gaussian,yEZZiai9gtACrSbYUU83cXkiNyaj,Octopus,uxiinuyeSW2ZjDlc1HXdhQ/spectrum.eps_diff,0,empty,,0,0
gaussian,yEZZiai9gtACrSbYUU83cXkiNyaj,Octopus,uxiinuyeSW2ZjDlc1HXdhQ/spectrum.tamm_dancoff,0,empty,,0,0
gaussian,yL5fT-q_8F2Lr1V5JDlKGy2y4bq1,NWChem,GMuZUSYeTeK1gsEVmecjKg/separableRI_nomad_v2/NWChem/Def2TZVP/molecules/hf/09_naphthalene_NWChem_noRI_HF_Def2TZVP/input.nw,0,empty,,0,0
gaussian,yEZZiai9gtACrSbYUU83cXkiNyaj,Octopus,uxiinuyeSW2ZjDlc1HXdhQ/tamm_dancoff,0,empty,,0,0
gaussian,yaQiW-Ljx4WRhLuxNZwTrV9z7ENm,NWChem,GMuZUSYeTeK1gsEVmecjKg/separableRI_nomad_v2/NWChem/Def2TZVP/molecules/hf/23_acetamide_NWChem_noRI_HF_Def2TZVP/input.nw,0,empty,,0,0
gaussian,yEZZiai9gtACrSbYUU83cXkiNyaj,Octopus,uxiinuyeSW2ZjDlc1HXdhQ/output.out,1,empty,,0,0
gaussian,ycOSC5qaQYF65znrTjRKG9I6TaV9,CP2K,HgarHl1tSluBF-5bhZPOfA/Inputs_Outputs_Periodic_Small_Cell_GW_TMDC-master/Figure_9/MoS2/Window_100/SZV_MOLOPT/GW.inp,0,empty,,0,0
gaussian,ycOSC5qaQYF65znrTjRKG9I6TaV9,CP2K,HgarHl1tSluBF-5bhZPOfA/Inputs_Outputs_Periodic_Small_Cell_GW_TMDC-master/Figure_9/MoS2/Window_100/SZV_MOLOPT/bandstructure_SCF_and_G0W0_plus_SOC,0,empty,,0,0
gaussian,yaQiW-Ljx4WRhLuxNZwTrV9z7ENm,NWChem,GMuZUSYeTeK1gsEVmecjKg/separableRI_nomad_v2/NWChem/Def2TZVP/molecules/hf/23_acetamide_NWChem_noRI_HF_Def2TZVP/output.out,1,empty,,0,0
gaussian,yiSp6LrFJxEf5dzspbOX_PyFDJ-j,CP2K,HgarHl1tSluBF-5bhZPOfA/Inputs_Outputs_Periodic_Small_Cell_GW_TMDC-master/Figure_9/WSe2/Window_10/TZVP_MOLOPT/GW.inp,0,empty,,0,0
gaussian,yiSp6LrFJxEf5dzspbOX_PyFDJ-j,CP2K,HgarHl1tSluBF-5bhZPOfA/Inputs_Outputs_Periodic_Small_Cell_GW_TMDC-master/Figure_9/WSe2/Window_10/TZVP_MOLOPT/bandstructure_SCF_and_G0W0_plus_SOC,0,empty,,0,0
gaussian,ycOSC5qaQYF65znrTjRKG9I6TaV9,CP2K,HgarHl1tSluBF-5bhZPOfA/Inputs_Outputs_Periodic_Small_Cell_GW_TMDC-master/Figure_9/MoS2/Window_100/SZV_MOLOPT/cp2k.out,1,empty,,0,0
gaussian,ytbyrwLI-BvnJ1ZFekukJC0IbVjo,ORCA,GSCz8oRWRR2pOM5YJIHzVw/ORCA_inputs_results_pH7.4/ACE-1.inp,0,empty,,0,0
gaussian,yL5fT-q_8F2Lr1V5JDlKGy2y4bq1,NWChem,GMuZUSYeTeK1gsEVmecjKg/separableRI_nomad_v2/NWChem/Def2TZVP/molecules/hf/09_naphthalene_NWChem_noRI_HF_Def2TZVP/output.out,1,empty,,0,0
gaussian,ytbyrwLI-BvnJ1ZFekukJC0IbVjo,ORCA,GSCz8oRWRR2pOM5YJIHzVw/ORCA_inputs_results_pH7.4/ACE-1par.inp,0,empty,,0,0
gaussian,yiSp6LrFJxEf5dzspbOX_PyFDJ-j,CP2K,HgarHl1tSluBF-5bhZPOfA/Inputs_Outputs_Periodic_Small_Cell_GW_TMDC-master/Figure_9/WSe2/Window_10/TZVP_MOLOPT/cp2k.out,1,empty,,0,0
gaussian,ytbyrwLI-BvnJ1ZFekukJC0IbVjo,ORCA,GSCz8oRWRR2pOM5YJIHzVw/ORCA_inputs_results_pH7.4/ACE0.inp,0,empty,,0,0
gaussian,ytbyrwLI-BvnJ1ZFekukJC0IbVjo,ORCA,GSCz8oRWRR2pOM5YJIHzVw/ORCA_inputs_results_pH7.4/ACE-1par.out,0,empty,,0,0
gaussian,ytbyrwLI-BvnJ1ZFekukJC0IbVjo,ORCA,GSCz8oRWRR2pOM5YJIHzVw/ORCA_inputs_results_pH7.4/ACE0par.inp,0,empty,,0,0
gaussian,ytbyrwLI-BvnJ1ZFekukJC0IbVjo,ORCA,GSCz8oRWRR2pOM5YJIHzVw/ORCA_inputs_results_pH7.4/ACE0par.out,1,empty,,0,0
gaussian,ytbyrwLI-BvnJ1ZFekukJC0IbVjo,ORCA,GSCz8oRWRR2pOM5YJIHzVw/ORCA_inputs_results_pH7.4/ASA-1.inp,0,empty,,0,0
gaussian,ytbyrwLI-BvnJ1ZFekukJC0IbVjo,ORCA,GSCz8oRWRR2pOM5YJIHzVw/ORCA_inputs_results_pH7.4/ACE-1.out,0,empty,,0,0
gaussian,ytbyrwLI-BvnJ1ZFekukJC0IbVjo,ORCA,GSCz8oRWRR2pOM5YJIHzVw/ORCA_inputs_results_pH7.4/ASA-1par.inp,0,empty,,0,0
gaussian,ytbyrwLI-BvnJ1ZFekukJC0IbVjo,ORCA,GSCz8oRWRR2pOM5YJIHzVw/ORCA_inputs_results_pH7.4/ASA-1par.out,0,empty,,0,0
gaussian,ytbyrwLI-BvnJ1ZFekukJC0IbVjo,ORCA,GSCz8oRWRR2pOM5YJIHzVw/ORCA_inputs_results_pH7.4/ASA0.inp,0,empty,,0,0
gaussian,ytbyrwLI-BvnJ1ZFekukJC0IbVjo,ORCA,GSCz8oRWRR2pOM5YJIHzVw/ORCA_inputs_results_pH7.4/ACE0.out,0,empty,,0,0
gaussian,ytbyrwLI-BvnJ1ZFekukJC0IbVjo,ORCA,GSCz8oRWRR2pOM5YJIHzVw/ORCA_inputs_results_pH7.4/ASA0par.inp,0,empty,,0,0
gaussian,ytbyrwLI-BvnJ1ZFekukJC0IbVjo,ORCA,GSCz8oRWRR2pOM5YJIHzVw/ORCA_inputs_results_pH7.4/ASA0par.out,0,empty,,0,0
gaussian,ytbyrwLI-BvnJ1ZFekukJC0IbVjo,ORCA,GSCz8oRWRR2pOM5YJIHzVw/ORCA_inputs_results_pH7.4/BEN0.inp,0,empty,,0,0
gaussian,ytbyrwLI-BvnJ1ZFekukJC0IbVjo,ORCA,GSCz8oRWRR2pOM5YJIHzVw/ORCA_inputs_results_pH7.4/BEN0.out,0,empty,,0,0
gaussian,ytbyrwLI-BvnJ1ZFekukJC0IbVjo,ORCA,GSCz8oRWRR2pOM5YJIHzVw/ORCA_inputs_results_pH7.4/BEN0par.inp,0,empty,,0,0
gaussian,ytbyrwLI-BvnJ1ZFekukJC0IbVjo,ORCA,GSCz8oRWRR2pOM5YJIHzVw/ORCA_inputs_results_pH7.4/BEN0par.out,0,empty,,0,0
gaussian,ytbyrwLI-BvnJ1ZFekukJC0IbVjo,ORCA,GSCz8oRWRR2pOM5YJIHzVw/ORCA_inputs_results_pH7.4/CAF0.inp,0,empty,,0,0
gaussian,ytbyrwLI-BvnJ1ZFekukJC0IbVjo,ORCA,GSCz8oRWRR2pOM5YJIHzVw/ORCA_inputs_results_pH7.4/ASA-1.out,0,empty,,0,0
gaussian,ytbyrwLI-BvnJ1ZFekukJC0IbVjo,ORCA,GSCz8oRWRR2pOM5YJIHzVw/ORCA_inputs_results_pH7.4/CAF0par.inp,0,empty,,0,0
gaussian,ytbyrwLI-BvnJ1ZFekukJC0IbVjo,ORCA,GSCz8oRWRR2pOM5YJIHzVw/ORCA_inputs_results_pH7.4/ASA0.out,0,empty,,0,0
gaussian,ytbyrwLI-BvnJ1ZFekukJC0IbVjo,ORCA,GSCz8oRWRR2pOM5YJIHzVw/ORCA_inputs_results_pH7.4/CBZ0.inp,0,empty,,0,0
gaussian,ytbyrwLI-BvnJ1ZFekukJC0IbVjo,ORCA,GSCz8oRWRR2pOM5YJIHzVw/ORCA_inputs_results_pH7.4/CAF0par.out,0,empty,,0,0
gaussian,ytbyrwLI-BvnJ1ZFekukJC0IbVjo,ORCA,GSCz8oRWRR2pOM5YJIHzVw/ORCA_inputs_results_pH7.4/CBZ0par.inp,0,empty,,0,0
gaussian,ytbyrwLI-BvnJ1ZFekukJC0IbVjo,ORCA,GSCz8oRWRR2pOM5YJIHzVw/ORCA_inputs_results_pH7.4/CBZ0par.out,0,empty,,0,0
gaussian,ytbyrwLI-BvnJ1ZFekukJC0IbVjo,ORCA,GSCz8oRWRR2pOM5YJIHzVw/ORCA_inputs_results_pH7.4/DCL0.inp,0,empty,,0,0
gaussian,ytbyrwLI-BvnJ1ZFekukJC0IbVjo,ORCA,GSCz8oRWRR2pOM5YJIHzVw/ORCA_inputs_results_pH7.4/CAF0.out,0,empty,,0,0
gaussian,ytbyrwLI-BvnJ1ZFekukJC0IbVjo,ORCA,GSCz8oRWRR2pOM5YJIHzVw/ORCA_inputs_results_pH7.4/DCL0par.inp,0,empty,,0,0
gaussian,ytbyrwLI-BvnJ1ZFekukJC0IbVjo,ORCA,GSCz8oRWRR2pOM5YJIHzVw/ORCA_inputs_results_pH7.4/DCL0par.out,0,empty,,0,0
gaussian,ytbyrwLI-BvnJ1ZFekukJC0IbVjo,ORCA,GSCz8oRWRR2pOM5YJIHzVw/ORCA_inputs_results_pH7.4/GGG-2.inp,0,empty,,0,0
gaussian,ytbyrwLI-BvnJ1ZFekukJC0IbVjo,ORCA,GSCz8oRWRR2pOM5YJIHzVw/ORCA_inputs_results_pH7.4/DCL0.out,0,empty,,0,0
gaussian,ytbyrwLI-BvnJ1ZFekukJC0IbVjo,ORCA,GSCz8oRWRR2pOM5YJIHzVw/ORCA_inputs_results_pH7.4/GGG-2par.inp,0,empty,,0,0
gaussian,ytbyrwLI-BvnJ1ZFekukJC0IbVjo,ORCA,GSCz8oRWRR2pOM5YJIHzVw/ORCA_inputs_results_pH7.4/GGG-2par.out,0,empty,,0,0
gaussian,ytbyrwLI-BvnJ1ZFekukJC0IbVjo,ORCA,GSCz8oRWRR2pOM5YJIHzVw/ORCA_inputs_results_pH7.4/IBU-1.inp,0,empty,,0,0
gaussian,ytbyrwLI-BvnJ1ZFekukJC0IbVjo,ORCA,GSCz8oRWRR2pOM5YJIHzVw/ORCA_inputs_results_pH7.4/CBZ0.out,0,empty,,0,0
gaussian,ytbyrwLI-BvnJ1ZFekukJC0IbVjo,ORCA,GSCz8oRWRR2pOM5YJIHzVw/ORCA_inputs_results_pH7.4/IBU-1par.inp,0,empty,,0,0
gaussian,ytbyrwLI-BvnJ1ZFekukJC0IbVjo,ORCA,GSCz8oRWRR2pOM5YJIHzVw/ORCA_inputs_results_pH7.4/IBU-1par.out,0,empty,,0,0
gaussian,ytbyrwLI-BvnJ1ZFekukJC0IbVjo,ORCA,GSCz8oRWRR2pOM5YJIHzVw/ORCA_inputs_results_pH7.4/IBU0.inp,0,empty,,0,0
gaussian,ytbyrwLI-BvnJ1ZFekukJC0IbVjo,ORCA,GSCz8oRWRR2pOM5YJIHzVw/ORCA_inputs_results_pH7.4/GGG-2.out,0,empty,,0,0
gaussian,ytbyrwLI-BvnJ1ZFekukJC0IbVjo,ORCA,GSCz8oRWRR2pOM5YJIHzVw/ORCA_inputs_results_pH7.4/IBU0par.inp,0,empty,,0,0
gaussian,ytbyrwLI-BvnJ1ZFekukJC0IbVjo,ORCA,GSCz8oRWRR2pOM5YJIHzVw/ORCA_inputs_results_pH7.4/IBU-1.out,0,empty,,0,0
gaussian,ytbyrwLI-BvnJ1ZFekukJC0IbVjo,ORCA,GSCz8oRWRR2pOM5YJIHzVw/ORCA_inputs_results_pH7.4/SLC-1.inp,0,empty,,0,0
gaussian,ytbyrwLI-BvnJ1ZFekukJC0IbVjo,ORCA,GSCz8oRWRR2pOM5YJIHzVw/ORCA_inputs_results_pH7.4/IBU0par.out,0,empty,,0,0
gaussian,ytbyrwLI-BvnJ1ZFekukJC0IbVjo,ORCA,GSCz8oRWRR2pOM5YJIHzVw/ORCA_inputs_results_pH7.4/SLC-1par.inp,0,empty,,0,0
gaussian,ytbyrwLI-BvnJ1ZFekukJC0IbVjo,ORCA,GSCz8oRWRR2pOM5YJIHzVw/ORCA_inputs_results_pH7.4/SLC-1par.out,0,empty,,0,0
gaussian,ytbyrwLI-BvnJ1ZFekukJC0IbVjo,ORCA,GSCz8oRWRR2pOM5YJIHzVw/ORCA_inputs_results_pH7.4/SLC0.inp,0,empty,,0,0
gaussian,ytbyrwLI-BvnJ1ZFekukJC0IbVjo,ORCA,GSCz8oRWRR2pOM5YJIHzVw/ORCA_inputs_results_pH7.4/SLC-1.out,0,empty,,0,0
gaussian,ytbyrwLI-BvnJ1ZFekukJC0IbVjo,ORCA,GSCz8oRWRR2pOM5YJIHzVw/ORCA_inputs_results_pH7.4/SLC0par.inp,0,empty,,0,0
gaussian,ytbyrwLI-BvnJ1ZFekukJC0IbVjo,ORCA,GSCz8oRWRR2pOM5YJIHzVw/ORCA_inputs_results_pH7.4/SLC0par.out,0,empty,,0,0
gaussian,ytbyrwLI-BvnJ1ZFekukJC0IbVjo,ORCA,GSCz8oRWRR2pOM5YJIHzVw/ORCA_inputs_results_pH7.4/TTR-1.inp,0,empty,,0,0
gaussian,ytbyrwLI-BvnJ1ZFekukJC0IbVjo,ORCA,GSCz8oRWRR2pOM5YJIHzVw/ORCA_inputs_results_pH7.4/SLC0.out,0,empty,,0,0
gaussian,ytbyrwLI-BvnJ1ZFekukJC0IbVjo,ORCA,GSCz8oRWRR2pOM5YJIHzVw/ORCA_inputs_results_pH7.4/TTR-1par.inp,0,empty,,0,0
gaussian,ytbyrwLI-BvnJ1ZFekukJC0IbVjo,ORCA,GSCz8oRWRR2pOM5YJIHzVw/ORCA_inputs_results_pH7.4/IBU0.out,0,empty,,0,0
gaussian,ytbyrwLI-BvnJ1ZFekukJC0IbVjo,ORCA,GSCz8oRWRR2pOM5YJIHzVw/ORCA_inputs_results_pH7.4/TTR-2.inp,0,empty,,0,0
gaussian,ytbyrwLI-BvnJ1ZFekukJC0IbVjo,ORCA,GSCz8oRWRR2pOM5YJIHzVw/ORCA_inputs_results_pH7.4/TTR-1par.out,0,empty,,0,0
gaussian,ytbyrwLI-BvnJ1ZFekukJC0IbVjo,ORCA,GSCz8oRWRR2pOM5YJIHzVw/ORCA_inputs_results_pH7.4/TTR-2par.inp,0,empty,,0,0
gaussian,ytbyrwLI-BvnJ1ZFekukJC0IbVjo,ORCA,GSCz8oRWRR2pOM5YJIHzVw/ORCA_inputs_results_pH7.4/TTR-2par.out,0,empty,,0,0
gaussian,ytbyrwLI-BvnJ1ZFekukJC0IbVjo,ORCA,GSCz8oRWRR2pOM5YJIHzVw/ORCA_inputs_results_pH7.4/VLP-1.inp,0,empty,,0,0
gaussian,wlvahU0yjha1T3w5ITA0rN6lkqKN,ORCA,GSCz8oRWRR2pOM5YJIHzVw/ORCA_inputs_results_pH7.4/TTR-2.out,0,empty,,0,0
gaussian,ytbyrwLI-BvnJ1ZFekukJC0IbVjo,ORCA,GSCz8oRWRR2pOM5YJIHzVw/ORCA_inputs_results_pH7.4/VLP-1par.inp,0,empty,,0,0
gaussian,ytbyrwLI-BvnJ1ZFekukJC0IbVjo,ORCA,GSCz8oRWRR2pOM5YJIHzVw/ORCA_inputs_results_pH7.4/VLP-1par.out,0,empty,,0,0
gaussian,ytbyrwLI-BvnJ1ZFekukJC0IbVjo,ORCA,GSCz8oRWRR2pOM5YJIHzVw/ORCA_inputs_results_pH7.4/VLP0.inp,0,empty,,0,0
gaussian,ytbyrwLI-BvnJ1ZFekukJC0IbVjo,ORCA,GSCz8oRWRR2pOM5YJIHzVw/ORCA_inputs_results_pH7.4/VLP-1.out,0,empty,,0,0
gaussian,ytbyrwLI-BvnJ1ZFekukJC0IbVjo,ORCA,GSCz8oRWRR2pOM5YJIHzVw/ORCA_inputs_results_pH7.4/VLP0par.inp,0,empty,,0,0
gaussian,ytbyrwLI-BvnJ1ZFekukJC0IbVjo,ORCA,GSCz8oRWRR2pOM5YJIHzVw/ORCA_inputs_results_pH7.4/VLP0.out,0,empty,,0,0
gaussian,yzVrn4831KFsSTgMd5zNGi6YjSKN,VASP,OWvCtMY0RWe98WYGBLuwxA/nomad_upload/P/binding_energies/DFThalf/sc7/pristine/EIGENVAL,0,empty,,0,0
gaussian,yzVrn4831KFsSTgMd5zNGi6YjSKN,VASP,OWvCtMY0RWe98WYGBLuwxA/nomad_upload/P/binding_energies/DFThalf/sc7/pristine/INCAR,0,empty,,0,0
gaussian,ytbyrwLI-BvnJ1ZFekukJC0IbVjo,ORCA,GSCz8oRWRR2pOM5YJIHzVw/ORCA_inputs_results_pH7.4/VLP0par.out,0,empty,,0,0
gaussian,yzVrn4831KFsSTgMd5zNGi6YjSKN,VASP,OWvCtMY0RWe98WYGBLuwxA/nomad_upload/P/binding_energies/DFThalf/sc7/pristine/OUTCAR,0,empty,,0,0
gaussian,yzVrn4831KFsSTgMd5zNGi6YjSKN,VASP,OWvCtMY0RWe98WYGBLuwxA/nomad_upload/P/binding_energies/DFThalf/sc7/pristine/POSCAR,0,empty,,0,0
gaussian,yzVrn4831KFsSTgMd5zNGi6YjSKN,VASP,OWvCtMY0RWe98WYGBLuwxA/nomad_upload/P/binding_energies/DFThalf/sc7/pristine/vasprun.xml,1,empty,,0,0
gaussian,zOnVuVC5y8Wf-1SEGPJj8EfwTYqB,ORCA,GSCz8oRWRR2pOM5YJIHzVw/ORCA_inputs_results_pH7.4/ACE-1.inp,0,empty,,0,0
gaussian,yzVrn4831KFsSTgMd5zNGi6YjSKN,VASP,OWvCtMY0RWe98WYGBLuwxA/nomad_upload/P/binding_energies/DFThalf/sc7/pristine/KPOINTS,0,empty,,0,0
gaussian,ytbyrwLI-BvnJ1ZFekukJC0IbVjo,ORCA,GSCz8oRWRR2pOM5YJIHzVw/ORCA_inputs_results_pH7.4/TTR-1.out,0,empty,,0,0
gaussian,zOnVuVC5y8Wf-1SEGPJj8EfwTYqB,ORCA,GSCz8oRWRR2pOM5YJIHzVw/ORCA_inputs_results_pH7.4/ACE-1par.inp,0,empty,,0,0
gaussian,zOnVuVC5y8Wf-1SEGPJj8EfwTYqB,ORCA,GSCz8oRWRR2pOM5YJIHzVw/ORCA_inputs_results_pH7.4/ACE0.inp,0,empty,,0,0
gaussian,zOnVuVC5y8Wf-1SEGPJj8EfwTYqB,ORCA,GSCz8oRWRR2pOM5YJIHzVw/ORCA_inputs_results_pH7.4/ACE-1par.out,0,empty,,0,0
gaussian,zOnVuVC5y8Wf-1SEGPJj8EfwTYqB,ORCA,GSCz8oRWRR2pOM5YJIHzVw/ORCA_inputs_results_pH7.4/ACE0par.inp,0,empty,,0,0
gaussian,zOnVuVC5y8Wf-1SEGPJj8EfwTYqB,ORCA,GSCz8oRWRR2pOM5YJIHzVw/ORCA_inputs_results_pH7.4/ACE-1.out,0,empty,,0,0
gaussian,zOnVuVC5y8Wf-1SEGPJj8EfwTYqB,ORCA,GSCz8oRWRR2pOM5YJIHzVw/ORCA_inputs_results_pH7.4/ASA-1.inp,0,empty,,0,0
gaussian,zOnVuVC5y8Wf-1SEGPJj8EfwTYqB,ORCA,GSCz8oRWRR2pOM5YJIHzVw/ORCA_inputs_results_pH7.4/ACE0par.out,0,empty,,0,0
gaussian,zOnVuVC5y8Wf-1SEGPJj8EfwTYqB,ORCA,GSCz8oRWRR2pOM5YJIHzVw/ORCA_inputs_results_pH7.4/ACE0.out,0,empty,,0,0
gaussian,zOnVuVC5y8Wf-1SEGPJj8EfwTYqB,ORCA,GSCz8oRWRR2pOM5YJIHzVw/ORCA_inputs_results_pH7.4/ASA-1par.inp,0,empty,,0,0
gaussian,zOnVuVC5y8Wf-1SEGPJj8EfwTYqB,ORCA,GSCz8oRWRR2pOM5YJIHzVw/ORCA_inputs_results_pH7.4/ASA0.inp,0,empty,,0,0
gaussian,zOnVuVC5y8Wf-1SEGPJj8EfwTYqB,ORCA,GSCz8oRWRR2pOM5YJIHzVw/ORCA_inputs_results_pH7.4/ASA-1par.out,0,empty,,0,0
gaussian,zOnVuVC5y8Wf-1SEGPJj8EfwTYqB,ORCA,GSCz8oRWRR2pOM5YJIHzVw/ORCA_inputs_results_pH7.4/ASA0par.inp,0,empty,,0,0
gaussian,zOnVuVC5y8Wf-1SEGPJj8EfwTYqB,ORCA,GSCz8oRWRR2pOM5YJIHzVw/ORCA_inputs_results_pH7.4/ASA0par.out,1,empty,,0,0
gaussian,zOnVuVC5y8Wf-1SEGPJj8EfwTYqB,ORCA,GSCz8oRWRR2pOM5YJIHzVw/ORCA_inputs_results_pH7.4/BEN0.inp,0,empty,,0,0
gaussian,zOnVuVC5y8Wf-1SEGPJj8EfwTYqB,ORCA,GSCz8oRWRR2pOM5YJIHzVw/ORCA_inputs_results_pH7.4/ASA-1.out,0,empty,,0,0
gaussian,zOnVuVC5y8Wf-1SEGPJj8EfwTYqB,ORCA,GSCz8oRWRR2pOM5YJIHzVw/ORCA_inputs_results_pH7.4/BEN0par.inp,0,empty,,0,0
gaussian,zOnVuVC5y8Wf-1SEGPJj8EfwTYqB,ORCA,GSCz8oRWRR2pOM5YJIHzVw/ORCA_inputs_results_pH7.4/BEN0par.out,0,empty,,0,0
gaussian,zOnVuVC5y8Wf-1SEGPJj8EfwTYqB,ORCA,GSCz8oRWRR2pOM5YJIHzVw/ORCA_inputs_results_pH7.4/CAF0.inp,0,empty,,0,0
gaussian,zOnVuVC5y8Wf-1SEGPJj8EfwTYqB,ORCA,GSCz8oRWRR2pOM5YJIHzVw/ORCA_inputs_results_pH7.4/BEN0.out,0,empty,,0,0
gaussian,zOnVuVC5y8Wf-1SEGPJj8EfwTYqB,ORCA,GSCz8oRWRR2pOM5YJIHzVw/ORCA_inputs_results_pH7.4/CAF0par.inp,0,empty,,0,0
gaussian,zOnVuVC5y8Wf-1SEGPJj8EfwTYqB,ORCA,GSCz8oRWRR2pOM5YJIHzVw/ORCA_inputs_results_pH7.4/CAF0par.out,0,empty,,0,0
gaussian,zOnVuVC5y8Wf-1SEGPJj8EfwTYqB,ORCA,GSCz8oRWRR2pOM5YJIHzVw/ORCA_inputs_results_pH7.4/CBZ0.inp,0,empty,,0,0
gaussian,zOnVuVC5y8Wf-1SEGPJj8EfwTYqB,ORCA,GSCz8oRWRR2pOM5YJIHzVw/ORCA_inputs_results_pH7.4/CAF0.out,0,empty,,0,0
gaussian,zOnVuVC5y8Wf-1SEGPJj8EfwTYqB,ORCA,GSCz8oRWRR2pOM5YJIHzVw/ORCA_inputs_results_pH7.4/CBZ0par.inp,0,empty,,0,0
gaussian,zOnVuVC5y8Wf-1SEGPJj8EfwTYqB,ORCA,GSCz8oRWRR2pOM5YJIHzVw/ORCA_inputs_results_pH7.4/CBZ0par.out,0,empty,,0,0
gaussian,zOnVuVC5y8Wf-1SEGPJj8EfwTYqB,ORCA,GSCz8oRWRR2pOM5YJIHzVw/ORCA_inputs_results_pH7.4/CBZ0.out,0,empty,,0,0
gaussian,zOnVuVC5y8Wf-1SEGPJj8EfwTYqB,ORCA,GSCz8oRWRR2pOM5YJIHzVw/ORCA_inputs_results_pH7.4/DCL0.inp,0,empty,,0,0
gaussian,zOnVuVC5y8Wf-1SEGPJj8EfwTYqB,ORCA,GSCz8oRWRR2pOM5YJIHzVw/ORCA_inputs_results_pH7.4/DCL0par.inp,0,empty,,0,0
gaussian,zOnVuVC5y8Wf-1SEGPJj8EfwTYqB,ORCA,GSCz8oRWRR2pOM5YJIHzVw/ORCA_inputs_results_pH7.4/DCL0par.out,0,empty,,0,0
gaussian,zOnVuVC5y8Wf-1SEGPJj8EfwTYqB,ORCA,GSCz8oRWRR2pOM5YJIHzVw/ORCA_inputs_results_pH7.4/GGG-2.inp,0,empty,,0,0
gaussian,zOnVuVC5y8Wf-1SEGPJj8EfwTYqB,ORCA,GSCz8oRWRR2pOM5YJIHzVw/ORCA_inputs_results_pH7.4/DCL0.out,0,empty,,0,0
gaussian,zOnVuVC5y8Wf-1SEGPJj8EfwTYqB,ORCA,GSCz8oRWRR2pOM5YJIHzVw/ORCA_inputs_results_pH7.4/GGG-2par.inp,0,empty,,0,0
gaussian,zOnVuVC5y8Wf-1SEGPJj8EfwTYqB,ORCA,GSCz8oRWRR2pOM5YJIHzVw/ORCA_inputs_results_pH7.4/GGG-2par.out,0,empty,,0,0
gaussian,zOnVuVC5y8Wf-1SEGPJj8EfwTYqB,ORCA,GSCz8oRWRR2pOM5YJIHzVw/ORCA_inputs_results_pH7.4/IBU-1.inp,0,empty,,0,0
gaussian,zOnVuVC5y8Wf-1SEGPJj8EfwTYqB,ORCA,GSCz8oRWRR2pOM5YJIHzVw/ORCA_inputs_results_pH7.4/ASA0.out,0,empty,,0,0
gaussian,zOnVuVC5y8Wf-1SEGPJj8EfwTYqB,ORCA,GSCz8oRWRR2pOM5YJIHzVw/ORCA_inputs_results_pH7.4/IBU-1par.inp,0,empty,,0,0
gaussian,zOnVuVC5y8Wf-1SEGPJj8EfwTYqB,ORCA,GSCz8oRWRR2pOM5YJIHzVw/ORCA_inputs_results_pH7.4/IBU-1par.out,0,empty,,0,0
gaussian,zOnVuVC5y8Wf-1SEGPJj8EfwTYqB,ORCA,GSCz8oRWRR2pOM5YJIHzVw/ORCA_inputs_results_pH7.4/IBU0.inp,0,empty,,0,0
gaussian,zOnVuVC5y8Wf-1SEGPJj8EfwTYqB,ORCA,GSCz8oRWRR2pOM5YJIHzVw/ORCA_inputs_results_pH7.4/IBU-1.out,0,empty,,0,0
gaussian,zOnVuVC5y8Wf-1SEGPJj8EfwTYqB,ORCA,GSCz8oRWRR2pOM5YJIHzVw/ORCA_inputs_results_pH7.4/IBU0par.inp,0,empty,,0,0
gaussian,zOnVuVC5y8Wf-1SEGPJj8EfwTYqB,ORCA,GSCz8oRWRR2pOM5YJIHzVw/ORCA_inputs_results_pH7.4/GGG-2.out,0,empty,,0,0
gaussian,zOnVuVC5y8Wf-1SEGPJj8EfwTYqB,ORCA,GSCz8oRWRR2pOM5YJIHzVw/ORCA_inputs_results_pH7.4/SLC-1.inp,0,empty,,0,0
gaussian,zOnVuVC5y8Wf-1SEGPJj8EfwTYqB,ORCA,GSCz8oRWRR2pOM5YJIHzVw/ORCA_inputs_results_pH7.4/IBU0par.out,0,empty,,0,0
gaussian,zOnVuVC5y8Wf-1SEGPJj8EfwTYqB,ORCA,GSCz8oRWRR2pOM5YJIHzVw/ORCA_inputs_results_pH7.4/SLC-1par.inp,0,empty,,0,0
gaussian,zOnVuVC5y8Wf-1SEGPJj8EfwTYqB,ORCA,GSCz8oRWRR2pOM5YJIHzVw/ORCA_inputs_results_pH7.4/SLC-1par.out,0,empty,,0,0
gaussian,zOnVuVC5y8Wf-1SEGPJj8EfwTYqB,ORCA,GSCz8oRWRR2pOM5YJIHzVw/ORCA_inputs_results_pH7.4/SLC0.inp,0,empty,,0,0
gaussian,zOnVuVC5y8Wf-1SEGPJj8EfwTYqB,ORCA,GSCz8oRWRR2pOM5YJIHzVw/ORCA_inputs_results_pH7.4/SLC-1.out,0,empty,,0,0
gaussian,zOnVuVC5y8Wf-1SEGPJj8EfwTYqB,ORCA,GSCz8oRWRR2pOM5YJIHzVw/ORCA_inputs_results_pH7.4/SLC0par.inp,0,empty,,0,0
gaussian,ytbyrwLI-BvnJ1ZFekukJC0IbVjo,ORCA,GSCz8oRWRR2pOM5YJIHzVw/ORCA_inputs_results_pH7.4/TTR-2.out,0,empty,,0,0
gaussian,zOnVuVC5y8Wf-1SEGPJj8EfwTYqB,ORCA,GSCz8oRWRR2pOM5YJIHzVw/ORCA_inputs_results_pH7.4/TTR-1.inp,0,empty,,0,0
gaussian,zOnVuVC5y8Wf-1SEGPJj8EfwTYqB,ORCA,GSCz8oRWRR2pOM5YJIHzVw/ORCA_inputs_results_pH7.4/SLC0par.out,0,empty,,0,0
gaussian,zOnVuVC5y8Wf-1SEGPJj8EfwTYqB,ORCA,GSCz8oRWRR2pOM5YJIHzVw/ORCA_inputs_results_pH7.4/TTR-1par.inp,0,empty,,0,0
gaussian,zOnVuVC5y8Wf-1SEGPJj8EfwTYqB,ORCA,GSCz8oRWRR2pOM5YJIHzVw/ORCA_inputs_results_pH7.4/TTR-1par.out,0,empty,,0,0
gaussian,zOnVuVC5y8Wf-1SEGPJj8EfwTYqB,ORCA,GSCz8oRWRR2pOM5YJIHzVw/ORCA_inputs_results_pH7.4/TTR-2.inp,0,empty,,0,0
gaussian,zOnVuVC5y8Wf-1SEGPJj8EfwTYqB,ORCA,GSCz8oRWRR2pOM5YJIHzVw/ORCA_inputs_results_pH7.4/SLC0.out,0,empty,,0,0
gaussian,zOnVuVC5y8Wf-1SEGPJj8EfwTYqB,ORCA,GSCz8oRWRR2pOM5YJIHzVw/ORCA_inputs_results_pH7.4/TTR-2par.inp,0,empty,,0,0
gaussian,zOnVuVC5y8Wf-1SEGPJj8EfwTYqB,ORCA,GSCz8oRWRR2pOM5YJIHzVw/ORCA_inputs_results_pH7.4/TTR-2par.out,0,empty,,0,0
gaussian,zOnVuVC5y8Wf-1SEGPJj8EfwTYqB,ORCA,GSCz8oRWRR2pOM5YJIHzVw/ORCA_inputs_results_pH7.4/VLP-1.inp,0,empty,,0,0
gaussian,zOnVuVC5y8Wf-1SEGPJj8EfwTYqB,ORCA,GSCz8oRWRR2pOM5YJIHzVw/ORCA_inputs_results_pH7.4/VLP-1.out,0,empty,,0,0
gaussian,zOnVuVC5y8Wf-1SEGPJj8EfwTYqB,ORCA,GSCz8oRWRR2pOM5YJIHzVw/ORCA_inputs_results_pH7.4/VLP-1par.inp,0,empty,,0,0
gaussian,zOnVuVC5y8Wf-1SEGPJj8EfwTYqB,ORCA,GSCz8oRWRR2pOM5YJIHzVw/ORCA_inputs_results_pH7.4/VLP-1par.out,0,empty,,0,0
gaussian,zOnVuVC5y8Wf-1SEGPJj8EfwTYqB,ORCA,GSCz8oRWRR2pOM5YJIHzVw/ORCA_inputs_results_pH7.4/VLP0.inp,0,empty,,0,0
gaussian,zOnVuVC5y8Wf-1SEGPJj8EfwTYqB,ORCA,GSCz8oRWRR2pOM5YJIHzVw/ORCA_inputs_results_pH7.4/IBU0.out,0,empty,,0,0
gaussian,zOnVuVC5y8Wf-1SEGPJj8EfwTYqB,ORCA,GSCz8oRWRR2pOM5YJIHzVw/ORCA_inputs_results_pH7.4/VLP0par.inp,0,empty,,0,0
gaussian,zOnVuVC5y8Wf-1SEGPJj8EfwTYqB,ORCA,GSCz8oRWRR2pOM5YJIHzVw/ORCA_inputs_results_pH7.4/TTR-1.out,0,empty,,0,0
gaussian,zWWsNOkalQRYFPYyLmafwWwMpJ7R,NWChem,GMuZUSYeTeK1gsEVmecjKg/separableRI_nomad_v2/NWChem/Def2TZVP/atom/mp2/08_Nitrogen_NWChem_noRI_MP2_Def2TZVP/input.nw,0,empty,,0,0
gaussian,zWWsNOkalQRYFPYyLmafwWwMpJ7R,NWChem,GMuZUSYeTeK1gsEVmecjKg/separableRI_nomad_v2/NWChem/Def2TZVP/atom/mp2/08_Nitrogen_NWChem_noRI_MP2_Def2TZVP/output.out,1,empty,,0,0
gaussian,zr7YIQ17tuWOUjCM7OspKDQ87ito,CP2K,HgarHl1tSluBF-5bhZPOfA/Inputs_Outputs_Periodic_Small_Cell_GW_TMDC-master/Figure_9/WSe2/Window_100/TZV2P_MOLOPT/GW.inp,0,empty,,0,0
gaussian,zr7YIQ17tuWOUjCM7OspKDQ87ito,CP2K,HgarHl1tSluBF-5bhZPOfA/Inputs_Outputs_Periodic_Small_Cell_GW_TMDC-master/Figure_9/WSe2/Window_100/TZV2P_MOLOPT/bandstructure_SCF_and_G0W0_plus_SOC,0,empty,,0,0
gaussian,zOnVuVC5y8Wf-1SEGPJj8EfwTYqB,ORCA,GSCz8oRWRR2pOM5YJIHzVw/ORCA_inputs_results_pH7.4/VLP0par.out,0,empty,,0,0
gaussian,zrBGgzazZT1LBD6kkOGMlLkr-dhl,CASTEP,loddw6wwSbKmyTgsHuX6PQ/benzene_rotation_x/angle_1/sites/2/ELNES.param,0,empty,,0,0
gaussian,zrBGgzazZT1LBD6kkOGMlLkr-dhl,CASTEP,loddw6wwSbKmyTgsHuX6PQ/benzene_rotation_x/angle_1/sites/2/case.bands,0,empty,,0,0
gaussian,zrBGgzazZT1LBD6kkOGMlLkr-dhl,CASTEP,loddw6wwSbKmyTgsHuX6PQ/benzene_rotation_x/angle_1/sites/2/case.bib,0,empty,,0,0
gaussian,zrBGgzazZT1LBD6kkOGMlLkr-dhl,CASTEP,loddw6wwSbKmyTgsHuX6PQ/benzene_rotation_x/angle_1/sites/2/case.castep,1,empty,,0,0
gaussian,zrBGgzazZT1LBD6kkOGMlLkr-dhl,CASTEP,loddw6wwSbKmyTgsHuX6PQ/benzene_rotation_x/angle_1/sites/2/case.castep_bin,0,empty,,0,0
gaussian,zrBGgzazZT1LBD6kkOGMlLkr-dhl,CASTEP,loddw6wwSbKmyTgsHuX6PQ/benzene_rotation_x/angle_1/sites/2/case.cell,0,empty,,0,0
gaussian,zrBGgzazZT1LBD6kkOGMlLkr-dhl,CASTEP,loddw6wwSbKmyTgsHuX6PQ/benzene_rotation_x/angle_1/sites/2/case.check,0,empty,,0,0
gaussian,zrBGgzazZT1LBD6kkOGMlLkr-dhl,CASTEP,loddw6wwSbKmyTgsHuX6PQ/benzene_rotation_x/angle_1/sites/2/case.cst_esp,0,empty,,0,0
gaussian,zrBGgzazZT1LBD6kkOGMlLkr-dhl,CASTEP,loddw6wwSbKmyTgsHuX6PQ/benzene_rotation_x/angle_1/sites/2/case.param,0,empty,,0,0
gaussian,zrBGgzazZT1LBD6kkOGMlLkr-dhl,CASTEP,loddw6wwSbKmyTgsHuX6PQ/benzene_rotation_x/angle_1/sites/2/case_elnes.bands,0,empty,,0,0
gaussian,zrBGgzazZT1LBD6kkOGMlLkr-dhl,CASTEP,loddw6wwSbKmyTgsHuX6PQ/benzene_rotation_x/angle_1/sites/2/case_elnes.bib,0,empty,,0,0
gaussian,zrBGgzazZT1LBD6kkOGMlLkr-dhl,CASTEP,loddw6wwSbKmyTgsHuX6PQ/benzene_rotation_x/angle_1/sites/2/case_elnes.castep,0,empty,,0,0
gaussian,zrBGgzazZT1LBD6kkOGMlLkr-dhl,CASTEP,loddw6wwSbKmyTgsHuX6PQ/benzene_rotation_x/angle_1/sites/2/case_elnes.castep_bin,0,empty,,0,0
gaussian,zrBGgzazZT1LBD6kkOGMlLkr-dhl,CASTEP,loddw6wwSbKmyTgsHuX6PQ/benzene_rotation_x/angle_1/sites/2/case_elnes.cell,0,empty,,0,0
gaussian,zrBGgzazZT1LBD6kkOGMlLkr-dhl,CASTEP,loddw6wwSbKmyTgsHuX6PQ/benzene_rotation_x/angle_1/sites/2/case_elnes.check,0,empty,,0,0
gaussian,zrBGgzazZT1LBD6kkOGMlLkr-dhl,CASTEP,loddw6wwSbKmyTgsHuX6PQ/benzene_rotation_x/angle_1/sites/2/case_elnes.cst_esp,0,empty,,0,0
gaussian,zrBGgzazZT1LBD6kkOGMlLkr-dhl,CASTEP,loddw6wwSbKmyTgsHuX6PQ/benzene_rotation_x/angle_1/sites/2/case_elnes.eels_mat,0,empty,,0,0
gaussian,zrBGgzazZT1LBD6kkOGMlLkr-dhl,CASTEP,loddw6wwSbKmyTgsHuX6PQ/benzene_rotation_x/angle_1/sites/2/case_elnes.elnes,0,empty,,0,0
gaussian,zrBGgzazZT1LBD6kkOGMlLkr-dhl,CASTEP,loddw6wwSbKmyTgsHuX6PQ/benzene_rotation_x/angle_1/sites/2/case_elnes.param,0,empty,,0,0
gaussian,zrBGgzazZT1LBD6kkOGMlLkr-dhl,CASTEP,loddw6wwSbKmyTgsHuX6PQ/benzene_rotation_x/angle_1/sites/2/case_elnes.paw,0,empty,,0,0
gaussian,zrBGgzazZT1LBD6kkOGMlLkr-dhl,CASTEP,loddw6wwSbKmyTgsHuX6PQ/benzene_rotation_x/angle_1/sites/2/case_elnes.uncorr,0,empty,,0,0
gaussian,zrBGgzazZT1LBD6kkOGMlLkr-dhl,CASTEP,loddw6wwSbKmyTgsHuX6PQ/benzene_rotation_x/angle_1/sites/2/case_gs.bands,0,empty,,0,0
gaussian,zrBGgzazZT1LBD6kkOGMlLkr-dhl,CASTEP,loddw6wwSbKmyTgsHuX6PQ/benzene_rotation_x/angle_1/sites/2/case_gs.bib,0,empty,,0,0
gaussian,zrBGgzazZT1LBD6kkOGMlLkr-dhl,CASTEP,loddw6wwSbKmyTgsHuX6PQ/benzene_rotation_x/angle_1/sites/2/case_gs.castep,0,empty,,0,0
gaussian,zrBGgzazZT1LBD6kkOGMlLkr-dhl,CASTEP,loddw6wwSbKmyTgsHuX6PQ/benzene_rotation_x/angle_1/sites/2/case_gs.castep_bin,0,empty,,0,0
gaussian,zrBGgzazZT1LBD6kkOGMlLkr-dhl,CASTEP,loddw6wwSbKmyTgsHuX6PQ/benzene_rotation_x/angle_1/sites/2/case_gs.cell,0,empty,,0,0
gaussian,zrBGgzazZT1LBD6kkOGMlLkr-dhl,CASTEP,loddw6wwSbKmyTgsHuX6PQ/benzene_rotation_x/angle_1/sites/2/case_gs.check,0,empty,,0,0
gaussian,zrBGgzazZT1LBD6kkOGMlLkr-dhl,CASTEP,loddw6wwSbKmyTgsHuX6PQ/benzene_rotation_x/angle_1/sites/2/case_gs.cst_esp,0,empty,,0,0
gaussian,zrBGgzazZT1LBD6kkOGMlLkr-dhl,CASTEP,loddw6wwSbKmyTgsHuX6PQ/benzene_rotation_x/angle_1/sites/2/case_gs.param,0,empty,,0,0
gaussian,zs4_TvFw8MI-PFlNF9p2OFjFr889,CASTEP,loddw6wwSbKmyTgsHuX6PQ/benzene_rotation_x/angle_2/sites/4/ELNES.param,0,empty,,0,0
gaussian,zs4_TvFw8MI-PFlNF9p2OFjFr889,CASTEP,loddw6wwSbKmyTgsHuX6PQ/benzene_rotation_x/angle_2/sites/4/case.bands,0,empty,,0,0
gaussian,zs4_TvFw8MI-PFlNF9p2OFjFr889,CASTEP,loddw6wwSbKmyTgsHuX6PQ/benzene_rotation_x/angle_2/sites/4/case.bib,0,empty,,0,0
gaussian,zs4_TvFw8MI-PFlNF9p2OFjFr889,CASTEP,loddw6wwSbKmyTgsHuX6PQ/benzene_rotation_x/angle_2/sites/4/case.castep,0,empty,,0,0
gaussian,zs4_TvFw8MI-PFlNF9p2OFjFr889,CASTEP,loddw6wwSbKmyTgsHuX6PQ/benzene_rotation_x/angle_2/sites/4/case.castep_bin,0,empty,,0,0
gaussian,zs4_TvFw8MI-PFlNF9p2OFjFr889,CASTEP,loddw6wwSbKmyTgsHuX6PQ/benzene_rotation_x/angle_2/sites/4/case.cell,0,empty,,0,0
gaussian,zs4_TvFw8MI-PFlNF9p2OFjFr889,CASTEP,loddw6wwSbKmyTgsHuX6PQ/benzene_rotation_x/angle_2/sites/4/case.check,0,empty,,0,0
gaussian,zs4_TvFw8MI-PFlNF9p2OFjFr889,CASTEP,loddw6wwSbKmyTgsHuX6PQ/benzene_rotation_x/angle_2/sites/4/case.cst_esp,0,empty,,0,0
gaussian,zs4_TvFw8MI-PFlNF9p2OFjFr889,CASTEP,loddw6wwSbKmyTgsHuX6PQ/benzene_rotation_x/angle_2/sites/4/case.param,0,empty,,0,0
gaussian,zs4_TvFw8MI-PFlNF9p2OFjFr889,CASTEP,loddw6wwSbKmyTgsHuX6PQ/benzene_rotation_x/angle_2/sites/4/case_elnes.bands,0,empty,,0,0
gaussian,zs4_TvFw8MI-PFlNF9p2OFjFr889,CASTEP,loddw6wwSbKmyTgsHuX6PQ/benzene_rotation_x/angle_2/sites/4/case_elnes.bib,0,empty,,0,0
gaussian,zs4_TvFw8MI-PFlNF9p2OFjFr889,CASTEP,loddw6wwSbKmyTgsHuX6PQ/benzene_rotation_x/angle_2/sites/4/case_elnes.castep,0,empty,,0,0
gaussian,zs4_TvFw8MI-PFlNF9p2OFjFr889,CASTEP,loddw6wwSbKmyTgsHuX6PQ/benzene_rotation_x/angle_2/sites/4/case_elnes.castep_bin,0,empty,,0,0
gaussian,zr7YIQ17tuWOUjCM7OspKDQ87ito,CP2K,HgarHl1tSluBF-5bhZPOfA/Inputs_Outputs_Periodic_Small_Cell_GW_TMDC-master/Figure_9/WSe2/Window_100/TZV2P_MOLOPT/cp2k.out,1,empty,,0,0
gaussian,zs4_TvFw8MI-PFlNF9p2OFjFr889,CASTEP,loddw6wwSbKmyTgsHuX6PQ/benzene_rotation_x/angle_2/sites/4/case_elnes.cell,0,empty,,0,0
gaussian,zs4_TvFw8MI-PFlNF9p2OFjFr889,CASTEP,loddw6wwSbKmyTgsHuX6PQ/benzene_rotation_x/angle_2/sites/4/case_elnes.check,0,empty,,0,0
gaussian,zs4_TvFw8MI-PFlNF9p2OFjFr889,CASTEP,loddw6wwSbKmyTgsHuX6PQ/benzene_rotation_x/angle_2/sites/4/case_elnes.cst_esp,0,empty,,0,0
gaussian,zs4_TvFw8MI-PFlNF9p2OFjFr889,CASTEP,loddw6wwSbKmyTgsHuX6PQ/benzene_rotation_x/angle_2/sites/4/case_elnes.eels_mat,0,empty,,0,0
gaussian,zs4_TvFw8MI-PFlNF9p2OFjFr889,CASTEP,loddw6wwSbKmyTgsHuX6PQ/benzene_rotation_x/angle_2/sites/4/case_elnes.elnes,0,empty,,0,0
gaussian,zOnVuVC5y8Wf-1SEGPJj8EfwTYqB,ORCA,GSCz8oRWRR2pOM5YJIHzVw/ORCA_inputs_results_pH7.4/VLP0.out,0,empty,,0,0
gaussian,zs4_TvFw8MI-PFlNF9p2OFjFr889,CASTEP,loddw6wwSbKmyTgsHuX6PQ/benzene_rotation_x/angle_2/sites/4/case_elnes.param,0,empty,,0,0
gaussian,zs4_TvFw8MI-PFlNF9p2OFjFr889,CASTEP,loddw6wwSbKmyTgsHuX6PQ/benzene_rotation_x/angle_2/sites/4/case_gs.bands,0,empty,,0,0
gaussian,zs4_TvFw8MI-PFlNF9p2OFjFr889,CASTEP,loddw6wwSbKmyTgsHuX6PQ/benzene_rotation_x/angle_2/sites/4/case_elnes.uncorr,0,empty,,0,0
gaussian,zs4_TvFw8MI-PFlNF9p2OFjFr889,CASTEP,loddw6wwSbKmyTgsHuX6PQ/benzene_rotation_x/angle_2/sites/4/case_gs.bib,0,empty,,0,0
gaussian,zs4_TvFw8MI-PFlNF9p2OFjFr889,CASTEP,loddw6wwSbKmyTgsHuX6PQ/benzene_rotation_x/angle_2/sites/4/case_gs.castep,1,empty,,0,0
gaussian,zs4_TvFw8MI-PFlNF9p2OFjFr889,CASTEP,loddw6wwSbKmyTgsHuX6PQ/benzene_rotation_x/angle_2/sites/4/case_gs.castep_bin,0,empty,,0,0
gaussian,zs4_TvFw8MI-PFlNF9p2OFjFr889,CASTEP,loddw6wwSbKmyTgsHuX6PQ/benzene_rotation_x/angle_2/sites/4/case_gs.cell,0,empty,,0,0
gaussian,zs4_TvFw8MI-PFlNF9p2OFjFr889,CASTEP,loddw6wwSbKmyTgsHuX6PQ/benzene_rotation_x/angle_2/sites/4/case_gs.check,0,empty,,0,0
gaussian,zs4_TvFw8MI-PFlNF9p2OFjFr889,CASTEP,loddw6wwSbKmyTgsHuX6PQ/benzene_rotation_x/angle_2/sites/4/case_gs.cst_esp,0,empty,,0,0
gaussian,zs4_TvFw8MI-PFlNF9p2OFjFr889,CASTEP,loddw6wwSbKmyTgsHuX6PQ/benzene_rotation_x/angle_2/sites/4/case_gs.param,0,empty,,0,0
gaussian,zs4_TvFw8MI-PFlNF9p2OFjFr889,CASTEP,loddw6wwSbKmyTgsHuX6PQ/benzene_rotation_x/angle_2/sites/4/case_elnes.paw,0,empty,,0,0
gaussian,ztbeMA28ILtxhTRp_mnCXhJYSARd,Gaussian,fc2yNy-pQG2J5fqcRs99tA/generate_c11_c12_dataset/run_calculations/6245/input_smiles.txt,0,empty,,0,0
gaussian,ztbeMA28ILtxhTRp_mnCXhJYSARd,Gaussian,fc2yNy-pQG2J5fqcRs99tA/generate_c11_c12_dataset/run_calculations/6245/input.gjf,0,success,,1,0
gaussian,zy4IYoQrBIAhxVxhYIhHJiaNRnja,CASTEP,loddw6wwSbKmyTgsHuX6PQ/benzene_rotation_x/angle_1/sites/6/ELNES.param,0,empty,,0,0
gaussian,ztbeMA28ILtxhTRp_mnCXhJYSARd,Gaussian,fc2yNy-pQG2J5fqcRs99tA/generate_c11_c12_dataset/run_calculations/6245/molecule.mol,0,empty,,0,0
gaussian,zy4IYoQrBIAhxVxhYIhHJiaNRnja,CASTEP,loddw6wwSbKmyTgsHuX6PQ/benzene_rotation_x/angle_1/sites/6/case.bands,0,empty,,0,0
gaussian,zy4IYoQrBIAhxVxhYIhHJiaNRnja,CASTEP,loddw6wwSbKmyTgsHuX6PQ/benzene_rotation_x/angle_1/sites/6/case.bib,0,empty,,0,0
gaussian,zy4IYoQrBIAhxVxhYIhHJiaNRnja,CASTEP,loddw6wwSbKmyTgsHuX6PQ/benzene_rotation_x/angle_1/sites/6/case.castep_bin,0,empty,,0,0
gaussian,zy4IYoQrBIAhxVxhYIhHJiaNRnja,CASTEP,loddw6wwSbKmyTgsHuX6PQ/benzene_rotation_x/angle_1/sites/6/case.cell,0,empty,,0,0
gaussian,zy4IYoQrBIAhxVxhYIhHJiaNRnja,CASTEP,loddw6wwSbKmyTgsHuX6PQ/benzene_rotation_x/angle_1/sites/6/case.castep,1,empty,,0,0
gaussian,zy4IYoQrBIAhxVxhYIhHJiaNRnja,CASTEP,loddw6wwSbKmyTgsHuX6PQ/benzene_rotation_x/angle_1/sites/6/case.param,0,empty,,0,0
gaussian,zy4IYoQrBIAhxVxhYIhHJiaNRnja,CASTEP,loddw6wwSbKmyTgsHuX6PQ/benzene_rotation_x/angle_1/sites/6/case.check,0,empty,,0,0
gaussian,zy4IYoQrBIAhxVxhYIhHJiaNRnja,CASTEP,loddw6wwSbKmyTgsHuX6PQ/benzene_rotation_x/angle_1/sites/6/case_elnes.bib,0,empty,,0,0
gaussian,zy4IYoQrBIAhxVxhYIhHJiaNRnja,CASTEP,loddw6wwSbKmyTgsHuX6PQ/benzene_rotation_x/angle_1/sites/6/case_elnes.bands,0,empty,,0,0
gaussian,zy4IYoQrBIAhxVxhYIhHJiaNRnja,CASTEP,loddw6wwSbKmyTgsHuX6PQ/benzene_rotation_x/angle_1/sites/6/case.cst_esp,0,empty,,0,0
gaussian,zy4IYoQrBIAhxVxhYIhHJiaNRnja,CASTEP,loddw6wwSbKmyTgsHuX6PQ/benzene_rotation_x/angle_1/sites/6/case_elnes.castep_bin,0,empty,,0,0
gaussian,zy4IYoQrBIAhxVxhYIhHJiaNRnja,CASTEP,loddw6wwSbKmyTgsHuX6PQ/benzene_rotation_x/angle_1/sites/6/case_elnes.cell,0,empty,,0,0
gaussian,zy4IYoQrBIAhxVxhYIhHJiaNRnja,CASTEP,loddw6wwSbKmyTgsHuX6PQ/benzene_rotation_x/angle_1/sites/6/case_elnes.check,0,empty,,0,0
gaussian,zy4IYoQrBIAhxVxhYIhHJiaNRnja,CASTEP,loddw6wwSbKmyTgsHuX6PQ/benzene_rotation_x/angle_1/sites/6/case_elnes.cst_esp,0,empty,,0,0
gaussian,zy4IYoQrBIAhxVxhYIhHJiaNRnja,CASTEP,loddw6wwSbKmyTgsHuX6PQ/benzene_rotation_x/angle_1/sites/6/case_elnes.elnes,0,empty,,0,0
gaussian,zy4IYoQrBIAhxVxhYIhHJiaNRnja,CASTEP,loddw6wwSbKmyTgsHuX6PQ/benzene_rotation_x/angle_1/sites/6/case_elnes.eels_mat,0,empty,,0,0
gaussian,zy4IYoQrBIAhxVxhYIhHJiaNRnja,CASTEP,loddw6wwSbKmyTgsHuX6PQ/benzene_rotation_x/angle_1/sites/6/case_elnes.paw,0,empty,,0,0
gaussian,zy4IYoQrBIAhxVxhYIhHJiaNRnja,CASTEP,loddw6wwSbKmyTgsHuX6PQ/benzene_rotation_x/angle_1/sites/6/case_elnes.castep,0,empty,,0,0
gaussian,zy4IYoQrBIAhxVxhYIhHJiaNRnja,CASTEP,loddw6wwSbKmyTgsHuX6PQ/benzene_rotation_x/angle_1/sites/6/case_elnes.param,0,empty,,0,0
gaussian,zy4IYoQrBIAhxVxhYIhHJiaNRnja,CASTEP,loddw6wwSbKmyTgsHuX6PQ/benzene_rotation_x/angle_1/sites/6/case_gs.bands,0,empty,,0,0
gaussian,zy4IYoQrBIAhxVxhYIhHJiaNRnja,CASTEP,loddw6wwSbKmyTgsHuX6PQ/benzene_rotation_x/angle_1/sites/6/case_gs.bib,0,empty,,0,0
gaussian,zy4IYoQrBIAhxVxhYIhHJiaNRnja,CASTEP,loddw6wwSbKmyTgsHuX6PQ/benzene_rotation_x/angle_1/sites/6/case_elnes.uncorr,0,empty,,0,0
gaussian,zy4IYoQrBIAhxVxhYIhHJiaNRnja,CASTEP,loddw6wwSbKmyTgsHuX6PQ/benzene_rotation_x/angle_1/sites/6/case_gs.castep_bin,0,empty,,0,0
gaussian,zy4IYoQrBIAhxVxhYIhHJiaNRnja,CASTEP,loddw6wwSbKmyTgsHuX6PQ/benzene_rotation_x/angle_1/sites/6/case_gs.cell,0,empty,,0,0
gaussian,zy4IYoQrBIAhxVxhYIhHJiaNRnja,CASTEP,loddw6wwSbKmyTgsHuX6PQ/benzene_rotation_x/angle_1/sites/6/case_gs.castep,0,empty,,0,0
gaussian,zy4IYoQrBIAhxVxhYIhHJiaNRnja,CASTEP,loddw6wwSbKmyTgsHuX6PQ/benzene_rotation_x/angle_1/sites/6/case_gs.check,0,empty,,0,0
gaussian,zy4IYoQrBIAhxVxhYIhHJiaNRnja,CASTEP,loddw6wwSbKmyTgsHuX6PQ/benzene_rotation_x/angle_1/sites/6/case_gs.param,0,empty,,0,0
gaussian,zy4IYoQrBIAhxVxhYIhHJiaNRnja,CASTEP,loddw6wwSbKmyTgsHuX6PQ/benzene_rotation_x/angle_1/sites/6/case_gs.cst_esp,0,empty,,0,0
iodata,-VzNnlku0TtqTklbRuDgiXVT795E,exciting,lO1jlxxeRKKURy4Fgso_oQ/Sn2Se/1/BANDLINES.OUT,0,error,FileFormatError,0,0
iodata,-VzNnlku0TtqTklbRuDgiXVT795E,exciting,lO1jlxxeRKKURy4Fgso_oQ/Sn2Se/1/DFSCFMAX.OUT,0,error,FileFormatError,0,0
iodata,-VzNnlku0TtqTklbRuDgiXVT795E,exciting,lO1jlxxeRKKURy4Fgso_oQ/Sn2Se/1/BONDLENGTH.OUT,0,error,FileFormatError,0,0
iodata,-VzNnlku0TtqTklbRuDgiXVT795E,exciting,lO1jlxxeRKKURy4Fgso_oQ/Sn2Se/1/EIGVAL.OUT,0,error,FileFormatError,0,0
iodata,-VzNnlku0TtqTklbRuDgiXVT795E,exciting,lO1jlxxeRKKURy4Fgso_oQ/Sn2Se/1/EFERMI.OUT,0,error,FileFormatError,0,0
iodata,-VzNnlku0TtqTklbRuDgiXVT795E,exciting,lO1jlxxeRKKURy4Fgso_oQ/Sn2Se/1/EVALCORE.OUT,0,error,FileFormatError,0,0
iodata,-VzNnlku0TtqTklbRuDgiXVT795E,exciting,lO1jlxxeRKKURy4Fgso_oQ/Sn2Se/1/BAND.OUT,0,error,FileFormatError,0,0
iodata,-VzNnlku0TtqTklbRuDgiXVT795E,exciting,lO1jlxxeRKKURy4Fgso_oQ/Sn2Se/1/INFO_GS.OUT,1,error,FileFormatError,0,0
iodata,-VzNnlku0TtqTklbRuDgiXVT795E,exciting,lO1jlxxeRKKURy4Fgso_oQ/Sn2Se/1/KPOINTS.OUT,0,error,FileFormatError,0,0
iodata,-VzNnlku0TtqTklbRuDgiXVT795E,exciting,lO1jlxxeRKKURy4Fgso_oQ/Sn2Se/1/EQATOMS.OUT,0,error,FileFormatError,0,0
iodata,-VzNnlku0TtqTklbRuDgiXVT795E,exciting,lO1jlxxeRKKURy4Fgso_oQ/Sn2Se/1/LATTICE.OUT,0,error,FileFormatError,0,0
iodata,-VzNnlku0TtqTklbRuDgiXVT795E,exciting,lO1jlxxeRKKURy4Fgso_oQ/Sn2Se/1/LINENGY.OUT,0,error,FileFormatError,0,0
iodata,-VzNnlku0TtqTklbRuDgiXVT795E,exciting,lO1jlxxeRKKURy4Fgso_oQ/Sn2Se/1/RMSDVEFF.OUT,0,error,FileFormatError,0,0
iodata,-VzNnlku0TtqTklbRuDgiXVT795E,exciting,lO1jlxxeRKKURy4Fgso_oQ/Sn2Se/1/SYMGENR.OUT,0,error,FileFormatError,0,0
iodata,-VzNnlku0TtqTklbRuDgiXVT795E,exciting,lO1jlxxeRKKURy4Fgso_oQ/Sn2Se/1/SYMINV.OUT,0,error,FileFormatError,0,0
iodata,-VzNnlku0TtqTklbRuDgiXVT795E,exciting,lO1jlxxeRKKURy4Fgso_oQ/Sn2Se/1/SYMLAT.OUT,0,error,FileFormatError,0,0
iodata,-VzNnlku0TtqTklbRuDgiXVT795E,exciting,lO1jlxxeRKKURy4Fgso_oQ/Sn2Se/1/SYMMULT.OUT,0,error,FileFormatError,0,0
iodata,-VzNnlku0TtqTklbRuDgiXVT795E,exciting,lO1jlxxeRKKURy4Fgso_oQ/Sn2Se/1/SYMSITE.OUT,0,error,FileFormatError,0,0
iodata,-VzNnlku0TtqTklbRuDgiXVT795E,exciting,lO1jlxxeRKKURy4Fgso_oQ/Sn2Se/1/SYMT2.OUT,0,error,FileFormatError,0,0
iodata,-VzNnlku0TtqTklbRuDgiXVT795E,exciting,lO1jlxxeRKKURy4Fgso_oQ/Sn2Se/1/Se_ini.xml,0,error,FileFormatError,0,0
iodata,-VzNnlku0TtqTklbRuDgiXVT795E,exciting,lO1jlxxeRKKURy4Fgso_oQ/Sn2Se/1/Se_scf.xml,0,error,FileFormatError,0,0
iodata,-VzNnlku0TtqTklbRuDgiXVT795E,exciting,lO1jlxxeRKKURy4Fgso_oQ/Sn2Se/1/Sn_ini.xml,0,error,FileFormatError,0,0
iodata,-VzNnlku0TtqTklbRuDgiXVT795E,exciting,lO1jlxxeRKKURy4Fgso_oQ/Sn2Se/1/Sn_scf.xml,0,error,FileFormatError,0,0
iodata,-VzNnlku0TtqTklbRuDgiXVT795E,exciting,lO1jlxxeRKKURy4Fgso_oQ/Sn2Se/1/TOTENERGY.OUT,0,error,FileFormatError,0,0
iodata,-VzNnlku0TtqTklbRuDgiXVT795E,exciting,lO1jlxxeRKKURy4Fgso_oQ/Sn2Se/1/SYMCRYS.OUT,0,error,FileFormatError,0,0
iodata,-VzNnlku0TtqTklbRuDgiXVT795E,exciting,lO1jlxxeRKKURy4Fgso_oQ/Sn2Se/1/bandstructure.xml,0,error,FileFormatError,0,0
iodata,-VzNnlku0TtqTklbRuDgiXVT795E,exciting,lO1jlxxeRKKURy4Fgso_oQ/Sn2Se/1/atoms.xml,0,error,FileFormatError,0,0
iodata,-VzNnlku0TtqTklbRuDgiXVT795E,exciting,lO1jlxxeRKKURy4Fgso_oQ/Sn2Se/1/geometry.xml,0,error,FileFormatError,0,0
iodata,-VzNnlku0TtqTklbRuDgiXVT795E,exciting,lO1jlxxeRKKURy4Fgso_oQ/Sn2Se/1/info.xml,0,error,FileFormatError,0,0
iodata,-VzNnlku0TtqTklbRuDgiXVT795E,exciting,lO1jlxxeRKKURy4Fgso_oQ/Sn2Se/1/input_GS.xml,0,error,FileFormatError,0,0
iodata,5ENjXmFFad2r1UIwkBfqZDMxbA0B,LAMMPS,mwKkPSBPTxyCgUfPHXXkhw/scratch/09487/znamenski/W90x90/W90x90.e1328944,0,error,FileFormatError,0,0
iodata,5ENjXmFFad2r1UIwkBfqZDMxbA0B,LAMMPS,mwKkPSBPTxyCgUfPHXXkhw/scratch/09487/znamenski/W90x90/W90x90.lmp,0,error,FileFormatError,0,0
iodata,5ENjXmFFad2r1UIwkBfqZDMxbA0B,LAMMPS,mwKkPSBPTxyCgUfPHXXkhw/scratch/09487/znamenski/W90x90/W90x90.log,0,error,LoadError,0,0
iodata,5ENjXmFFad2r1UIwkBfqZDMxbA0B,LAMMPS,mwKkPSBPTxyCgUfPHXXkhw/scratch/09487/znamenski/W90x90/W90x90.o1328944,0,error,FileFormatError,0,0
iodata,5ENjXmFFad2r1UIwkBfqZDMxbA0B,LAMMPS,mwKkPSBPTxyCgUfPHXXkhw/scratch/09487/znamenski/W90x90/W90x90.sh,0,error,FileFormatError,0,0
iodata,5ENjXmFFad2r1UIwkBfqZDMxbA0B,LAMMPS,mwKkPSBPTxyCgUfPHXXkhw/scratch/09487/znamenski/W90x90/log.lammps,1,error,FileFormatError,0,0
iodata,5GwBxvrAu6rOURCUdFugR96W3Fv2,WIEN2k,8CgjZq8tT6Wk_qw_N8qw7w/ZnSe/2/ZnSe_ZB.scf,1,error,FileFormatError,0,0
iodata,5GwBxvrAu6rOURCUdFugR96W3Fv2,WIEN2k,8CgjZq8tT6Wk_qw_N8qw7w/ZnSe/2/ZnSe_ZB.struct,0,error,FileFormatError,0,0
iodata,8_uFGZM2WmGcJhXtDZ7O8-Imnnxj,WIEN2k,lO1jlxxeRKKURy4Fgso_oQ/ZnSe/2/ZnSe_ZB.scf,1,error,FileFormatError,0,0
iodata,8_uFGZM2WmGcJhXtDZ7O8-Imnnxj,WIEN2k,lO1jlxxeRKKURy4Fgso_oQ/ZnSe/2/ZnSe_ZB.struct,0,error,FileFormatError,0,0
iodata,9IH2u4pYPkh3uJjwX0TrUQOrUAuF,ABINIT,bOymleKaQgOAyWEI61EIpQ/bandstructure/relax/C.psp8,0,error,FileFormatError,0,0
iodata,9IH2u4pYPkh3uJjwX0TrUQOrUAuF,ABINIT,bOymleKaQgOAyWEI61EIpQ/bandstructure/relax/error_6060039.out,0,empty,,0,0
iodata,9IH2u4pYPkh3uJjwX0TrUQOrUAuF,ABINIT,bOymleKaQgOAyWEI61EIpQ/bandstructure/relax/graphene.files,0,error,FileFormatError,0,0
iodata,9IH2u4pYPkh3uJjwX0TrUQOrUAuF,ABINIT,bOymleKaQgOAyWEI61EIpQ/bandstructure/relax/graphene.in,0,error,FileFormatError,0,0
iodata,-VzNnlku0TtqTklbRuDgiXVT795E,exciting,lO1jlxxeRKKURy4Fgso_oQ/Sn2Se/1/go,0,error,FileFormatError,0,0
iodata,9IH2u4pYPkh3uJjwX0TrUQOrUAuF,ABINIT,bOymleKaQgOAyWEI61EIpQ/bandstructure/relax/graphene_o_DS1_DDB,0,error,FileFormatError,0,0
iodata,9IH2u4pYPkh3uJjwX0TrUQOrUAuF,ABINIT,bOymleKaQgOAyWEI61EIpQ/bandstructure/relax/graphene_o_DS1_EBANDS.agr,0,error,FileFormatError,0,0
iodata,9IH2u4pYPkh3uJjwX0TrUQOrUAuF,ABINIT,bOymleKaQgOAyWEI61EIpQ/bandstructure/relax/graphene_o_DS1_EIG,0,error,FileFormatError,0,0
iodata,9IH2u4pYPkh3uJjwX0TrUQOrUAuF,ABINIT,bOymleKaQgOAyWEI61EIpQ/bandstructure/relax/graphene_o_DS1_EIG.nc,0,error,FileFormatError,0,0
iodata,9IH2u4pYPkh3uJjwX0TrUQOrUAuF,ABINIT,bOymleKaQgOAyWEI61EIpQ/bandstructure/relax/graphene_o_DS1_GSR.nc,0,error,FileFormatError,0,0
iodata,9IH2u4pYPkh3uJjwX0TrUQOrUAuF,ABINIT,bOymleKaQgOAyWEI61EIpQ/bandstructure/relax/graphene_o_DS1_HIST.nc,0,error,FileFormatError,0,0
iodata,9IH2u4pYPkh3uJjwX0TrUQOrUAuF,ABINIT,bOymleKaQgOAyWEI61EIpQ/bandstructure/relax/graphene_o_DS1_WFK,0,error,FileFormatError,0,0
iodata,9IH2u4pYPkh3uJjwX0TrUQOrUAuF,ABINIT,bOymleKaQgOAyWEI61EIpQ/bandstructure/relax/graphene_o_OUT.nc,0,error,FileFormatError,0,0
iodata,9IH2u4pYPkh3uJjwX0TrUQOrUAuF,ABINIT,bOymleKaQgOAyWEI61EIpQ/bandstructure/relax/graphene.out,1,empty,,0,0
iodata,9IH2u4pYPkh3uJjwX0TrUQOrUAuF,ABINIT,bOymleKaQgOAyWEI61EIpQ/bandstructure/relax/submit.sh,0,error,FileFormatError,0,0
iodata,9IH2u4pYPkh3uJjwX0TrUQOrUAuF,ABINIT,bOymleKaQgOAyWEI61EIpQ/bandstructure/relax/w90.win,0,error,FileFormatError,0,0
iodata,CTp61euc_JBq5kMTN3ZCuVSBqINj,exciting,8CgjZq8tT6Wk_qw_N8qw7w/Sn2Se/1/BAND.OUT,0,error,FileFormatError,0,0
iodata,CTp61euc_JBq5kMTN3ZCuVSBqINj,exciting,8CgjZq8tT6Wk_qw_N8qw7w/Sn2Se/1/BANDLINES.OUT,0,error,FileFormatError,0,0
iodata,CTp61euc_JBq5kMTN3ZCuVSBqINj,exciting,8CgjZq8tT6Wk_qw_N8qw7w/Sn2Se/1/BONDLENGTH.OUT,0,error,FileFormatError,0,0
iodata,CTp61euc_JBq5kMTN3ZCuVSBqINj,exciting,8CgjZq8tT6Wk_qw_N8qw7w/Sn2Se/1/DFSCFMAX.OUT,0,error,FileFormatError,0,0
iodata,CTp61euc_JBq5kMTN3ZCuVSBqINj,exciting,8CgjZq8tT6Wk_qw_N8qw7w/Sn2Se/1/EFERMI.OUT,0,error,FileFormatError,0,0
iodata,CTp61euc_JBq5kMTN3ZCuVSBqINj,exciting,8CgjZq8tT6Wk_qw_N8qw7w/Sn2Se/1/EIGVAL.OUT,0,error,FileFormatError,0,0
iodata,CTp61euc_JBq5kMTN3ZCuVSBqINj,exciting,8CgjZq8tT6Wk_qw_N8qw7w/Sn2Se/1/EQATOMS.OUT,0,error,FileFormatError,0,0
iodata,CTp61euc_JBq5kMTN3ZCuVSBqINj,exciting,8CgjZq8tT6Wk_qw_N8qw7w/Sn2Se/1/EVALCORE.OUT,0,error,FileFormatError,0,0
iodata,CTp61euc_JBq5kMTN3ZCuVSBqINj,exciting,8CgjZq8tT6Wk_qw_N8qw7w/Sn2Se/1/INFO_GS.OUT,1,error,FileFormatError,0,0
iodata,CTp61euc_JBq5kMTN3ZCuVSBqINj,exciting,8CgjZq8tT6Wk_qw_N8qw7w/Sn2Se/1/KPOINTS.OUT,0,error,FileFormatError,0,0
iodata,CTp61euc_JBq5kMTN3ZCuVSBqINj,exciting,8CgjZq8tT6Wk_qw_N8qw7w/Sn2Se/1/LATTICE.OUT,0,error,FileFormatError,0,0
iodata,CTp61euc_JBq5kMTN3ZCuVSBqINj,exciting,8CgjZq8tT6Wk_qw_N8qw7w/Sn2Se/1/LINENGY.OUT,0,error,FileFormatError,0,0
iodata,CTp61euc_JBq5kMTN3ZCuVSBqINj,exciting,8CgjZq8tT6Wk_qw_N8qw7w/Sn2Se/1/RMSDVEFF.OUT,0,error,FileFormatError,0,0
iodata,CTp61euc_JBq5kMTN3ZCuVSBqINj,exciting,8CgjZq8tT6Wk_qw_N8qw7w/Sn2Se/1/SYMCRYS.OUT,0,error,FileFormatError,0,0
iodata,CTp61euc_JBq5kMTN3ZCuVSBqINj,exciting,8CgjZq8tT6Wk_qw_N8qw7w/Sn2Se/1/SYMGENR.OUT,0,error,FileFormatError,0,0
iodata,CTp61euc_JBq5kMTN3ZCuVSBqINj,exciting,8CgjZq8tT6Wk_qw_N8qw7w/Sn2Se/1/SYMINV.OUT,0,error,FileFormatError,0,0
iodata,CTp61euc_JBq5kMTN3ZCuVSBqINj,exciting,8CgjZq8tT6Wk_qw_N8qw7w/Sn2Se/1/SYMLAT.OUT,0,error,FileFormatError,0,0
iodata,CTp61euc_JBq5kMTN3ZCuVSBqINj,exciting,8CgjZq8tT6Wk_qw_N8qw7w/Sn2Se/1/SYMMULT.OUT,0,error,FileFormatError,0,0
iodata,CTp61euc_JBq5kMTN3ZCuVSBqINj,exciting,8CgjZq8tT6Wk_qw_N8qw7w/Sn2Se/1/SYMSITE.OUT,0,error,FileFormatError,0,0
iodata,CTp61euc_JBq5kMTN3ZCuVSBqINj,exciting,8CgjZq8tT6Wk_qw_N8qw7w/Sn2Se/1/SYMT2.OUT,0,error,FileFormatError,0,0
iodata,CTp61euc_JBq5kMTN3ZCuVSBqINj,exciting,8CgjZq8tT6Wk_qw_N8qw7w/Sn2Se/1/Se_ini.xml,0,error,FileFormatError,0,0
iodata,CTp61euc_JBq5kMTN3ZCuVSBqINj,exciting,8CgjZq8tT6Wk_qw_N8qw7w/Sn2Se/1/Se_scf.xml,0,error,FileFormatError,0,0
iodata,CTp61euc_JBq5kMTN3ZCuVSBqINj,exciting,8CgjZq8tT6Wk_qw_N8qw7w/Sn2Se/1/Sn_ini.xml,0,error,FileFormatError,0,0
iodata,CTp61euc_JBq5kMTN3ZCuVSBqINj,exciting,8CgjZq8tT6Wk_qw_N8qw7w/Sn2Se/1/Sn_scf.xml,0,error,FileFormatError,0,0
iodata,CTp61euc_JBq5kMTN3ZCuVSBqINj,exciting,8CgjZq8tT6Wk_qw_N8qw7w/Sn2Se/1/TOTENERGY.OUT,0,error,FileFormatError,0,0
iodata,CTp61euc_JBq5kMTN3ZCuVSBqINj,exciting,8CgjZq8tT6Wk_qw_N8qw7w/Sn2Se/1/atoms.xml,0,error,FileFormatError,0,0
iodata,-VzNnlku0TtqTklbRuDgiXVT795E,exciting,lO1jlxxeRKKURy4Fgso_oQ/Sn2Se/1/bandstructure.dat,0,error,LoadError,0,0
iodata,CTp61euc_JBq5kMTN3ZCuVSBqINj,exciting,8CgjZq8tT6Wk_qw_N8qw7w/Sn2Se/1/bandstructure.xml,0,error,FileFormatError,0,0
iodata,CTp61euc_JBq5kMTN3ZCuVSBqINj,exciting,8CgjZq8tT6Wk_qw_N8qw7w/Sn2Se/1/geometry.xml,0,error,FileFormatError,0,0
iodata,CTp61euc_JBq5kMTN3ZCuVSBqINj,exciting,8CgjZq8tT6Wk_qw_N8qw7w/Sn2Se/1/go,0,error,FileFormatError,0,0
iodata,CTp61euc_JBq5kMTN3ZCuVSBqINj,exciting,8CgjZq8tT6Wk_qw_N8qw7w/Sn2Se/1/info.xml,0,error,FileFormatError,0,0
iodata,CTp61euc_JBq5kMTN3ZCuVSBqINj,exciting,8CgjZq8tT6Wk_qw_N8qw7w/Sn2Se/1/input_GS.xml,0,error,FileFormatError,0,0
iodata,GIgds3tnt7Y4G7S06OJySAN63ubH,VASP,PVFd-ql-QnGWZAzklz5MYQ/ldau65/scf/CHG,0,error,FileFormatError,0,0
iodata,CTp61euc_JBq5kMTN3ZCuVSBqINj,exciting,8CgjZq8tT6Wk_qw_N8qw7w/Sn2Se/1/bandstructure.dat,0,error,LoadError,0,0
iodata,GIgds3tnt7Y4G7S06OJySAN63ubH,VASP,PVFd-ql-QnGWZAzklz5MYQ/ldau65/scf/CONTCAR,0,error,FileFormatError,0,0
iodata,GIgds3tnt7Y4G7S06OJySAN63ubH,VASP,PVFd-ql-QnGWZAzklz5MYQ/ldau65/scf/DOSCAR,0,error,FileFormatError,0,0
iodata,GIgds3tnt7Y4G7S06OJySAN63ubH,VASP,PVFd-ql-QnGWZAzklz5MYQ/ldau65/scf/EIGENVAL,0,error,FileFormatError,0,0
iodata,GIgds3tnt7Y4G7S06OJySAN63ubH,VASP,PVFd-ql-QnGWZAzklz5MYQ/ldau65/scf/IBZKPT,0,error,FileFormatError,0,0
iodata,GIgds3tnt7Y4G7S06OJySAN63ubH,VASP,PVFd-ql-QnGWZAzklz5MYQ/ldau65/scf/INCAR,0,error,FileFormatError,0,0
iodata,GIgds3tnt7Y4G7S06OJySAN63ubH,VASP,PVFd-ql-QnGWZAzklz5MYQ/ldau65/scf/KPOINTS,0,error,FileFormatError,0,0
iodata,GIgds3tnt7Y4G7S06OJySAN63ubH,VASP,PVFd-ql-QnGWZAzklz5MYQ/ldau65/scf/OSZICAR,0,error,FileFormatError,0,0
iodata,GIgds3tnt7Y4G7S06OJySAN63ubH,VASP,PVFd-ql-QnGWZAzklz5MYQ/ldau65/scf/OUTCAR,0,error,FileFormatError,0,0
iodata,GIgds3tnt7Y4G7S06OJySAN63ubH,VASP,PVFd-ql-QnGWZAzklz5MYQ/ldau65/scf/PCDAT,0,error,FileFormatError,0,0
iodata,GIgds3tnt7Y4G7S06OJySAN63ubH,VASP,PVFd-ql-QnGWZAzklz5MYQ/ldau65/scf/POSCAR,0,error,ValidationError,0,0
iodata,GIgds3tnt7Y4G7S06OJySAN63ubH,VASP,PVFd-ql-QnGWZAzklz5MYQ/ldau65/scf/POTCAR.stripped,0,error,FileFormatError,0,0
iodata,GIgds3tnt7Y4G7S06OJySAN63ubH,VASP,PVFd-ql-QnGWZAzklz5MYQ/ldau65/scf/REPORT,0,error,FileFormatError,0,0
iodata,GIgds3tnt7Y4G7S06OJySAN63ubH,VASP,PVFd-ql-QnGWZAzklz5MYQ/ldau65/scf/XDATCAR,0,error,FileFormatError,0,0
iodata,GIgds3tnt7Y4G7S06OJySAN63ubH,VASP,PVFd-ql-QnGWZAzklz5MYQ/ldau65/scf/slurm-1453997.out,0,empty,,0,0
iodata,GIgds3tnt7Y4G7S06OJySAN63ubH,VASP,PVFd-ql-QnGWZAzklz5MYQ/ldau65/scf/vasp.sh,0,error,FileFormatError,0,0
iodata,GIgds3tnt7Y4G7S06OJySAN63ubH,VASP,PVFd-ql-QnGWZAzklz5MYQ/ldau65/scf/vasprun.xml,1,error,FileFormatError,0,0
iodata,KOz5MBCBTBUOdBP20bX7zMiw6Fe4,Octopus,QCoX1W2NRPeX4Rz3iEfaPw/convergence,0,error,FileFormatError,0,0
iodata,KOz5MBCBTBUOdBP20bX7zMiw6Fe4,Octopus,QCoX1W2NRPeX4Rz3iEfaPw/eigenvalues,0,error,FileFormatError,0,0
iodata,KOz5MBCBTBUOdBP20bX7zMiw6Fe4,Octopus,QCoX1W2NRPeX4Rz3iEfaPw/inp,0,error,FileFormatError,0,0
iodata,KOz5MBCBTBUOdBP20bX7zMiw6Fe4,Octopus,QCoX1W2NRPeX4Rz3iEfaPw/ks_me_dipole.k1_x,0,error,FileFormatError,0,0
iodata,KOz5MBCBTBUOdBP20bX7zMiw6Fe4,Octopus,QCoX1W2NRPeX4Rz3iEfaPw/ks_me_dipole.k1_y,0,error,FileFormatError,0,0
iodata,KOz5MBCBTBUOdBP20bX7zMiw6Fe4,Octopus,QCoX1W2NRPeX4Rz3iEfaPw/ks_me_dipole.k1_z,0,error,FileFormatError,0,0
iodata,KOz5MBCBTBUOdBP20bX7zMiw6Fe4,Octopus,QCoX1W2NRPeX4Rz3iEfaPw/output.out,1,empty,,0,0
iodata,N5IbCCIsCp3TgTM-zQLcXZIWlCcH,Gaussian,JPGMC2nNT1WHZrEPw_chUw/Calculations/Gaussian09/Minima Optimization/Water/H2O.chk,0,error,FileFormatError,0,0
iodata,N5IbCCIsCp3TgTM-zQLcXZIWlCcH,Gaussian,JPGMC2nNT1WHZrEPw_chUw/Calculations/Gaussian09/Minima Optimization/Water/H2O.err,0,error,FileFormatError,0,0
gaussian,mbJdWz98ooWTe6iyr61yGztZ7rgy,FHI-aims,s7RWKK2cTgmBh_c5sD9m7A/MoS2/Vac/hse/aims.out,1,empty,,0,0
iodata,N5IbCCIsCp3TgTM-zQLcXZIWlCcH,Gaussian,JPGMC2nNT1WHZrEPw_chUw/Calculations/Gaussian09/Minima Optimization/Water/H2O.gjf,0,error,LoadError,0,0
iodata,N5IbCCIsCp3TgTM-zQLcXZIWlCcH,Gaussian,JPGMC2nNT1WHZrEPw_chUw/Calculations/Gaussian09/Minima Optimization/Water/H2O.out,0,empty,,0,0
iodata,NBOCe85s8_8stAsSeav4Do7FGiPs,LAMMPS,mwKkPSBPTxyCgUfPHXXkhw/scratch/09487/znamenski/W64x64/W64x64.e1328804,0,error,FileFormatError,0,0
iodata,NBOCe85s8_8stAsSeav4Do7FGiPs,LAMMPS,mwKkPSBPTxyCgUfPHXXkhw/scratch/09487/znamenski/W64x64/W64x64.e1328824,0,error,FileFormatError,0,0
iodata,NBOCe85s8_8stAsSeav4Do7FGiPs,LAMMPS,mwKkPSBPTxyCgUfPHXXkhw/scratch/09487/znamenski/W64x64/W64x64.e1328839,0,error,FileFormatError,0,0
iodata,NBOCe85s8_8stAsSeav4Do7FGiPs,LAMMPS,mwKkPSBPTxyCgUfPHXXkhw/scratch/09487/znamenski/W64x64/W64x64.lmp,0,error,FileFormatError,0,0
iodata,NBOCe85s8_8stAsSeav4Do7FGiPs,LAMMPS,mwKkPSBPTxyCgUfPHXXkhw/scratch/09487/znamenski/W64x64/W64x64.log,0,error,LoadError,0,0
iodata,NBOCe85s8_8stAsSeav4Do7FGiPs,LAMMPS,mwKkPSBPTxyCgUfPHXXkhw/scratch/09487/znamenski/W64x64/W64x64.o1328804,0,error,FileFormatError,0,0
iodata,NBOCe85s8_8stAsSeav4Do7FGiPs,LAMMPS,mwKkPSBPTxyCgUfPHXXkhw/scratch/09487/znamenski/W64x64/W64x64.o1328824,0,error,FileFormatError,0,0
iodata,NBOCe85s8_8stAsSeav4Do7FGiPs,LAMMPS,mwKkPSBPTxyCgUfPHXXkhw/scratch/09487/znamenski/W64x64/W64x64.o1328839,0,error,FileFormatError,0,0
iodata,NBOCe85s8_8stAsSeav4Do7FGiPs,LAMMPS,mwKkPSBPTxyCgUfPHXXkhw/scratch/09487/znamenski/W64x64/W64x64.sh,0,error,FileFormatError,0,0
iodata,NBOCe85s8_8stAsSeav4Do7FGiPs,LAMMPS,mwKkPSBPTxyCgUfPHXXkhw/scratch/09487/znamenski/W64x64/log.lammps,1,error,FileFormatError,0,0
iodata,NcjV1wLuShzcKbCQNyx9WYfgl-sj,FHI-aims,s7RWKK2cTgmBh_c5sD9m7A/MoS2/Vac/intermediate/11geo.in,0,error,FileFormatError,0,0
iodata,9IH2u4pYPkh3uJjwX0TrUQOrUAuF,ABINIT,bOymleKaQgOAyWEI61EIpQ/bandstructure/relax/output_6060039.out,0,empty,,0,0
iodata,N5IbCCIsCp3TgTM-zQLcXZIWlCcH,Gaussian,JPGMC2nNT1WHZrEPw_chUw/Calculations/Gaussian09/Minima Optimization/Water/H2O.log,1,error,LoadError,0,0
iodata,NcjV1wLuShzcKbCQNyx9WYfgl-sj,FHI-aims,s7RWKK2cTgmBh_c5sD9m7A/MoS2/Vac/intermediate/control.in,0,error,FileFormatError,0,0
iodata,NcjV1wLuShzcKbCQNyx9WYfgl-sj,FHI-aims,s7RWKK2cTgmBh_c5sD9m7A/MoS2/Vac/intermediate/geometry.in,0,error,FileFormatError,0,0
iodata,NcjV1wLuShzcKbCQNyx9WYfgl-sj,FHI-aims,s7RWKK2cTgmBh_c5sD9m7A/MoS2/Vac/intermediate/geometry.in.next_step,0,error,FileFormatError,0,0
iodata,OmD7TXGKSfdnqzjg48C4MWsg-NiY,GPAW,UhPjAI9qSx2ARyYvTkOSOg/ZnO/tree/materials/Zn2O2-Apr29-544eV-G885/WaveFunctions/gs_gw.txt,0,error,FileFormatError,0,0
iodata,OmD7TXGKSfdnqzjg48C4MWsg-NiY,GPAW,UhPjAI9qSx2ARyYvTkOSOg/ZnO/tree/materials/Zn2O2-Apr29-544eV-G885/WaveFunctions/gs_gw_nowfs.gpw,1,error,FileFormatError,0,0
iodata,OmD7TXGKSfdnqzjg48C4MWsg-NiY,GPAW,UhPjAI9qSx2ARyYvTkOSOg/ZnO/tree/materials/Zn2O2-Apr29-544eV-G885/WaveFunctions/input.json,0,error,FileFormatError,0,0
iodata,OmD7TXGKSfdnqzjg48C4MWsg-NiY,GPAW,UhPjAI9qSx2ARyYvTkOSOg/ZnO/tree/materials/Zn2O2-Apr29-544eV-G885/WaveFunctions/output.json,0,error,FileFormatError,0,0
iodata,QTNlDyNK-XK_OYZ21JKIDqGn2axi,VASP,PVFd-ql-QnGWZAzklz5MYQ/ldau65/CHG,0,error,FileFormatError,0,0
iodata,NcjV1wLuShzcKbCQNyx9WYfgl-sj,FHI-aims,s7RWKK2cTgmBh_c5sD9m7A/MoS2/Vac/intermediate/hessian.aims,0,error,FileFormatError,0,0
iodata,QTNlDyNK-XK_OYZ21JKIDqGn2axi,VASP,PVFd-ql-QnGWZAzklz5MYQ/ldau65/CONTCAR,0,error,FileFormatError,0,0
iodata,QTNlDyNK-XK_OYZ21JKIDqGn2axi,VASP,PVFd-ql-QnGWZAzklz5MYQ/ldau65/DOSCAR,0,error,FileFormatError,0,0
iodata,QTNlDyNK-XK_OYZ21JKIDqGn2axi,VASP,PVFd-ql-QnGWZAzklz5MYQ/ldau65/EIGENVAL,0,error,FileFormatError,0,0
iodata,QTNlDyNK-XK_OYZ21JKIDqGn2axi,VASP,PVFd-ql-QnGWZAzklz5MYQ/ldau65/IBZKPT,0,error,FileFormatError,0,0
iodata,QTNlDyNK-XK_OYZ21JKIDqGn2axi,VASP,PVFd-ql-QnGWZAzklz5MYQ/ldau65/INCAR,0,error,FileFormatError,0,0
iodata,QTNlDyNK-XK_OYZ21JKIDqGn2axi,VASP,PVFd-ql-QnGWZAzklz5MYQ/ldau65/KPOINTS,0,error,FileFormatError,0,0
iodata,QTNlDyNK-XK_OYZ21JKIDqGn2axi,VASP,PVFd-ql-QnGWZAzklz5MYQ/ldau65/OSZICAR,0,error,FileFormatError,0,0
iodata,QTNlDyNK-XK_OYZ21JKIDqGn2axi,VASP,PVFd-ql-QnGWZAzklz5MYQ/ldau65/OUTCAR,0,error,FileFormatError,0,0
iodata,QTNlDyNK-XK_OYZ21JKIDqGn2axi,VASP,PVFd-ql-QnGWZAzklz5MYQ/ldau65/PCDAT,0,error,FileFormatError,0,0
iodata,QTNlDyNK-XK_OYZ21JKIDqGn2axi,VASP,PVFd-ql-QnGWZAzklz5MYQ/ldau65/POSCAR,0,error,ValidationError,0,0
iodata,QTNlDyNK-XK_OYZ21JKIDqGn2axi,VASP,PVFd-ql-QnGWZAzklz5MYQ/ldau65/POTCAR.stripped,0,error,FileFormatError,0,0
iodata,QTNlDyNK-XK_OYZ21JKIDqGn2axi,VASP,PVFd-ql-QnGWZAzklz5MYQ/ldau65/REPORT,0,error,FileFormatError,0,0
iodata,QTNlDyNK-XK_OYZ21JKIDqGn2axi,VASP,PVFd-ql-QnGWZAzklz5MYQ/ldau65/XDATCAR,0,error,FileFormatError,0,0
iodata,QTNlDyNK-XK_OYZ21JKIDqGn2axi,VASP,PVFd-ql-QnGWZAzklz5MYQ/ldau65/slurm-1453983.out,0,empty,,0,0
iodata,QTNlDyNK-XK_OYZ21JKIDqGn2axi,VASP,PVFd-ql-QnGWZAzklz5MYQ/ldau65/vasp.sh,0,error,FileFormatError,0,0
iodata,QTNlDyNK-XK_OYZ21JKIDqGn2axi,VASP,PVFd-ql-QnGWZAzklz5MYQ/ldau65/vasprun.xml,1,error,FileFormatError,0,0
iodata,SHh1xr_l58eCk-JphIicR28nv6Yn,ONETEP,DLpXm6AbTc64oVO8luYgag/onetep/single_point_2.out,1,empty,,0,0
iodata,SMaGnwZkstE9pgZ5kY2nTsbB8F6R,FHI-aims,s7RWKK2cTgmBh_c5sD9m7A/MoS2/Au_Vac/intermediate/11geo.in,0,error,FileFormatError,0,0
iodata,NcjV1wLuShzcKbCQNyx9WYfgl-sj,FHI-aims,s7RWKK2cTgmBh_c5sD9m7A/MoS2/Vac/intermediate/aims.out,1,empty,,0,0
iodata,SMaGnwZkstE9pgZ5kY2nTsbB8F6R,FHI-aims,s7RWKK2cTgmBh_c5sD9m7A/MoS2/Au_Vac/intermediate/control.in,0,error,FileFormatError,0,0
iodata,SMaGnwZkstE9pgZ5kY2nTsbB8F6R,FHI-aims,s7RWKK2cTgmBh_c5sD9m7A/MoS2/Au_Vac/intermediate/geometry.in,0,error,FileFormatError,0,0
iodata,SMaGnwZkstE9pgZ5kY2nTsbB8F6R,FHI-aims,s7RWKK2cTgmBh_c5sD9m7A/MoS2/Au_Vac/intermediate/geometry.in.next_step,0,error,FileFormatError,0,0
iodata,SMaGnwZkstE9pgZ5kY2nTsbB8F6R,FHI-aims,s7RWKK2cTgmBh_c5sD9m7A/MoS2/Au_Vac/intermediate/hessian.aims,0,error,FileFormatError,0,0
iodata,TEmqes8EM9dsrpSPHEGZelHkRL3R,ABINIT,8CgjZq8tT6Wk_qw_N8qw7w/ZnSe/1/run.abi,0,error,FileFormatError,0,0
iodata,TEmqes8EM9dsrpSPHEGZelHkRL3R,ABINIT,8CgjZq8tT6Wk_qw_N8qw7w/ZnSe/1/run.abo,1,error,FileFormatError,0,0
iodata,TEmqes8EM9dsrpSPHEGZelHkRL3R,ABINIT,8CgjZq8tT6Wk_qw_N8qw7w/ZnSe/1/run.log,0,error,LoadError,0,0
iodata,TRpxYNCXoPIhy1jB15tmKpLHyqCE,Gaussian,d9DagJChRxyeUKBEwzSiFw/G-I-O-P-gjf-out/G.LOG,1,error,FileFormatError,0,0
iodata,TRpxYNCXoPIhy1jB15tmKpLHyqCE,Gaussian,d9DagJChRxyeUKBEwzSiFw/G-I-O-P-gjf-out/G.gjf,0,success,,1,0
iodata,TRpxYNCXoPIhy1jB15tmKpLHyqCE,Gaussian,d9DagJChRxyeUKBEwzSiFw/G-I-O-P-gjf-out/G.mol,0,error,FileFormatError,0,0
iodata,TRpxYNCXoPIhy1jB15tmKpLHyqCE,Gaussian,d9DagJChRxyeUKBEwzSiFw/G-I-O-P-gjf-out/I.LOG,0,error,FileFormatError,0,0
iodata,TRpxYNCXoPIhy1jB15tmKpLHyqCE,Gaussian,d9DagJChRxyeUKBEwzSiFw/G-I-O-P-gjf-out/I.gjf,0,success,,1,0
iodata,TRpxYNCXoPIhy1jB15tmKpLHyqCE,Gaussian,d9DagJChRxyeUKBEwzSiFw/G-I-O-P-gjf-out/I.mol,0,error,FileFormatError,0,0
iodata,TRpxYNCXoPIhy1jB15tmKpLHyqCE,Gaussian,d9DagJChRxyeUKBEwzSiFw/G-I-O-P-gjf-out/O.LOG,0,error,FileFormatError,0,0
iodata,TRpxYNCXoPIhy1jB15tmKpLHyqCE,Gaussian,d9DagJChRxyeUKBEwzSiFw/G-I-O-P-gjf-out/O.gjf,0,success,,1,0
iodata,TRpxYNCXoPIhy1jB15tmKpLHyqCE,Gaussian,d9DagJChRxyeUKBEwzSiFw/G-I-O-P-gjf-out/O.mol,0,error,FileFormatError,0,0
iodata,TRpxYNCXoPIhy1jB15tmKpLHyqCE,Gaussian,d9DagJChRxyeUKBEwzSiFw/G-I-O-P-gjf-out/P.LOG,0,error,FileFormatError,0,0
iodata,TRpxYNCXoPIhy1jB15tmKpLHyqCE,Gaussian,d9DagJChRxyeUKBEwzSiFw/G-I-O-P-gjf-out/P.gjf,0,success,,1,0
iodata,TRpxYNCXoPIhy1jB15tmKpLHyqCE,Gaussian,d9DagJChRxyeUKBEwzSiFw/G-I-O-P-gjf-out/P.mol,0,error,FileFormatError,0,0
iodata,UJcTclMEejNtTbcYO2enL2OM0PSG,ABINIT,lO1jlxxeRKKURy4Fgso_oQ/ZnSe/1/run.abi,0,error,FileFormatError,0,0
iodata,UJcTclMEejNtTbcYO2enL2OM0PSG,ABINIT,lO1jlxxeRKKURy4Fgso_oQ/ZnSe/1/run.abo,1,error,FileFormatError,0,0
iodata,UJcTclMEejNtTbcYO2enL2OM0PSG,ABINIT,lO1jlxxeRKKURy4Fgso_oQ/ZnSe/1/run.log,0,error,LoadError,0,0
iodata,_4eGoIDqu6NZcvw14Y9VyFJtykSr,VASP,PVFd-ql-QnGWZAzklz5MYQ/ldau65/scf/band/BAND.dat,0,error,LoadError,0,0
iodata,_4eGoIDqu6NZcvw14Y9VyFJtykSr,VASP,PVFd-ql-QnGWZAzklz5MYQ/ldau65/scf/band/BAND.jpg,0,error,FileFormatError,0,0
iodata,_4eGoIDqu6NZcvw14Y9VyFJtykSr,VASP,PVFd-ql-QnGWZAzklz5MYQ/ldau65/scf/band/BAND_GAP,0,error,FileFormatError,0,0
iodata,_4eGoIDqu6NZcvw14Y9VyFJtykSr,VASP,PVFd-ql-QnGWZAzklz5MYQ/ldau65/scf/band/CHG,0,error,FileFormatError,0,0
gaussian,zOnVuVC5y8Wf-1SEGPJj8EfwTYqB,ORCA,GSCz8oRWRR2pOM5YJIHzVw/ORCA_inputs_results_pH7.4/TTR-2.out,0,empty,,0,0
iodata,_4eGoIDqu6NZcvw14Y9VyFJtykSr,VASP,PVFd-ql-QnGWZAzklz5MYQ/ldau65/scf/band/CONTCAR,0,error,FileFormatError,0,0
iodata,_4eGoIDqu6NZcvw14Y9VyFJtykSr,VASP,PVFd-ql-QnGWZAzklz5MYQ/ldau65/scf/band/DOSCAR,0,error,FileFormatError,0,0
iodata,_4eGoIDqu6NZcvw14Y9VyFJtykSr,VASP,PVFd-ql-QnGWZAzklz5MYQ/ldau65/scf/band/EIGENVAL,0,error,FileFormatError,0,0
iodata,_4eGoIDqu6NZcvw14Y9VyFJtykSr,VASP,PVFd-ql-QnGWZAzklz5MYQ/ldau65/scf/band/FERMI_ENERGY,0,error,FileFormatError,0,0
iodata,_4eGoIDqu6NZcvw14Y9VyFJtykSr,VASP,PVFd-ql-QnGWZAzklz5MYQ/ldau65/scf/band/INCAR,0,error,FileFormatError,0,0
iodata,_4eGoIDqu6NZcvw14Y9VyFJtykSr,VASP,PVFd-ql-QnGWZAzklz5MYQ/ldau65/scf/band/KLABELS,0,error,FileFormatError,0,0
iodata,_4eGoIDqu6NZcvw14Y9VyFJtykSr,VASP,PVFd-ql-QnGWZAzklz5MYQ/ldau65/scf/band/KLINES.dat,0,error,LoadError,0,0
iodata,_4eGoIDqu6NZcvw14Y9VyFJtykSr,VASP,PVFd-ql-QnGWZAzklz5MYQ/ldau65/scf/band/KPOINTS,0,error,FileFormatError,0,0
iodata,_4eGoIDqu6NZcvw14Y9VyFJtykSr,VASP,PVFd-ql-QnGWZAzklz5MYQ/ldau65/scf/band/OSZICAR,0,error,FileFormatError,0,0
iodata,_4eGoIDqu6NZcvw14Y9VyFJtykSr,VASP,PVFd-ql-QnGWZAzklz5MYQ/ldau65/scf/band/OUTCAR,0,error,FileFormatError,0,0
iodata,_4eGoIDqu6NZcvw14Y9VyFJtykSr,VASP,PVFd-ql-QnGWZAzklz5MYQ/ldau65/scf/band/PCDAT,0,error,FileFormatError,0,0
iodata,_4eGoIDqu6NZcvw14Y9VyFJtykSr,VASP,PVFd-ql-QnGWZAzklz5MYQ/ldau65/scf/band/PLOT.in,0,error,FileFormatError,0,0
iodata,_4eGoIDqu6NZcvw14Y9VyFJtykSr,VASP,PVFd-ql-QnGWZAzklz5MYQ/ldau65/scf/band/POSCAR,0,error,ValidationError,0,0
iodata,_4eGoIDqu6NZcvw14Y9VyFJtykSr,VASP,PVFd-ql-QnGWZAzklz5MYQ/ldau65/scf/band/POTCAR.stripped,0,error,FileFormatError,0,0
iodata,_4eGoIDqu6NZcvw14Y9VyFJtykSr,VASP,PVFd-ql-QnGWZAzklz5MYQ/ldau65/scf/band/PROCAR,0,error,FileFormatError,0,0
iodata,_4eGoIDqu6NZcvw14Y9VyFJtykSr,VASP,PVFd-ql-QnGWZAzklz5MYQ/ldau65/scf/band/REFORMATTED_BAND.dat,0,error,LoadError,0,0
iodata,_4eGoIDqu6NZcvw14Y9VyFJtykSr,VASP,PVFd-ql-QnGWZAzklz5MYQ/ldau65/scf/band/REPORT,0,error,FileFormatError,0,0
iodata,_4eGoIDqu6NZcvw14Y9VyFJtykSr,VASP,PVFd-ql-QnGWZAzklz5MYQ/ldau65/scf/band/XDATCAR,0,error,FileFormatError,0,0
iodata,_4eGoIDqu6NZcvw14Y9VyFJtykSr,VASP,PVFd-ql-QnGWZAzklz5MYQ/ldau65/scf/band/slurm-1454043.out,0,empty,,0,0
iodata,_4eGoIDqu6NZcvw14Y9VyFJtykSr,VASP,PVFd-ql-QnGWZAzklz5MYQ/ldau65/scf/band/vasp.sh,0,error,FileFormatError,0,0
iodata,_4eGoIDqu6NZcvw14Y9VyFJtykSr,VASP,PVFd-ql-QnGWZAzklz5MYQ/ldau65/scf/band/vasprun.xml,1,error,FileFormatError,0,0
iodata,ebTSTiuPZWDnFoJgFsqCAvFX_-GT,GPAW,v8so8T4nRrC7GD-yV59PDA/production_Apr29_Zr2Y2O7_10Ha_444/tree/444/materials/ZrY2ZrO7-Apr29-272eV-G444/WaveFunctions/gs_gw.txt,0,error,FileFormatError,0,0
iodata,ebTSTiuPZWDnFoJgFsqCAvFX_-GT,GPAW,v8so8T4nRrC7GD-yV59PDA/production_Apr29_Zr2Y2O7_10Ha_444/tree/444/materials/ZrY2ZrO7-Apr29-272eV-G444/WaveFunctions/gs_gw_nowfs.gpw,1,error,FileFormatError,0,0
iodata,ebTSTiuPZWDnFoJgFsqCAvFX_-GT,GPAW,v8so8T4nRrC7GD-yV59PDA/production_Apr29_Zr2Y2O7_10Ha_444/tree/444/materials/ZrY2ZrO7-Apr29-272eV-G444/WaveFunctions/input.json,0,error,FileFormatError,0,0
iodata,ebTSTiuPZWDnFoJgFsqCAvFX_-GT,GPAW,v8so8T4nRrC7GD-yV59PDA/production_Apr29_Zr2Y2O7_10Ha_444/tree/444/materials/ZrY2ZrO7-Apr29-272eV-G444/WaveFunctions/output.json,0,error,FileFormatError,0,0
iodata,fr50Zj7V_qCFMt401DJwQW4l11wK,GAMESS,58G9YZi8SMS2QATRSom9MQ/RCWnE6CiPA8v5vyGpJEV5BKIm4XSC/data/tcnedim/tcnedim_b3_1_a.inp,0,error,FileFormatError,0,0
iodata,GIgds3tnt7Y4G7S06OJySAN63ubH,VASP,PVFd-ql-QnGWZAzklz5MYQ/ldau65/scf/CHGCAR,0,error,ValidationError,0,0
iodata,fr50Zj7V_qCFMt401DJwQW4l11wK,GAMESS,58G9YZi8SMS2QATRSom9MQ/RCWnE6CiPA8v5vyGpJEV5BKIm4XSC/data/tcnedim/tcnedim_b3_1_b.inp,0,error,FileFormatError,0,0
iodata,SMaGnwZkstE9pgZ5kY2nTsbB8F6R,FHI-aims,s7RWKK2cTgmBh_c5sD9m7A/MoS2/Au_Vac/intermediate/aims.out,1,empty,,0,0
iodata,fr50Zj7V_qCFMt401DJwQW4l11wK,GAMESS,58G9YZi8SMS2QATRSom9MQ/RCWnE6CiPA8v5vyGpJEV5BKIm4XSC/data/tcnedim/tcnedim_b3_1_c.inp,0,error,FileFormatError,0,0
iodata,fr50Zj7V_qCFMt401DJwQW4l11wK,GAMESS,58G9YZi8SMS2QATRSom9MQ/RCWnE6CiPA8v5vyGpJEV5BKIm4XSC/data/tcnedim/tcnedim_b3_1_b.out,1,empty,,0,0
iodata,fr50Zj7V_qCFMt401DJwQW4l11wK,GAMESS,58G9YZi8SMS2QATRSom9MQ/RCWnE6CiPA8v5vyGpJEV5BKIm4XSC/data/tcnedim/tcnedim_b3_1bs_a.inp,0,error,FileFormatError,0,0
iodata,fr50Zj7V_qCFMt401DJwQW4l11wK,GAMESS,58G9YZi8SMS2QATRSom9MQ/RCWnE6CiPA8v5vyGpJEV5BKIm4XSC/data/tcnedim/tcnedim_b3_1_a.out,0,empty,,0,0
iodata,fr50Zj7V_qCFMt401DJwQW4l11wK,GAMESS,58G9YZi8SMS2QATRSom9MQ/RCWnE6CiPA8v5vyGpJEV5BKIm4XSC/data/tcnedim/tcnedim_b3_1bs_b.inp,0,error,FileFormatError,0,0
iodata,fr50Zj7V_qCFMt401DJwQW4l11wK,GAMESS,58G9YZi8SMS2QATRSom9MQ/RCWnE6CiPA8v5vyGpJEV5BKIm4XSC/data/tcnedim/tcnedim_b3_1_c.out,0,empty,,0,0
iodata,fr50Zj7V_qCFMt401DJwQW4l11wK,GAMESS,58G9YZi8SMS2QATRSom9MQ/RCWnE6CiPA8v5vyGpJEV5BKIm4XSC/data/tcnedim/tcnedim_b3_1bs_c.inp,0,error,FileFormatError,0,0
iodata,QTNlDyNK-XK_OYZ21JKIDqGn2axi,VASP,PVFd-ql-QnGWZAzklz5MYQ/ldau65/CHGCAR,0,error,ValidationError,0,0
iodata,fr50Zj7V_qCFMt401DJwQW4l11wK,GAMESS,58G9YZi8SMS2QATRSom9MQ/RCWnE6CiPA8v5vyGpJEV5BKIm4XSC/data/tcnedim/tcnedim_b3_3_a.inp,0,error,FileFormatError,0,0
iodata,_4eGoIDqu6NZcvw14Y9VyFJtykSr,VASP,PVFd-ql-QnGWZAzklz5MYQ/ldau65/scf/band/CHGCAR,0,error,ValidationError,0,0
iodata,fr50Zj7V_qCFMt401DJwQW4l11wK,GAMESS,58G9YZi8SMS2QATRSom9MQ/RCWnE6CiPA8v5vyGpJEV5BKIm4XSC/data/tcnedim/tcnedim_b3_3_b.inp,0,error,FileFormatError,0,0
iodata,fr50Zj7V_qCFMt401DJwQW4l11wK,GAMESS,58G9YZi8SMS2QATRSom9MQ/RCWnE6CiPA8v5vyGpJEV5BKIm4XSC/data/tcnedim/tcnedim_b3_1bs_a.out,0,empty,,0,0
iodata,fr50Zj7V_qCFMt401DJwQW4l11wK,GAMESS,58G9YZi8SMS2QATRSom9MQ/RCWnE6CiPA8v5vyGpJEV5BKIm4XSC/data/tcnedim/tcnedim_b3_3_c.inp,0,error,FileFormatError,0,0
iodata,fr50Zj7V_qCFMt401DJwQW4l11wK,GAMESS,58G9YZi8SMS2QATRSom9MQ/RCWnE6CiPA8v5vyGpJEV5BKIm4XSC/data/tcnedim/tcnedim_b3_1bs_b.out,0,empty,,0,0
iodata,fr50Zj7V_qCFMt401DJwQW4l11wK,GAMESS,58G9YZi8SMS2QATRSom9MQ/RCWnE6CiPA8v5vyGpJEV5BKIm4XSC/data/tcnedim/tcnedim_b3_dis_3.inp,0,error,FileFormatError,0,0
iodata,fr50Zj7V_qCFMt401DJwQW4l11wK,GAMESS,58G9YZi8SMS2QATRSom9MQ/RCWnE6CiPA8v5vyGpJEV5BKIm4XSC/data/tcnedim/tcnedim_b3_1bs_c.out,0,empty,,0,0
iodata,fr50Zj7V_qCFMt401DJwQW4l11wK,GAMESS,58G9YZi8SMS2QATRSom9MQ/RCWnE6CiPA8v5vyGpJEV5BKIm4XSC/data/tcnedim/tcnedim_cas22mp2_1_a.inp,0,error,FileFormatError,0,0
iodata,fr50Zj7V_qCFMt401DJwQW4l11wK,GAMESS,58G9YZi8SMS2QATRSom9MQ/RCWnE6CiPA8v5vyGpJEV5BKIm4XSC/data/tcnedim/tcnedim_b3_3_a.out,0,empty,,0,0
iodata,fr50Zj7V_qCFMt401DJwQW4l11wK,GAMESS,58G9YZi8SMS2QATRSom9MQ/RCWnE6CiPA8v5vyGpJEV5BKIm4XSC/data/tcnedim/tcnedim_cas22mp2_1_b.inp,0,error,FileFormatError,0,0
iodata,fr50Zj7V_qCFMt401DJwQW4l11wK,GAMESS,58G9YZi8SMS2QATRSom9MQ/RCWnE6CiPA8v5vyGpJEV5BKIm4XSC/data/tcnedim/tcnedim_b3_3_b.out,0,empty,,0,0
iodata,fr50Zj7V_qCFMt401DJwQW4l11wK,GAMESS,58G9YZi8SMS2QATRSom9MQ/RCWnE6CiPA8v5vyGpJEV5BKIm4XSC/data/tcnedim/tcnedim_cas22mp2_1_c.inp,0,error,FileFormatError,0,0
iodata,fr50Zj7V_qCFMt401DJwQW4l11wK,GAMESS,58G9YZi8SMS2QATRSom9MQ/RCWnE6CiPA8v5vyGpJEV5BKIm4XSC/data/tcnedim/tcnedim_b3_3_c.out,0,empty,,0,0
iodata,fr50Zj7V_qCFMt401DJwQW4l11wK,GAMESS,58G9YZi8SMS2QATRSom9MQ/RCWnE6CiPA8v5vyGpJEV5BKIm4XSC/data/tcnedim/tcnedim_cas22mp2_dis_1.inp,0,error,FileFormatError,0,0
iodata,fr50Zj7V_qCFMt401DJwQW4l11wK,GAMESS,58G9YZi8SMS2QATRSom9MQ/RCWnE6CiPA8v5vyGpJEV5BKIm4XSC/data/tcnedim/tcnedim_cas22mp2_1_b.out,0,empty,,0,0
iodata,fr50Zj7V_qCFMt401DJwQW4l11wK,GAMESS,58G9YZi8SMS2QATRSom9MQ/RCWnE6CiPA8v5vyGpJEV5BKIm4XSC/data/tcnedim/tcnedim_rmp2_1_a.inp,0,error,FileFormatError,0,0
iodata,fr50Zj7V_qCFMt401DJwQW4l11wK,GAMESS,58G9YZi8SMS2QATRSom9MQ/RCWnE6CiPA8v5vyGpJEV5BKIm4XSC/data/tcnedim/tcnedim_b3_dis_3.out,0,empty,,0,0
iodata,fr50Zj7V_qCFMt401DJwQW4l11wK,GAMESS,58G9YZi8SMS2QATRSom9MQ/RCWnE6CiPA8v5vyGpJEV5BKIm4XSC/data/tcnedim/tcnedim_rmp2_1_b.inp,0,error,FileFormatError,0,0
iodata,fr50Zj7V_qCFMt401DJwQW4l11wK,GAMESS,58G9YZi8SMS2QATRSom9MQ/RCWnE6CiPA8v5vyGpJEV5BKIm4XSC/data/tcnedim/tcnedim_cas22mp2_dis_1.out,0,empty,,0,0
iodata,fr50Zj7V_qCFMt401DJwQW4l11wK,GAMESS,58G9YZi8SMS2QATRSom9MQ/RCWnE6CiPA8v5vyGpJEV5BKIm4XSC/data/tcnedim/tcnedim_rmp2_1_c.inp,0,error,FileFormatError,0,0
iodata,fr50Zj7V_qCFMt401DJwQW4l11wK,GAMESS,58G9YZi8SMS2QATRSom9MQ/RCWnE6CiPA8v5vyGpJEV5BKIm4XSC/data/tcnedim/tcnedim_cas22mp2_1_a.out,0,empty,,0,0
iodata,fr50Zj7V_qCFMt401DJwQW4l11wK,GAMESS,58G9YZi8SMS2QATRSom9MQ/RCWnE6CiPA8v5vyGpJEV5BKIm4XSC/data/tcnedim/tcnedim_romp2_3_a.inp,0,error,FileFormatError,0,0
iodata,fr50Zj7V_qCFMt401DJwQW4l11wK,GAMESS,58G9YZi8SMS2QATRSom9MQ/RCWnE6CiPA8v5vyGpJEV5BKIm4XSC/data/tcnedim/tcnedim_cas22mp2_1_c.out,0,empty,,0,0
iodata,fr50Zj7V_qCFMt401DJwQW4l11wK,GAMESS,58G9YZi8SMS2QATRSom9MQ/RCWnE6CiPA8v5vyGpJEV5BKIm4XSC/data/tcnedim/tcnedim_romp2_3_b.inp,0,error,FileFormatError,0,0
iodata,fr50Zj7V_qCFMt401DJwQW4l11wK,GAMESS,58G9YZi8SMS2QATRSom9MQ/RCWnE6CiPA8v5vyGpJEV5BKIm4XSC/data/tcnedim/tcnedim_rmp2_1_b.out,0,empty,,0,0
iodata,fr50Zj7V_qCFMt401DJwQW4l11wK,GAMESS,58G9YZi8SMS2QATRSom9MQ/RCWnE6CiPA8v5vyGpJEV5BKIm4XSC/data/tcnedim/tcnedim_romp2_3_c.inp,0,error,FileFormatError,0,0
iodata,fr50Zj7V_qCFMt401DJwQW4l11wK,GAMESS,58G9YZi8SMS2QATRSom9MQ/RCWnE6CiPA8v5vyGpJEV5BKIm4XSC/data/tcnedim/tcnedim_rmp2_1_a.out,0,empty,,0,0
iodata,fr50Zj7V_qCFMt401DJwQW4l11wK,GAMESS,58G9YZi8SMS2QATRSom9MQ/RCWnE6CiPA8v5vyGpJEV5BKIm4XSC/data/tcnedim/tcnedim_romp2_dis_3.inp,0,error,FileFormatError,0,0
iodata,fr50Zj7V_qCFMt401DJwQW4l11wK,GAMESS,58G9YZi8SMS2QATRSom9MQ/RCWnE6CiPA8v5vyGpJEV5BKIm4XSC/data/tcnedim/tcnedim_romp2_3_a.out,0,empty,,0,0
iodata,iBIeUIvhEDHWwRGRXri8-gJqbWeZ,exciting,qpxNMvKmRhqq_F-CfHJw8Q/C.xml,0,error,FileFormatError,0,0
iodata,iBIeUIvhEDHWwRGRXri8-gJqbWeZ,exciting,qpxNMvKmRhqq_F-CfHJw8Q/DVEFF_Q0000_0000_0000_S01_A001_P1.OUT,0,error,FileFormatError,0,0
iodata,iBIeUIvhEDHWwRGRXri8-gJqbWeZ,exciting,qpxNMvKmRhqq_F-CfHJw8Q/DVEFF_Q0000_0000_0000_S01_A001_P2.OUT,0,error,FileFormatError,0,0
iodata,iBIeUIvhEDHWwRGRXri8-gJqbWeZ,exciting,qpxNMvKmRhqq_F-CfHJw8Q/DVEFF_Q0000_0000_0000_S01_A001_P3.OUT,0,error,FileFormatError,0,0
iodata,iBIeUIvhEDHWwRGRXri8-gJqbWeZ,exciting,qpxNMvKmRhqq_F-CfHJw8Q/DVEFF_Q0000_0000_0000_S01_A002_P1.OUT,0,error,FileFormatError,0,0
iodata,iBIeUIvhEDHWwRGRXri8-gJqbWeZ,exciting,qpxNMvKmRhqq_F-CfHJw8Q/DVEFF_Q0000_0000_0000_S01_A002_P2.OUT,0,error,FileFormatError,0,0
iodata,iBIeUIvhEDHWwRGRXri8-gJqbWeZ,exciting,qpxNMvKmRhqq_F-CfHJw8Q/DVEFF_Q0000_0000_0000_S01_A002_P3.OUT,0,error,FileFormatError,0,0
iodata,iBIeUIvhEDHWwRGRXri8-gJqbWeZ,exciting,qpxNMvKmRhqq_F-CfHJw8Q/DVEFF_Q0000_0000_0000_S01_A003_P1.OUT,0,error,FileFormatError,0,0
iodata,iBIeUIvhEDHWwRGRXri8-gJqbWeZ,exciting,qpxNMvKmRhqq_F-CfHJw8Q/DVEFF_Q0000_0000_0000_S01_A003_P2.OUT,0,error,FileFormatError,0,0
iodata,iBIeUIvhEDHWwRGRXri8-gJqbWeZ,exciting,qpxNMvKmRhqq_F-CfHJw8Q/DVEFF_Q0000_0000_0000_S01_A003_P3.OUT,0,error,FileFormatError,0,0
iodata,iBIeUIvhEDHWwRGRXri8-gJqbWeZ,exciting,qpxNMvKmRhqq_F-CfHJw8Q/DVEFF_Q0000_0000_0000_S01_A004_P1.OUT,0,error,FileFormatError,0,0
iodata,iBIeUIvhEDHWwRGRXri8-gJqbWeZ,exciting,qpxNMvKmRhqq_F-CfHJw8Q/DVEFF_Q0000_0000_0000_S01_A004_P2.OUT,0,error,FileFormatError,0,0
iodata,iBIeUIvhEDHWwRGRXri8-gJqbWeZ,exciting,qpxNMvKmRhqq_F-CfHJw8Q/DVEFF_Q0000_0000_0000_S01_A004_P3.OUT,0,error,FileFormatError,0,0
iodata,iBIeUIvhEDHWwRGRXri8-gJqbWeZ,exciting,qpxNMvKmRhqq_F-CfHJw8Q/DVEFF_Q0000_0000_0000_S01_A005_P1.OUT,0,error,FileFormatError,0,0
iodata,iBIeUIvhEDHWwRGRXri8-gJqbWeZ,exciting,qpxNMvKmRhqq_F-CfHJw8Q/DVEFF_Q0000_0000_0000_S01_A005_P2.OUT,0,error,FileFormatError,0,0
iodata,iBIeUIvhEDHWwRGRXri8-gJqbWeZ,exciting,qpxNMvKmRhqq_F-CfHJw8Q/DVEFF_Q0000_0000_0000_S01_A005_P3.OUT,0,error,FileFormatError,0,0
iodata,iBIeUIvhEDHWwRGRXri8-gJqbWeZ,exciting,qpxNMvKmRhqq_F-CfHJw8Q/DVEFF_Q0000_0000_0000_S01_A006_P1.OUT,0,error,FileFormatError,0,0
iodata,iBIeUIvhEDHWwRGRXri8-gJqbWeZ,exciting,qpxNMvKmRhqq_F-CfHJw8Q/DVEFF_Q0000_0000_0000_S01_A006_P2.OUT,0,error,FileFormatError,0,0
iodata,iBIeUIvhEDHWwRGRXri8-gJqbWeZ,exciting,qpxNMvKmRhqq_F-CfHJw8Q/DVEFF_Q0000_0000_0000_S01_A006_P3.OUT,0,error,FileFormatError,0,0
iodata,iBIeUIvhEDHWwRGRXri8-gJqbWeZ,exciting,qpxNMvKmRhqq_F-CfHJw8Q/DVEFF_Q0000_0000_0000_S01_A007_P1.OUT,0,error,FileFormatError,0,0
iodata,iBIeUIvhEDHWwRGRXri8-gJqbWeZ,exciting,qpxNMvKmRhqq_F-CfHJw8Q/DVEFF_Q0000_0000_0000_S01_A007_P2.OUT,0,error,FileFormatError,0,0
iodata,iBIeUIvhEDHWwRGRXri8-gJqbWeZ,exciting,qpxNMvKmRhqq_F-CfHJw8Q/DVEFF_Q0000_0000_0000_S01_A007_P3.OUT,0,error,FileFormatError,0,0
iodata,iBIeUIvhEDHWwRGRXri8-gJqbWeZ,exciting,qpxNMvKmRhqq_F-CfHJw8Q/DVEFF_Q0000_0000_0000_S01_A008_P1.OUT,0,error,FileFormatError,0,0
iodata,iBIeUIvhEDHWwRGRXri8-gJqbWeZ,exciting,qpxNMvKmRhqq_F-CfHJw8Q/DVEFF_Q0000_0000_0000_S01_A008_P2.OUT,0,error,FileFormatError,0,0
iodata,iBIeUIvhEDHWwRGRXri8-gJqbWeZ,exciting,qpxNMvKmRhqq_F-CfHJw8Q/DVEFF_Q0000_0000_0000_S01_A008_P3.OUT,0,error,FileFormatError,0,0
iodata,iBIeUIvhEDHWwRGRXri8-gJqbWeZ,exciting,qpxNMvKmRhqq_F-CfHJw8Q/DVEFF_Q0000_0000_0000_S01_A009_P1.OUT,0,error,FileFormatError,0,0
iodata,iBIeUIvhEDHWwRGRXri8-gJqbWeZ,exciting,qpxNMvKmRhqq_F-CfHJw8Q/DVEFF_Q0000_0000_0000_S01_A009_P2.OUT,0,error,FileFormatError,0,0
iodata,iBIeUIvhEDHWwRGRXri8-gJqbWeZ,exciting,qpxNMvKmRhqq_F-CfHJw8Q/DVEFF_Q0000_0000_0000_S01_A009_P3.OUT,0,error,FileFormatError,0,0
iodata,iBIeUIvhEDHWwRGRXri8-gJqbWeZ,exciting,qpxNMvKmRhqq_F-CfHJw8Q/DVEFF_Q0000_0000_0000_S01_A010_P1.OUT,0,error,FileFormatError,0,0
iodata,iBIeUIvhEDHWwRGRXri8-gJqbWeZ,exciting,qpxNMvKmRhqq_F-CfHJw8Q/DVEFF_Q0000_0000_0000_S01_A010_P2.OUT,0,error,FileFormatError,0,0
iodata,iBIeUIvhEDHWwRGRXri8-gJqbWeZ,exciting,qpxNMvKmRhqq_F-CfHJw8Q/DVEFF_Q0000_0000_0000_S01_A010_P3.OUT,0,error,FileFormatError,0,0
iodata,iBIeUIvhEDHWwRGRXri8-gJqbWeZ,exciting,qpxNMvKmRhqq_F-CfHJw8Q/DVEFF_Q0000_0000_0000_S01_A011_P1.OUT,0,error,FileFormatError,0,0
iodata,iBIeUIvhEDHWwRGRXri8-gJqbWeZ,exciting,qpxNMvKmRhqq_F-CfHJw8Q/DVEFF_Q0000_0000_0000_S01_A011_P2.OUT,0,error,FileFormatError,0,0
iodata,iBIeUIvhEDHWwRGRXri8-gJqbWeZ,exciting,qpxNMvKmRhqq_F-CfHJw8Q/DVEFF_Q0000_0000_0000_S01_A011_P3.OUT,0,error,FileFormatError,0,0
iodata,iBIeUIvhEDHWwRGRXri8-gJqbWeZ,exciting,qpxNMvKmRhqq_F-CfHJw8Q/DVEFF_Q0000_0000_0000_S01_A012_P1.OUT,0,error,FileFormatError,0,0
iodata,iBIeUIvhEDHWwRGRXri8-gJqbWeZ,exciting,qpxNMvKmRhqq_F-CfHJw8Q/DVEFF_Q0000_0000_0000_S01_A012_P2.OUT,0,error,FileFormatError,0,0
iodata,iBIeUIvhEDHWwRGRXri8-gJqbWeZ,exciting,qpxNMvKmRhqq_F-CfHJw8Q/DVEFF_Q0000_0000_0000_S01_A012_P3.OUT,0,error,FileFormatError,0,0
iodata,iBIeUIvhEDHWwRGRXri8-gJqbWeZ,exciting,qpxNMvKmRhqq_F-CfHJw8Q/DVEFF_Q0000_0000_0000_S01_A013_P1.OUT,0,error,FileFormatError,0,0
iodata,iBIeUIvhEDHWwRGRXri8-gJqbWeZ,exciting,qpxNMvKmRhqq_F-CfHJw8Q/DVEFF_Q0000_0000_0000_S01_A013_P2.OUT,0,error,FileFormatError,0,0
iodata,iBIeUIvhEDHWwRGRXri8-gJqbWeZ,exciting,qpxNMvKmRhqq_F-CfHJw8Q/DVEFF_Q0000_0000_0000_S01_A013_P3.OUT,0,error,FileFormatError,0,0
iodata,iBIeUIvhEDHWwRGRXri8-gJqbWeZ,exciting,qpxNMvKmRhqq_F-CfHJw8Q/DVEFF_Q0000_0000_0000_S01_A014_P1.OUT,0,error,FileFormatError,0,0
iodata,iBIeUIvhEDHWwRGRXri8-gJqbWeZ,exciting,qpxNMvKmRhqq_F-CfHJw8Q/DVEFF_Q0000_0000_0000_S01_A014_P2.OUT,0,error,FileFormatError,0,0
iodata,iBIeUIvhEDHWwRGRXri8-gJqbWeZ,exciting,qpxNMvKmRhqq_F-CfHJw8Q/DVEFF_Q0000_0000_0000_S01_A014_P3.OUT,0,error,FileFormatError,0,0
iodata,iBIeUIvhEDHWwRGRXri8-gJqbWeZ,exciting,qpxNMvKmRhqq_F-CfHJw8Q/DVEFF_Q0000_0000_0000_S01_A015_P1.OUT,0,error,FileFormatError,0,0
iodata,iBIeUIvhEDHWwRGRXri8-gJqbWeZ,exciting,qpxNMvKmRhqq_F-CfHJw8Q/DVEFF_Q0000_0000_0000_S01_A015_P2.OUT,0,error,FileFormatError,0,0
iodata,iBIeUIvhEDHWwRGRXri8-gJqbWeZ,exciting,qpxNMvKmRhqq_F-CfHJw8Q/DVEFF_Q0000_0000_0000_S01_A015_P3.OUT,0,error,FileFormatError,0,0
iodata,iBIeUIvhEDHWwRGRXri8-gJqbWeZ,exciting,qpxNMvKmRhqq_F-CfHJw8Q/DVEFF_Q0000_0000_0000_S01_A016_P1.OUT,0,error,FileFormatError,0,0
iodata,iBIeUIvhEDHWwRGRXri8-gJqbWeZ,exciting,qpxNMvKmRhqq_F-CfHJw8Q/DVEFF_Q0000_0000_0000_S01_A016_P2.OUT,0,error,FileFormatError,0,0
iodata,iBIeUIvhEDHWwRGRXri8-gJqbWeZ,exciting,qpxNMvKmRhqq_F-CfHJw8Q/DVEFF_Q0000_0000_0000_S01_A016_P3.OUT,0,error,FileFormatError,0,0
iodata,iBIeUIvhEDHWwRGRXri8-gJqbWeZ,exciting,qpxNMvKmRhqq_F-CfHJw8Q/DVEFF_Q0000_0000_0000_S01_A017_P1.OUT,0,error,FileFormatError,0,0
iodata,iBIeUIvhEDHWwRGRXri8-gJqbWeZ,exciting,qpxNMvKmRhqq_F-CfHJw8Q/DVEFF_Q0000_0000_0000_S01_A017_P2.OUT,0,error,FileFormatError,0,0
iodata,iBIeUIvhEDHWwRGRXri8-gJqbWeZ,exciting,qpxNMvKmRhqq_F-CfHJw8Q/DVEFF_Q0000_0000_0000_S01_A017_P3.OUT,0,error,FileFormatError,0,0
iodata,iBIeUIvhEDHWwRGRXri8-gJqbWeZ,exciting,qpxNMvKmRhqq_F-CfHJw8Q/DVEFF_Q0000_0000_0000_S01_A018_P1.OUT,0,error,FileFormatError,0,0
iodata,iBIeUIvhEDHWwRGRXri8-gJqbWeZ,exciting,qpxNMvKmRhqq_F-CfHJw8Q/DVEFF_Q0000_0000_0000_S01_A018_P2.OUT,0,error,FileFormatError,0,0
iodata,iBIeUIvhEDHWwRGRXri8-gJqbWeZ,exciting,qpxNMvKmRhqq_F-CfHJw8Q/DVEFF_Q0000_0000_0000_S01_A018_P3.OUT,0,error,FileFormatError,0,0
iodata,iBIeUIvhEDHWwRGRXri8-gJqbWeZ,exciting,qpxNMvKmRhqq_F-CfHJw8Q/DVEFF_Q0000_0000_0000_S02_A001_P1.OUT,0,error,FileFormatError,0,0
iodata,iBIeUIvhEDHWwRGRXri8-gJqbWeZ,exciting,qpxNMvKmRhqq_F-CfHJw8Q/DVEFF_Q0000_0000_0000_S02_A001_P2.OUT,0,error,FileFormatError,0,0
iodata,iBIeUIvhEDHWwRGRXri8-gJqbWeZ,exciting,qpxNMvKmRhqq_F-CfHJw8Q/DVEFF_Q0000_0000_0000_S02_A001_P3.OUT,0,error,FileFormatError,0,0
iodata,iBIeUIvhEDHWwRGRXri8-gJqbWeZ,exciting,qpxNMvKmRhqq_F-CfHJw8Q/DVEFF_Q0000_0000_0000_S02_A002_P1.OUT,0,error,FileFormatError,0,0
iodata,iBIeUIvhEDHWwRGRXri8-gJqbWeZ,exciting,qpxNMvKmRhqq_F-CfHJw8Q/DVEFF_Q0000_0000_0000_S02_A002_P2.OUT,0,error,FileFormatError,0,0
iodata,iBIeUIvhEDHWwRGRXri8-gJqbWeZ,exciting,qpxNMvKmRhqq_F-CfHJw8Q/DVEFF_Q0000_0000_0000_S02_A002_P3.OUT,0,error,FileFormatError,0,0
iodata,iBIeUIvhEDHWwRGRXri8-gJqbWeZ,exciting,qpxNMvKmRhqq_F-CfHJw8Q/DVEFF_Q0000_0000_0000_S02_A003_P1.OUT,0,error,FileFormatError,0,0
iodata,iBIeUIvhEDHWwRGRXri8-gJqbWeZ,exciting,qpxNMvKmRhqq_F-CfHJw8Q/DVEFF_Q0000_0000_0000_S02_A003_P2.OUT,0,error,FileFormatError,0,0
iodata,iBIeUIvhEDHWwRGRXri8-gJqbWeZ,exciting,qpxNMvKmRhqq_F-CfHJw8Q/DVEFF_Q0000_0000_0000_S02_A003_P3.OUT,0,error,FileFormatError,0,0
iodata,iBIeUIvhEDHWwRGRXri8-gJqbWeZ,exciting,qpxNMvKmRhqq_F-CfHJw8Q/DVEFF_Q0000_0000_0000_S02_A004_P1.OUT,0,error,FileFormatError,0,0
iodata,iBIeUIvhEDHWwRGRXri8-gJqbWeZ,exciting,qpxNMvKmRhqq_F-CfHJw8Q/DVEFF_Q0000_0000_0000_S02_A004_P2.OUT,0,error,FileFormatError,0,0
iodata,iBIeUIvhEDHWwRGRXri8-gJqbWeZ,exciting,qpxNMvKmRhqq_F-CfHJw8Q/DVEFF_Q0000_0000_0000_S02_A004_P3.OUT,0,error,FileFormatError,0,0
iodata,iBIeUIvhEDHWwRGRXri8-gJqbWeZ,exciting,qpxNMvKmRhqq_F-CfHJw8Q/DVEFF_Q0000_0000_0000_S02_A005_P1.OUT,0,error,FileFormatError,0,0
iodata,iBIeUIvhEDHWwRGRXri8-gJqbWeZ,exciting,qpxNMvKmRhqq_F-CfHJw8Q/DVEFF_Q0000_0000_0000_S02_A005_P2.OUT,0,error,FileFormatError,0,0
iodata,iBIeUIvhEDHWwRGRXri8-gJqbWeZ,exciting,qpxNMvKmRhqq_F-CfHJw8Q/DVEFF_Q0000_0000_0000_S02_A005_P3.OUT,0,error,FileFormatError,0,0
iodata,iBIeUIvhEDHWwRGRXri8-gJqbWeZ,exciting,qpxNMvKmRhqq_F-CfHJw8Q/DVEFF_Q0000_0000_0000_S02_A006_P1.OUT,0,error,FileFormatError,0,0
iodata,iBIeUIvhEDHWwRGRXri8-gJqbWeZ,exciting,qpxNMvKmRhqq_F-CfHJw8Q/DVEFF_Q0000_0000_0000_S02_A006_P2.OUT,0,error,FileFormatError,0,0
iodata,iBIeUIvhEDHWwRGRXri8-gJqbWeZ,exciting,qpxNMvKmRhqq_F-CfHJw8Q/DVEFF_Q0000_0000_0000_S02_A006_P3.OUT,0,error,FileFormatError,0,0
iodata,iBIeUIvhEDHWwRGRXri8-gJqbWeZ,exciting,qpxNMvKmRhqq_F-CfHJw8Q/DVEFF_Q0000_0000_0000_S02_A007_P1.OUT,0,error,FileFormatError,0,0
iodata,iBIeUIvhEDHWwRGRXri8-gJqbWeZ,exciting,qpxNMvKmRhqq_F-CfHJw8Q/DVEFF_Q0000_0000_0000_S02_A007_P2.OUT,0,error,FileFormatError,0,0
iodata,iBIeUIvhEDHWwRGRXri8-gJqbWeZ,exciting,qpxNMvKmRhqq_F-CfHJw8Q/DVEFF_Q0000_0000_0000_S02_A007_P3.OUT,0,error,FileFormatError,0,0
iodata,iBIeUIvhEDHWwRGRXri8-gJqbWeZ,exciting,qpxNMvKmRhqq_F-CfHJw8Q/DVEFF_Q0000_0000_0000_S02_A008_P1.OUT,0,error,FileFormatError,0,0
iodata,iBIeUIvhEDHWwRGRXri8-gJqbWeZ,exciting,qpxNMvKmRhqq_F-CfHJw8Q/DVEFF_Q0000_0000_0000_S02_A008_P2.OUT,0,error,FileFormatError,0,0
iodata,iBIeUIvhEDHWwRGRXri8-gJqbWeZ,exciting,qpxNMvKmRhqq_F-CfHJw8Q/DVEFF_Q0000_0000_0000_S02_A008_P3.OUT,0,error,FileFormatError,0,0
iodata,iBIeUIvhEDHWwRGRXri8-gJqbWeZ,exciting,qpxNMvKmRhqq_F-CfHJw8Q/DVEFF_Q0000_0000_0000_S02_A009_P1.OUT,0,error,FileFormatError,0,0
iodata,iBIeUIvhEDHWwRGRXri8-gJqbWeZ,exciting,qpxNMvKmRhqq_F-CfHJw8Q/DVEFF_Q0000_0000_0000_S02_A009_P2.OUT,0,error,FileFormatError,0,0
iodata,iBIeUIvhEDHWwRGRXri8-gJqbWeZ,exciting,qpxNMvKmRhqq_F-CfHJw8Q/DVEFF_Q0000_0000_0000_S02_A009_P3.OUT,0,error,FileFormatError,0,0
iodata,fr50Zj7V_qCFMt401DJwQW4l11wK,GAMESS,58G9YZi8SMS2QATRSom9MQ/RCWnE6CiPA8v5vyGpJEV5BKIm4XSC/data/tcnedim/tcnedim_rmp2_1_c.out,0,empty,,0,0
iodata,iBIeUIvhEDHWwRGRXri8-gJqbWeZ,exciting,qpxNMvKmRhqq_F-CfHJw8Q/DVEFF_Q0000_0000_0000_S03_A001_P1.OUT,0,error,FileFormatError,0,0
iodata,iBIeUIvhEDHWwRGRXri8-gJqbWeZ,exciting,qpxNMvKmRhqq_F-CfHJw8Q/DVEFF_Q0000_0000_0000_S03_A001_P2.OUT,0,error,FileFormatError,0,0
iodata,iBIeUIvhEDHWwRGRXri8-gJqbWeZ,exciting,qpxNMvKmRhqq_F-CfHJw8Q/DVEFF_Q0000_0000_0000_S03_A002_P1.OUT,0,error,FileFormatError,0,0
iodata,iBIeUIvhEDHWwRGRXri8-gJqbWeZ,exciting,qpxNMvKmRhqq_F-CfHJw8Q/DVEFF_Q0000_0000_0000_S03_A001_P3.OUT,0,error,FileFormatError,0,0
iodata,iBIeUIvhEDHWwRGRXri8-gJqbWeZ,exciting,qpxNMvKmRhqq_F-CfHJw8Q/DVEFF_Q0000_0000_0000_S03_A002_P2.OUT,0,error,FileFormatError,0,0
iodata,iBIeUIvhEDHWwRGRXri8-gJqbWeZ,exciting,qpxNMvKmRhqq_F-CfHJw8Q/DVEFF_Q0000_0000_0000_S03_A003_P1.OUT,0,error,FileFormatError,0,0
iodata,iBIeUIvhEDHWwRGRXri8-gJqbWeZ,exciting,qpxNMvKmRhqq_F-CfHJw8Q/DVEFF_Q0000_0000_0000_S03_A002_P3.OUT,0,error,FileFormatError,0,0
iodata,iBIeUIvhEDHWwRGRXri8-gJqbWeZ,exciting,qpxNMvKmRhqq_F-CfHJw8Q/DVEFF_Q0000_0000_0000_S03_A003_P2.OUT,0,error,FileFormatError,0,0
iodata,iBIeUIvhEDHWwRGRXri8-gJqbWeZ,exciting,qpxNMvKmRhqq_F-CfHJw8Q/DVEFF_Q0000_0000_0000_S03_A004_P1.OUT,0,error,FileFormatError,0,0
iodata,iBIeUIvhEDHWwRGRXri8-gJqbWeZ,exciting,qpxNMvKmRhqq_F-CfHJw8Q/DVEFF_Q0000_0000_0000_S03_A003_P3.OUT,0,error,FileFormatError,0,0
iodata,iBIeUIvhEDHWwRGRXri8-gJqbWeZ,exciting,qpxNMvKmRhqq_F-CfHJw8Q/DVEFF_Q0000_0000_0000_S03_A004_P2.OUT,0,error,FileFormatError,0,0
iodata,iBIeUIvhEDHWwRGRXri8-gJqbWeZ,exciting,qpxNMvKmRhqq_F-CfHJw8Q/DVEFF_Q0000_0000_0000_S03_A005_P1.OUT,0,error,FileFormatError,0,0
iodata,iBIeUIvhEDHWwRGRXri8-gJqbWeZ,exciting,qpxNMvKmRhqq_F-CfHJw8Q/DVEFF_Q0000_0000_0000_S03_A004_P3.OUT,0,error,FileFormatError,0,0
iodata,iBIeUIvhEDHWwRGRXri8-gJqbWeZ,exciting,qpxNMvKmRhqq_F-CfHJw8Q/DVEFF_Q0000_0000_0000_S03_A005_P2.OUT,0,error,FileFormatError,0,0
iodata,iBIeUIvhEDHWwRGRXri8-gJqbWeZ,exciting,qpxNMvKmRhqq_F-CfHJw8Q/DVEFF_Q0000_0000_0000_S04_A001_P1.OUT,0,error,FileFormatError,0,0
iodata,iBIeUIvhEDHWwRGRXri8-gJqbWeZ,exciting,qpxNMvKmRhqq_F-CfHJw8Q/DVEFF_Q0000_0000_0000_S03_A005_P3.OUT,0,error,FileFormatError,0,0
iodata,iBIeUIvhEDHWwRGRXri8-gJqbWeZ,exciting,qpxNMvKmRhqq_F-CfHJw8Q/DVEFF_Q0000_0000_0000_S04_A001_P2.OUT,0,error,FileFormatError,0,0
iodata,iBIeUIvhEDHWwRGRXri8-gJqbWeZ,exciting,qpxNMvKmRhqq_F-CfHJw8Q/DVEFF_Q0000_0000_0000_S04_A002_P1.OUT,0,error,FileFormatError,0,0
iodata,iBIeUIvhEDHWwRGRXri8-gJqbWeZ,exciting,qpxNMvKmRhqq_F-CfHJw8Q/DVEFF_Q0000_0000_0000_S04_A001_P3.OUT,0,error,FileFormatError,0,0
iodata,iBIeUIvhEDHWwRGRXri8-gJqbWeZ,exciting,qpxNMvKmRhqq_F-CfHJw8Q/DVEFF_Q0000_0000_0000_S04_A002_P2.OUT,0,error,FileFormatError,0,0
iodata,iBIeUIvhEDHWwRGRXri8-gJqbWeZ,exciting,qpxNMvKmRhqq_F-CfHJw8Q/DVEFF_Q0000_0000_0000_S04_A003_P1.OUT,0,error,FileFormatError,0,0
iodata,iBIeUIvhEDHWwRGRXri8-gJqbWeZ,exciting,qpxNMvKmRhqq_F-CfHJw8Q/DVEFF_Q0000_0000_0000_S04_A002_P3.OUT,0,error,FileFormatError,0,0
iodata,iBIeUIvhEDHWwRGRXri8-gJqbWeZ,exciting,qpxNMvKmRhqq_F-CfHJw8Q/DVEFF_Q0000_0000_0000_S04_A003_P2.OUT,0,error,FileFormatError,0,0
iodata,iBIeUIvhEDHWwRGRXri8-gJqbWeZ,exciting,qpxNMvKmRhqq_F-CfHJw8Q/DVEFF_Q0000_0000_0000_S04_A004_P1.OUT,0,error,FileFormatError,0,0
iodata,iBIeUIvhEDHWwRGRXri8-gJqbWeZ,exciting,qpxNMvKmRhqq_F-CfHJw8Q/DVEFF_Q0000_0000_0000_S04_A003_P3.OUT,0,error,FileFormatError,0,0
iodata,iBIeUIvhEDHWwRGRXri8-gJqbWeZ,exciting,qpxNMvKmRhqq_F-CfHJw8Q/DVEFF_Q0000_0000_0000_S04_A004_P2.OUT,0,error,FileFormatError,0,0
iodata,iBIeUIvhEDHWwRGRXri8-gJqbWeZ,exciting,qpxNMvKmRhqq_F-CfHJw8Q/DVEFF_Q0000_0000_0000_S04_A005_P1.OUT,0,error,FileFormatError,0,0
iodata,iBIeUIvhEDHWwRGRXri8-gJqbWeZ,exciting,qpxNMvKmRhqq_F-CfHJw8Q/DVEFF_Q0000_0000_0000_S04_A004_P3.OUT,0,error,FileFormatError,0,0
iodata,iBIeUIvhEDHWwRGRXri8-gJqbWeZ,exciting,qpxNMvKmRhqq_F-CfHJw8Q/DVEFF_Q0000_0000_0000_S04_A005_P2.OUT,0,error,FileFormatError,0,0
iodata,iBIeUIvhEDHWwRGRXri8-gJqbWeZ,exciting,qpxNMvKmRhqq_F-CfHJw8Q/DVEFF_Q0000_0000_0000_S05_A001_P1.OUT,0,error,FileFormatError,0,0
iodata,iBIeUIvhEDHWwRGRXri8-gJqbWeZ,exciting,qpxNMvKmRhqq_F-CfHJw8Q/DVEFF_Q0000_0000_0000_S04_A005_P3.OUT,0,error,FileFormatError,0,0
iodata,iBIeUIvhEDHWwRGRXri8-gJqbWeZ,exciting,qpxNMvKmRhqq_F-CfHJw8Q/DVEFF_Q0000_0000_0000_S05_A001_P2.OUT,0,error,FileFormatError,0,0
iodata,iBIeUIvhEDHWwRGRXri8-gJqbWeZ,exciting,qpxNMvKmRhqq_F-CfHJw8Q/DYN_Q0000_0000_0000_S01_A001_P1.OUT,0,error,FileFormatError,0,0
iodata,iBIeUIvhEDHWwRGRXri8-gJqbWeZ,exciting,qpxNMvKmRhqq_F-CfHJw8Q/DVEFF_Q0000_0000_0000_S05_A001_P3.OUT,0,error,FileFormatError,0,0
iodata,iBIeUIvhEDHWwRGRXri8-gJqbWeZ,exciting,qpxNMvKmRhqq_F-CfHJw8Q/DYN_Q0000_0000_0000_S01_A001_P2.OUT,0,error,FileFormatError,0,0
iodata,iBIeUIvhEDHWwRGRXri8-gJqbWeZ,exciting,qpxNMvKmRhqq_F-CfHJw8Q/DYN_Q0000_0000_0000_S01_A002_P1.OUT,0,error,FileFormatError,0,0
iodata,iBIeUIvhEDHWwRGRXri8-gJqbWeZ,exciting,qpxNMvKmRhqq_F-CfHJw8Q/DYN_Q0000_0000_0000_S01_A001_P3.OUT,0,error,FileFormatError,0,0
iodata,iBIeUIvhEDHWwRGRXri8-gJqbWeZ,exciting,qpxNMvKmRhqq_F-CfHJw8Q/DYN_Q0000_0000_0000_S01_A002_P2.OUT,0,error,FileFormatError,0,0
iodata,iBIeUIvhEDHWwRGRXri8-gJqbWeZ,exciting,qpxNMvKmRhqq_F-CfHJw8Q/DYN_Q0000_0000_0000_S01_A003_P1.OUT,0,error,FileFormatError,0,0
iodata,iBIeUIvhEDHWwRGRXri8-gJqbWeZ,exciting,qpxNMvKmRhqq_F-CfHJw8Q/DYN_Q0000_0000_0000_S01_A002_P3.OUT,0,error,FileFormatError,0,0
iodata,iBIeUIvhEDHWwRGRXri8-gJqbWeZ,exciting,qpxNMvKmRhqq_F-CfHJw8Q/DYN_Q0000_0000_0000_S01_A003_P2.OUT,0,error,FileFormatError,0,0
iodata,fr50Zj7V_qCFMt401DJwQW4l11wK,GAMESS,58G9YZi8SMS2QATRSom9MQ/RCWnE6CiPA8v5vyGpJEV5BKIm4XSC/data/tcnedim/tcnedim_romp2_dis_3.out,0,empty,,0,0
iodata,iBIeUIvhEDHWwRGRXri8-gJqbWeZ,exciting,qpxNMvKmRhqq_F-CfHJw8Q/DYN_Q0000_0000_0000_S01_A004_P1.OUT,0,error,FileFormatError,0,0
iodata,iBIeUIvhEDHWwRGRXri8-gJqbWeZ,exciting,qpxNMvKmRhqq_F-CfHJw8Q/DYN_Q0000_0000_0000_S01_A004_P3.OUT,0,error,FileFormatError,0,0
iodata,iBIeUIvhEDHWwRGRXri8-gJqbWeZ,exciting,qpxNMvKmRhqq_F-CfHJw8Q/DYN_Q0000_0000_0000_S01_A004_P2.OUT,0,error,FileFormatError,0,0
iodata,iBIeUIvhEDHWwRGRXri8-gJqbWeZ,exciting,qpxNMvKmRhqq_F-CfHJw8Q/DYN_Q0000_0000_0000_S01_A003_P3.OUT,0,error,FileFormatError,0,0
iodata,iBIeUIvhEDHWwRGRXri8-gJqbWeZ,exciting,qpxNMvKmRhqq_F-CfHJw8Q/DYN_Q0000_0000_0000_S01_A005_P1.OUT,0,error,FileFormatError,0,0
iodata,iBIeUIvhEDHWwRGRXri8-gJqbWeZ,exciting,qpxNMvKmRhqq_F-CfHJw8Q/DYN_Q0000_0000_0000_S01_A005_P3.OUT,0,error,FileFormatError,0,0
iodata,iBIeUIvhEDHWwRGRXri8-gJqbWeZ,exciting,qpxNMvKmRhqq_F-CfHJw8Q/DYN_Q0000_0000_0000_S01_A005_P2.OUT,0,error,FileFormatError,0,0
iodata,iBIeUIvhEDHWwRGRXri8-gJqbWeZ,exciting,qpxNMvKmRhqq_F-CfHJw8Q/DYN_Q0000_0000_0000_S01_A006_P2.OUT,0,error,FileFormatError,0,0
iodata,fr50Zj7V_qCFMt401DJwQW4l11wK,GAMESS,58G9YZi8SMS2QATRSom9MQ/RCWnE6CiPA8v5vyGpJEV5BKIm4XSC/data/tcnedim/tcnedim_romp2_3_c.out,0,empty,,0,0
iodata,iBIeUIvhEDHWwRGRXri8-gJqbWeZ,exciting,qpxNMvKmRhqq_F-CfHJw8Q/DYN_Q0000_0000_0000_S01_A007_P1.OUT,0,error,FileFormatError,0,0
iodata,iBIeUIvhEDHWwRGRXri8-gJqbWeZ,exciting,qpxNMvKmRhqq_F-CfHJw8Q/DYN_Q0000_0000_0000_S01_A007_P3.OUT,0,error,FileFormatError,0,0
iodata,iBIeUIvhEDHWwRGRXri8-gJqbWeZ,exciting,qpxNMvKmRhqq_F-CfHJw8Q/DYN_Q0000_0000_0000_S01_A007_P2.OUT,0,error,FileFormatError,0,0
iodata,iBIeUIvhEDHWwRGRXri8-gJqbWeZ,exciting,qpxNMvKmRhqq_F-CfHJw8Q/DYN_Q0000_0000_0000_S01_A006_P3.OUT,0,error,FileFormatError,0,0
iodata,iBIeUIvhEDHWwRGRXri8-gJqbWeZ,exciting,qpxNMvKmRhqq_F-CfHJw8Q/DYN_Q0000_0000_0000_S01_A008_P1.OUT,0,error,FileFormatError,0,0
iodata,iBIeUIvhEDHWwRGRXri8-gJqbWeZ,exciting,qpxNMvKmRhqq_F-CfHJw8Q/DYN_Q0000_0000_0000_S01_A008_P3.OUT,0,error,FileFormatError,0,0
iodata,iBIeUIvhEDHWwRGRXri8-gJqbWeZ,exciting,qpxNMvKmRhqq_F-CfHJw8Q/DYN_Q0000_0000_0000_S01_A009_P1.OUT,0,error,FileFormatError,0,0
iodata,iBIeUIvhEDHWwRGRXri8-gJqbWeZ,exciting,qpxNMvKmRhqq_F-CfHJw8Q/DYN_Q0000_0000_0000_S01_A006_P1.OUT,0,error,FileFormatError,0,0
iodata,iBIeUIvhEDHWwRGRXri8-gJqbWeZ,exciting,qpxNMvKmRhqq_F-CfHJw8Q/DYN_Q0000_0000_0000_S01_A008_P2.OUT,0,error,FileFormatError,0,0
iodata,iBIeUIvhEDHWwRGRXri8-gJqbWeZ,exciting,qpxNMvKmRhqq_F-CfHJw8Q/DYN_Q0000_0000_0000_S01_A009_P3.OUT,0,error,FileFormatError,0,0
iodata,iBIeUIvhEDHWwRGRXri8-gJqbWeZ,exciting,qpxNMvKmRhqq_F-CfHJw8Q/DYN_Q0000_0000_0000_S01_A010_P2.OUT,0,error,FileFormatError,0,0
iodata,iBIeUIvhEDHWwRGRXri8-gJqbWeZ,exciting,qpxNMvKmRhqq_F-CfHJw8Q/DYN_Q0000_0000_0000_S01_A010_P3.OUT,0,error,FileFormatError,0,0
iodata,iBIeUIvhEDHWwRGRXri8-gJqbWeZ,exciting,qpxNMvKmRhqq_F-CfHJw8Q/DYN_Q0000_0000_0000_S01_A011_P1.OUT,0,error,FileFormatError,0,0
iodata,iBIeUIvhEDHWwRGRXri8-gJqbWeZ,exciting,qpxNMvKmRhqq_F-CfHJw8Q/DYN_Q0000_0000_0000_S01_A011_P2.OUT,0,error,FileFormatError,0,0
iodata,iBIeUIvhEDHWwRGRXri8-gJqbWeZ,exciting,qpxNMvKmRhqq_F-CfHJw8Q/DYN_Q0000_0000_0000_S01_A011_P3.OUT,0,error,FileFormatError,0,0
iodata,iBIeUIvhEDHWwRGRXri8-gJqbWeZ,exciting,qpxNMvKmRhqq_F-CfHJw8Q/DYN_Q0000_0000_0000_S01_A012_P1.OUT,0,error,FileFormatError,0,0
iodata,iBIeUIvhEDHWwRGRXri8-gJqbWeZ,exciting,qpxNMvKmRhqq_F-CfHJw8Q/DYN_Q0000_0000_0000_S01_A012_P2.OUT,0,error,FileFormatError,0,0
iodata,iBIeUIvhEDHWwRGRXri8-gJqbWeZ,exciting,qpxNMvKmRhqq_F-CfHJw8Q/DYN_Q0000_0000_0000_S01_A012_P3.OUT,0,error,FileFormatError,0,0
iodata,iBIeUIvhEDHWwRGRXri8-gJqbWeZ,exciting,qpxNMvKmRhqq_F-CfHJw8Q/DYN_Q0000_0000_0000_S01_A013_P1.OUT,0,error,FileFormatError,0,0
iodata,iBIeUIvhEDHWwRGRXri8-gJqbWeZ,exciting,qpxNMvKmRhqq_F-CfHJw8Q/DYN_Q0000_0000_0000_S01_A013_P2.OUT,0,error,FileFormatError,0,0
iodata,iBIeUIvhEDHWwRGRXri8-gJqbWeZ,exciting,qpxNMvKmRhqq_F-CfHJw8Q/DYN_Q0000_0000_0000_S01_A010_P1.OUT,0,error,FileFormatError,0,0
iodata,iBIeUIvhEDHWwRGRXri8-gJqbWeZ,exciting,qpxNMvKmRhqq_F-CfHJw8Q/DYN_Q0000_0000_0000_S01_A013_P3.OUT,0,error,FileFormatError,0,0
iodata,iBIeUIvhEDHWwRGRXri8-gJqbWeZ,exciting,qpxNMvKmRhqq_F-CfHJw8Q/DYN_Q0000_0000_0000_S01_A014_P1.OUT,0,error,FileFormatError,0,0
iodata,iBIeUIvhEDHWwRGRXri8-gJqbWeZ,exciting,qpxNMvKmRhqq_F-CfHJw8Q/DYN_Q0000_0000_0000_S01_A014_P2.OUT,0,error,FileFormatError,0,0
iodata,iBIeUIvhEDHWwRGRXri8-gJqbWeZ,exciting,qpxNMvKmRhqq_F-CfHJw8Q/DYN_Q0000_0000_0000_S01_A014_P3.OUT,0,error,FileFormatError,0,0
iodata,iBIeUIvhEDHWwRGRXri8-gJqbWeZ,exciting,qpxNMvKmRhqq_F-CfHJw8Q/DYN_Q0000_0000_0000_S01_A015_P1.OUT,0,error,FileFormatError,0,0
iodata,iBIeUIvhEDHWwRGRXri8-gJqbWeZ,exciting,qpxNMvKmRhqq_F-CfHJw8Q/DYN_Q0000_0000_0000_S01_A015_P3.OUT,0,error,FileFormatError,0,0
iodata,iBIeUIvhEDHWwRGRXri8-gJqbWeZ,exciting,qpxNMvKmRhqq_F-CfHJw8Q/DYN_Q0000_0000_0000_S01_A016_P1.OUT,0,error,FileFormatError,0,0
iodata,iBIeUIvhEDHWwRGRXri8-gJqbWeZ,exciting,qpxNMvKmRhqq_F-CfHJw8Q/DYN_Q0000_0000_0000_S01_A016_P2.OUT,0,error,FileFormatError,0,0
iodata,iBIeUIvhEDHWwRGRXri8-gJqbWeZ,exciting,qpxNMvKmRhqq_F-CfHJw8Q/DYN_Q0000_0000_0000_S01_A016_P3.OUT,0,error,FileFormatError,0,0
iodata,iBIeUIvhEDHWwRGRXri8-gJqbWeZ,exciting,qpxNMvKmRhqq_F-CfHJw8Q/DYN_Q0000_0000_0000_S01_A017_P1.OUT,0,error,FileFormatError,0,0
iodata,iBIeUIvhEDHWwRGRXri8-gJqbWeZ,exciting,qpxNMvKmRhqq_F-CfHJw8Q/DYN_Q0000_0000_0000_S01_A017_P2.OUT,0,error,FileFormatError,0,0
iodata,iBIeUIvhEDHWwRGRXri8-gJqbWeZ,exciting,qpxNMvKmRhqq_F-CfHJw8Q/DYN_Q0000_0000_0000_S01_A017_P3.OUT,0,error,FileFormatError,0,0
iodata,iBIeUIvhEDHWwRGRXri8-gJqbWeZ,exciting,qpxNMvKmRhqq_F-CfHJw8Q/DYN_Q0000_0000_0000_S01_A009_P2.OUT,0,error,FileFormatError,0,0
iodata,iBIeUIvhEDHWwRGRXri8-gJqbWeZ,exciting,qpxNMvKmRhqq_F-CfHJw8Q/DYN_Q0000_0000_0000_S01_A018_P2.OUT,0,error,FileFormatError,0,0
iodata,iBIeUIvhEDHWwRGRXri8-gJqbWeZ,exciting,qpxNMvKmRhqq_F-CfHJw8Q/DYN_Q0000_0000_0000_S01_A015_P2.OUT,0,error,FileFormatError,0,0
iodata,iBIeUIvhEDHWwRGRXri8-gJqbWeZ,exciting,qpxNMvKmRhqq_F-CfHJw8Q/DYN_Q0000_0000_0000_S02_A001_P1.OUT,0,error,FileFormatError,0,0
iodata,iBIeUIvhEDHWwRGRXri8-gJqbWeZ,exciting,qpxNMvKmRhqq_F-CfHJw8Q/DYN_Q0000_0000_0000_S01_A018_P3.OUT,0,error,FileFormatError,0,0
iodata,iBIeUIvhEDHWwRGRXri8-gJqbWeZ,exciting,qpxNMvKmRhqq_F-CfHJw8Q/DYN_Q0000_0000_0000_S01_A018_P1.OUT,0,error,FileFormatError,0,0
iodata,iBIeUIvhEDHWwRGRXri8-gJqbWeZ,exciting,qpxNMvKmRhqq_F-CfHJw8Q/DYN_Q0000_0000_0000_S02_A001_P3.OUT,0,error,FileFormatError,0,0
iodata,iBIeUIvhEDHWwRGRXri8-gJqbWeZ,exciting,qpxNMvKmRhqq_F-CfHJw8Q/DYN_Q0000_0000_0000_S02_A002_P2.OUT,0,error,FileFormatError,0,0
iodata,iBIeUIvhEDHWwRGRXri8-gJqbWeZ,exciting,qpxNMvKmRhqq_F-CfHJw8Q/DYN_Q0000_0000_0000_S02_A002_P3.OUT,0,error,FileFormatError,0,0
iodata,iBIeUIvhEDHWwRGRXri8-gJqbWeZ,exciting,qpxNMvKmRhqq_F-CfHJw8Q/DYN_Q0000_0000_0000_S02_A001_P2.OUT,0,error,FileFormatError,0,0
iodata,iBIeUIvhEDHWwRGRXri8-gJqbWeZ,exciting,qpxNMvKmRhqq_F-CfHJw8Q/DYN_Q0000_0000_0000_S02_A002_P1.OUT,0,error,FileFormatError,0,0
iodata,iBIeUIvhEDHWwRGRXri8-gJqbWeZ,exciting,qpxNMvKmRhqq_F-CfHJw8Q/DYN_Q0000_0000_0000_S02_A003_P2.OUT,0,error,FileFormatError,0,0
iodata,iBIeUIvhEDHWwRGRXri8-gJqbWeZ,exciting,qpxNMvKmRhqq_F-CfHJw8Q/DYN_Q0000_0000_0000_S02_A004_P1.OUT,0,error,FileFormatError,0,0
iodata,iBIeUIvhEDHWwRGRXri8-gJqbWeZ,exciting,qpxNMvKmRhqq_F-CfHJw8Q/DYN_Q0000_0000_0000_S02_A003_P1.OUT,0,error,FileFormatError,0,0
iodata,iBIeUIvhEDHWwRGRXri8-gJqbWeZ,exciting,qpxNMvKmRhqq_F-CfHJw8Q/DYN_Q0000_0000_0000_S02_A004_P2.OUT,0,error,FileFormatError,0,0
iodata,iBIeUIvhEDHWwRGRXri8-gJqbWeZ,exciting,qpxNMvKmRhqq_F-CfHJw8Q/DYN_Q0000_0000_0000_S02_A003_P3.OUT,0,error,FileFormatError,0,0
iodata,iBIeUIvhEDHWwRGRXri8-gJqbWeZ,exciting,qpxNMvKmRhqq_F-CfHJw8Q/DYN_Q0000_0000_0000_S02_A005_P1.OUT,0,error,FileFormatError,0,0
iodata,iBIeUIvhEDHWwRGRXri8-gJqbWeZ,exciting,qpxNMvKmRhqq_F-CfHJw8Q/DYN_Q0000_0000_0000_S02_A005_P2.OUT,0,error,FileFormatError,0,0
iodata,iBIeUIvhEDHWwRGRXri8-gJqbWeZ,exciting,qpxNMvKmRhqq_F-CfHJw8Q/DYN_Q0000_0000_0000_S02_A006_P1.OUT,0,error,FileFormatError,0,0
iodata,iBIeUIvhEDHWwRGRXri8-gJqbWeZ,exciting,qpxNMvKmRhqq_F-CfHJw8Q/DYN_Q0000_0000_0000_S02_A006_P2.OUT,0,error,FileFormatError,0,0
iodata,iBIeUIvhEDHWwRGRXri8-gJqbWeZ,exciting,qpxNMvKmRhqq_F-CfHJw8Q/DYN_Q0000_0000_0000_S02_A004_P3.OUT,0,error,FileFormatError,0,0
iodata,iBIeUIvhEDHWwRGRXri8-gJqbWeZ,exciting,qpxNMvKmRhqq_F-CfHJw8Q/DYN_Q0000_0000_0000_S02_A005_P3.OUT,0,error,FileFormatError,0,0
iodata,iBIeUIvhEDHWwRGRXri8-gJqbWeZ,exciting,qpxNMvKmRhqq_F-CfHJw8Q/DYN_Q0000_0000_0000_S02_A007_P1.OUT,0,error,FileFormatError,0,0
iodata,iBIeUIvhEDHWwRGRXri8-gJqbWeZ,exciting,qpxNMvKmRhqq_F-CfHJw8Q/DYN_Q0000_0000_0000_S02_A007_P2.OUT,0,error,FileFormatError,0,0
iodata,iBIeUIvhEDHWwRGRXri8-gJqbWeZ,exciting,qpxNMvKmRhqq_F-CfHJw8Q/DYN_Q0000_0000_0000_S02_A008_P1.OUT,0,error,FileFormatError,0,0
iodata,iBIeUIvhEDHWwRGRXri8-gJqbWeZ,exciting,qpxNMvKmRhqq_F-CfHJw8Q/DYN_Q0000_0000_0000_S02_A008_P2.OUT,0,error,FileFormatError,0,0
iodata,iBIeUIvhEDHWwRGRXri8-gJqbWeZ,exciting,qpxNMvKmRhqq_F-CfHJw8Q/DYN_Q0000_0000_0000_S02_A006_P3.OUT,0,error,FileFormatError,0,0
iodata,iBIeUIvhEDHWwRGRXri8-gJqbWeZ,exciting,qpxNMvKmRhqq_F-CfHJw8Q/DYN_Q0000_0000_0000_S02_A008_P3.OUT,0,error,FileFormatError,0,0
iodata,iBIeUIvhEDHWwRGRXri8-gJqbWeZ,exciting,qpxNMvKmRhqq_F-CfHJw8Q/DYN_Q0000_0000_0000_S02_A007_P3.OUT,0,error,FileFormatError,0,0
iodata,iBIeUIvhEDHWwRGRXri8-gJqbWeZ,exciting,qpxNMvKmRhqq_F-CfHJw8Q/DYN_Q0000_0000_0000_S02_A009_P2.OUT,0,error,FileFormatError,0,0
iodata,iBIeUIvhEDHWwRGRXri8-gJqbWeZ,exciting,qpxNMvKmRhqq_F-CfHJw8Q/DYN_Q0000_0000_0000_S02_A009_P3.OUT,0,error,FileFormatError,0,0
iodata,iBIeUIvhEDHWwRGRXri8-gJqbWeZ,exciting,qpxNMvKmRhqq_F-CfHJw8Q/DYN_Q0000_0000_0000_S03_A001_P1.OUT,0,error,FileFormatError,0,0
iodata,iBIeUIvhEDHWwRGRXri8-gJqbWeZ,exciting,qpxNMvKmRhqq_F-CfHJw8Q/DYN_Q0000_0000_0000_S03_A001_P2.OUT,0,error,FileFormatError,0,0
iodata,iBIeUIvhEDHWwRGRXri8-gJqbWeZ,exciting,qpxNMvKmRhqq_F-CfHJw8Q/DYN_Q0000_0000_0000_S03_A002_P1.OUT,0,error,FileFormatError,0,0
iodata,iBIeUIvhEDHWwRGRXri8-gJqbWeZ,exciting,qpxNMvKmRhqq_F-CfHJw8Q/DYN_Q0000_0000_0000_S03_A001_P3.OUT,0,error,FileFormatError,0,0
iodata,iBIeUIvhEDHWwRGRXri8-gJqbWeZ,exciting,qpxNMvKmRhqq_F-CfHJw8Q/DYN_Q0000_0000_0000_S03_A002_P2.OUT,0,error,FileFormatError,0,0
iodata,iBIeUIvhEDHWwRGRXri8-gJqbWeZ,exciting,qpxNMvKmRhqq_F-CfHJw8Q/DYN_Q0000_0000_0000_S03_A002_P3.OUT,0,error,FileFormatError,0,0
iodata,iBIeUIvhEDHWwRGRXri8-gJqbWeZ,exciting,qpxNMvKmRhqq_F-CfHJw8Q/DYN_Q0000_0000_0000_S03_A003_P1.OUT,0,error,FileFormatError,0,0
iodata,iBIeUIvhEDHWwRGRXri8-gJqbWeZ,exciting,qpxNMvKmRhqq_F-CfHJw8Q/DYN_Q0000_0000_0000_S03_A003_P2.OUT,0,error,FileFormatError,0,0
iodata,iBIeUIvhEDHWwRGRXri8-gJqbWeZ,exciting,qpxNMvKmRhqq_F-CfHJw8Q/DYN_Q0000_0000_0000_S03_A003_P3.OUT,0,error,FileFormatError,0,0
iodata,iBIeUIvhEDHWwRGRXri8-gJqbWeZ,exciting,qpxNMvKmRhqq_F-CfHJw8Q/DYN_Q0000_0000_0000_S03_A004_P1.OUT,0,error,FileFormatError,0,0
iodata,iBIeUIvhEDHWwRGRXri8-gJqbWeZ,exciting,qpxNMvKmRhqq_F-CfHJw8Q/DYN_Q0000_0000_0000_S03_A004_P2.OUT,0,error,FileFormatError,0,0
iodata,iBIeUIvhEDHWwRGRXri8-gJqbWeZ,exciting,qpxNMvKmRhqq_F-CfHJw8Q/DYN_Q0000_0000_0000_S03_A005_P1.OUT,0,error,FileFormatError,0,0
iodata,iBIeUIvhEDHWwRGRXri8-gJqbWeZ,exciting,qpxNMvKmRhqq_F-CfHJw8Q/DYN_Q0000_0000_0000_S03_A004_P3.OUT,0,error,FileFormatError,0,0
iodata,fr50Zj7V_qCFMt401DJwQW4l11wK,GAMESS,58G9YZi8SMS2QATRSom9MQ/RCWnE6CiPA8v5vyGpJEV5BKIm4XSC/data/tcnedim/tcnedim_romp2_3_b.out,0,empty,,0,0
iodata,iBIeUIvhEDHWwRGRXri8-gJqbWeZ,exciting,qpxNMvKmRhqq_F-CfHJw8Q/DYN_Q0000_0000_0000_S03_A005_P2.OUT,0,error,FileFormatError,0,0
iodata,iBIeUIvhEDHWwRGRXri8-gJqbWeZ,exciting,qpxNMvKmRhqq_F-CfHJw8Q/DYN_Q0000_0000_0000_S04_A001_P1.OUT,0,error,FileFormatError,0,0
iodata,iBIeUIvhEDHWwRGRXri8-gJqbWeZ,exciting,qpxNMvKmRhqq_F-CfHJw8Q/DYN_Q0000_0000_0000_S03_A005_P3.OUT,0,error,FileFormatError,0,0
iodata,iBIeUIvhEDHWwRGRXri8-gJqbWeZ,exciting,qpxNMvKmRhqq_F-CfHJw8Q/DYN_Q0000_0000_0000_S04_A001_P3.OUT,0,error,FileFormatError,0,0
iodata,iBIeUIvhEDHWwRGRXri8-gJqbWeZ,exciting,qpxNMvKmRhqq_F-CfHJw8Q/DYN_Q0000_0000_0000_S04_A001_P2.OUT,0,error,FileFormatError,0,0
iodata,iBIeUIvhEDHWwRGRXri8-gJqbWeZ,exciting,qpxNMvKmRhqq_F-CfHJw8Q/DYN_Q0000_0000_0000_S04_A002_P1.OUT,0,error,FileFormatError,0,0
iodata,iBIeUIvhEDHWwRGRXri8-gJqbWeZ,exciting,qpxNMvKmRhqq_F-CfHJw8Q/DYN_Q0000_0000_0000_S04_A002_P2.OUT,0,error,FileFormatError,0,0
iodata,iBIeUIvhEDHWwRGRXri8-gJqbWeZ,exciting,qpxNMvKmRhqq_F-CfHJw8Q/DYN_Q0000_0000_0000_S04_A002_P3.OUT,0,error,FileFormatError,0,0
iodata,iBIeUIvhEDHWwRGRXri8-gJqbWeZ,exciting,qpxNMvKmRhqq_F-CfHJw8Q/DYN_Q0000_0000_0000_S04_A003_P1.OUT,0,error,FileFormatError,0,0
iodata,iBIeUIvhEDHWwRGRXri8-gJqbWeZ,exciting,qpxNMvKmRhqq_F-CfHJw8Q/DYN_Q0000_0000_0000_S04_A003_P2.OUT,0,error,FileFormatError,0,0
iodata,iBIeUIvhEDHWwRGRXri8-gJqbWeZ,exciting,qpxNMvKmRhqq_F-CfHJw8Q/DYN_Q0000_0000_0000_S04_A003_P3.OUT,0,error,FileFormatError,0,0
iodata,iBIeUIvhEDHWwRGRXri8-gJqbWeZ,exciting,qpxNMvKmRhqq_F-CfHJw8Q/DYN_Q0000_0000_0000_S02_A009_P1.OUT,0,error,FileFormatError,0,0
iodata,iBIeUIvhEDHWwRGRXri8-gJqbWeZ,exciting,qpxNMvKmRhqq_F-CfHJw8Q/DYN_Q0000_0000_0000_S04_A004_P1.OUT,0,error,FileFormatError,0,0
iodata,iBIeUIvhEDHWwRGRXri8-gJqbWeZ,exciting,qpxNMvKmRhqq_F-CfHJw8Q/DYN_Q0000_0000_0000_S04_A004_P2.OUT,0,error,FileFormatError,0,0
iodata,iBIeUIvhEDHWwRGRXri8-gJqbWeZ,exciting,qpxNMvKmRhqq_F-CfHJw8Q/DYN_Q0000_0000_0000_S04_A004_P3.OUT,0,error,FileFormatError,0,0
iodata,iBIeUIvhEDHWwRGRXri8-gJqbWeZ,exciting,qpxNMvKmRhqq_F-CfHJw8Q/DYN_Q0000_0000_0000_S04_A005_P1.OUT,0,error,FileFormatError,0,0
iodata,iBIeUIvhEDHWwRGRXri8-gJqbWeZ,exciting,qpxNMvKmRhqq_F-CfHJw8Q/DYN_Q0000_0000_0000_S04_A005_P3.OUT,0,error,FileFormatError,0,0
iodata,iBIeUIvhEDHWwRGRXri8-gJqbWeZ,exciting,qpxNMvKmRhqq_F-CfHJw8Q/DYN_Q0000_0000_0000_S05_A001_P1.OUT,0,error,FileFormatError,0,0
iodata,iBIeUIvhEDHWwRGRXri8-gJqbWeZ,exciting,qpxNMvKmRhqq_F-CfHJw8Q/DYN_Q0000_0000_0000_S05_A001_P2.OUT,0,error,FileFormatError,0,0
iodata,iBIeUIvhEDHWwRGRXri8-gJqbWeZ,exciting,qpxNMvKmRhqq_F-CfHJw8Q/DYN_Q0000_0000_0000_S05_A001_P3.OUT,0,error,FileFormatError,0,0
iodata,iBIeUIvhEDHWwRGRXri8-gJqbWeZ,exciting,qpxNMvKmRhqq_F-CfHJw8Q/EVALQP.OUT,0,error,FileFormatError,0,0
iodata,iBIeUIvhEDHWwRGRXri8-gJqbWeZ,exciting,qpxNMvKmRhqq_F-CfHJw8Q/EVECFV.OUT,0,error,FileFormatError,0,0
iodata,iBIeUIvhEDHWwRGRXri8-gJqbWeZ,exciting,qpxNMvKmRhqq_F-CfHJw8Q/EVECFV_GW.OUT,0,error,FileFormatError,0,0
iodata,iBIeUIvhEDHWwRGRXri8-gJqbWeZ,exciting,qpxNMvKmRhqq_F-CfHJw8Q/EVECSV.OUT,0,error,FileFormatError,0,0
iodata,iBIeUIvhEDHWwRGRXri8-gJqbWeZ,exciting,qpxNMvKmRhqq_F-CfHJw8Q/INFO.OUT,1,error,FileFormatError,0,0
iodata,iBIeUIvhEDHWwRGRXri8-gJqbWeZ,exciting,qpxNMvKmRhqq_F-CfHJw8Q/H.xml,0,error,FileFormatError,0,0
iodata,iBIeUIvhEDHWwRGRXri8-gJqbWeZ,exciting,qpxNMvKmRhqq_F-CfHJw8Q/Mo.xml,0,error,FileFormatError,0,0
iodata,iBIeUIvhEDHWwRGRXri8-gJqbWeZ,exciting,qpxNMvKmRhqq_F-CfHJw8Q/DYN_Q0000_0000_0000_S04_A005_P2.OUT,0,error,FileFormatError,0,0
iodata,iBIeUIvhEDHWwRGRXri8-gJqbWeZ,exciting,qpxNMvKmRhqq_F-CfHJw8Q/S.xml,0,error,FileFormatError,0,0
iodata,iBIeUIvhEDHWwRGRXri8-gJqbWeZ,exciting,qpxNMvKmRhqq_F-CfHJw8Q/WANNIER_EMAT.OUT,0,error,FileFormatError,0,0
iodata,iBIeUIvhEDHWwRGRXri8-gJqbWeZ,exciting,qpxNMvKmRhqq_F-CfHJw8Q/WANNIER_INFO.OUT,0,error,FileFormatError,0,0
iodata,iBIeUIvhEDHWwRGRXri8-gJqbWeZ,exciting,qpxNMvKmRhqq_F-CfHJw8Q/WANNIER_TRANSFORM.OUT,0,error,FileFormatError,0,0
iodata,iBIeUIvhEDHWwRGRXri8-gJqbWeZ,exciting,qpxNMvKmRhqq_F-CfHJw8Q/STATE.OUT,0,error,FileFormatError,0,0
iodata,ir_SAeHwKF2cMHE7J56uwBScN3PL,GAMESS,58G9YZi8SMS2QATRSom9MQ/RCWnE6CiPA8v5vyGpJEV5BKIm4XSC/data/tcnedim/tcnedim_b3_1_a.inp,0,error,FileFormatError,0,0
iodata,ir_SAeHwKF2cMHE7J56uwBScN3PL,GAMESS,58G9YZi8SMS2QATRSom9MQ/RCWnE6CiPA8v5vyGpJEV5BKIm4XSC/data/tcnedim/tcnedim_b3_1_b.inp,0,error,FileFormatError,0,0
iodata,iBIeUIvhEDHWwRGRXri8-gJqbWeZ,exciting,qpxNMvKmRhqq_F-CfHJw8Q/input.xml,0,error,FileFormatError,0,0
iodata,iBIeUIvhEDHWwRGRXri8-gJqbWeZ,exciting,qpxNMvKmRhqq_F-CfHJw8Q/N.xml,0,error,FileFormatError,0,0
iodata,ir_SAeHwKF2cMHE7J56uwBScN3PL,GAMESS,58G9YZi8SMS2QATRSom9MQ/RCWnE6CiPA8v5vyGpJEV5BKIm4XSC/data/tcnedim/tcnedim_b3_1bs_a.inp,0,error,FileFormatError,0,0
iodata,ir_SAeHwKF2cMHE7J56uwBScN3PL,GAMESS,58G9YZi8SMS2QATRSom9MQ/RCWnE6CiPA8v5vyGpJEV5BKIm4XSC/data/tcnedim/tcnedim_b3_1_c.inp,0,error,FileFormatError,0,0
iodata,ir_SAeHwKF2cMHE7J56uwBScN3PL,GAMESS,58G9YZi8SMS2QATRSom9MQ/RCWnE6CiPA8v5vyGpJEV5BKIm4XSC/data/tcnedim/tcnedim_b3_1bs_b.inp,0,error,FileFormatError,0,0
iodata,ir_SAeHwKF2cMHE7J56uwBScN3PL,GAMESS,58G9YZi8SMS2QATRSom9MQ/RCWnE6CiPA8v5vyGpJEV5BKIm4XSC/data/tcnedim/tcnedim_b3_1_c.out,0,empty,,0,0
iodata,ir_SAeHwKF2cMHE7J56uwBScN3PL,GAMESS,58G9YZi8SMS2QATRSom9MQ/RCWnE6CiPA8v5vyGpJEV5BKIm4XSC/data/tcnedim/tcnedim_b3_1_a.out,0,empty,,0,0
iodata,ir_SAeHwKF2cMHE7J56uwBScN3PL,GAMESS,58G9YZi8SMS2QATRSom9MQ/RCWnE6CiPA8v5vyGpJEV5BKIm4XSC/data/tcnedim/tcnedim_b3_1bs_c.inp,0,error,FileFormatError,0,0
iodata,ir_SAeHwKF2cMHE7J56uwBScN3PL,GAMESS,58G9YZi8SMS2QATRSom9MQ/RCWnE6CiPA8v5vyGpJEV5BKIm4XSC/data/tcnedim/tcnedim_b3_3_a.inp,0,error,FileFormatError,0,0
iodata,ir_SAeHwKF2cMHE7J56uwBScN3PL,GAMESS,58G9YZi8SMS2QATRSom9MQ/RCWnE6CiPA8v5vyGpJEV5BKIm4XSC/data/tcnedim/tcnedim_b3_1_b.out,0,empty,,0,0
iodata,ir_SAeHwKF2cMHE7J56uwBScN3PL,GAMESS,58G9YZi8SMS2QATRSom9MQ/RCWnE6CiPA8v5vyGpJEV5BKIm4XSC/data/tcnedim/tcnedim_b3_3_b.inp,0,error,FileFormatError,0,0
iodata,ir_SAeHwKF2cMHE7J56uwBScN3PL,GAMESS,58G9YZi8SMS2QATRSom9MQ/RCWnE6CiPA8v5vyGpJEV5BKIm4XSC/data/tcnedim/tcnedim_b3_1bs_a.out,0,empty,,0,0
iodata,ir_SAeHwKF2cMHE7J56uwBScN3PL,GAMESS,58G9YZi8SMS2QATRSom9MQ/RCWnE6CiPA8v5vyGpJEV5BKIm4XSC/data/tcnedim/tcnedim_b3_3_c.inp,0,error,FileFormatError,0,0
iodata,ir_SAeHwKF2cMHE7J56uwBScN3PL,GAMESS,58G9YZi8SMS2QATRSom9MQ/RCWnE6CiPA8v5vyGpJEV5BKIm4XSC/data/tcnedim/tcnedim_b3_1bs_b.out,0,empty,,0,0
iodata,ir_SAeHwKF2cMHE7J56uwBScN3PL,GAMESS,58G9YZi8SMS2QATRSom9MQ/RCWnE6CiPA8v5vyGpJEV5BKIm4XSC/data/tcnedim/tcnedim_b3_dis_3.inp,0,error,FileFormatError,0,0
iodata,ir_SAeHwKF2cMHE7J56uwBScN3PL,GAMESS,58G9YZi8SMS2QATRSom9MQ/RCWnE6CiPA8v5vyGpJEV5BKIm4XSC/data/tcnedim/tcnedim_b3_1bs_c.out,0,empty,,0,0
iodata,ir_SAeHwKF2cMHE7J56uwBScN3PL,GAMESS,58G9YZi8SMS2QATRSom9MQ/RCWnE6CiPA8v5vyGpJEV5BKIm4XSC/data/tcnedim/tcnedim_cas22mp2_1_a.inp,0,error,FileFormatError,0,0
iodata,ir_SAeHwKF2cMHE7J56uwBScN3PL,GAMESS,58G9YZi8SMS2QATRSom9MQ/RCWnE6CiPA8v5vyGpJEV5BKIm4XSC/data/tcnedim/tcnedim_b3_3_a.out,0,empty,,0,0
iodata,ir_SAeHwKF2cMHE7J56uwBScN3PL,GAMESS,58G9YZi8SMS2QATRSom9MQ/RCWnE6CiPA8v5vyGpJEV5BKIm4XSC/data/tcnedim/tcnedim_cas22mp2_1_b.inp,0,error,FileFormatError,0,0
iodata,ir_SAeHwKF2cMHE7J56uwBScN3PL,GAMESS,58G9YZi8SMS2QATRSom9MQ/RCWnE6CiPA8v5vyGpJEV5BKIm4XSC/data/tcnedim/tcnedim_cas22mp2_1_b.out,0,empty,,0,0
iodata,ir_SAeHwKF2cMHE7J56uwBScN3PL,GAMESS,58G9YZi8SMS2QATRSom9MQ/RCWnE6CiPA8v5vyGpJEV5BKIm4XSC/data/tcnedim/tcnedim_cas22mp2_1_c.inp,0,error,FileFormatError,0,0
iodata,ir_SAeHwKF2cMHE7J56uwBScN3PL,GAMESS,58G9YZi8SMS2QATRSom9MQ/RCWnE6CiPA8v5vyGpJEV5BKIm4XSC/data/tcnedim/tcnedim_cas22mp2_1_a.out,0,empty,,0,0
iodata,ir_SAeHwKF2cMHE7J56uwBScN3PL,GAMESS,58G9YZi8SMS2QATRSom9MQ/RCWnE6CiPA8v5vyGpJEV5BKIm4XSC/data/tcnedim/tcnedim_cas22mp2_dis_1.inp,0,error,FileFormatError,0,0
iodata,ir_SAeHwKF2cMHE7J56uwBScN3PL,GAMESS,58G9YZi8SMS2QATRSom9MQ/RCWnE6CiPA8v5vyGpJEV5BKIm4XSC/data/tcnedim/tcnedim_b3_3_c.out,0,empty,,0,0
iodata,ir_SAeHwKF2cMHE7J56uwBScN3PL,GAMESS,58G9YZi8SMS2QATRSom9MQ/RCWnE6CiPA8v5vyGpJEV5BKIm4XSC/data/tcnedim/tcnedim_rmp2_1_a.inp,0,error,FileFormatError,0,0
iodata,ir_SAeHwKF2cMHE7J56uwBScN3PL,GAMESS,58G9YZi8SMS2QATRSom9MQ/RCWnE6CiPA8v5vyGpJEV5BKIm4XSC/data/tcnedim/tcnedim_cas22mp2_1_c.out,0,empty,,0,0
iodata,ir_SAeHwKF2cMHE7J56uwBScN3PL,GAMESS,58G9YZi8SMS2QATRSom9MQ/RCWnE6CiPA8v5vyGpJEV5BKIm4XSC/data/tcnedim/tcnedim_rmp2_1_b.inp,0,error,FileFormatError,0,0
iodata,ir_SAeHwKF2cMHE7J56uwBScN3PL,GAMESS,58G9YZi8SMS2QATRSom9MQ/RCWnE6CiPA8v5vyGpJEV5BKIm4XSC/data/tcnedim/tcnedim_cas22mp2_dis_1.out,0,empty,,0,0
iodata,ir_SAeHwKF2cMHE7J56uwBScN3PL,GAMESS,58G9YZi8SMS2QATRSom9MQ/RCWnE6CiPA8v5vyGpJEV5BKIm4XSC/data/tcnedim/tcnedim_rmp2_1_c.inp,0,error,FileFormatError,0,0
iodata,ir_SAeHwKF2cMHE7J56uwBScN3PL,GAMESS,58G9YZi8SMS2QATRSom9MQ/RCWnE6CiPA8v5vyGpJEV5BKIm4XSC/data/tcnedim/tcnedim_rmp2_1_a.out,1,empty,,0,0
iodata,ir_SAeHwKF2cMHE7J56uwBScN3PL,GAMESS,58G9YZi8SMS2QATRSom9MQ/RCWnE6CiPA8v5vyGpJEV5BKIm4XSC/data/tcnedim/tcnedim_romp2_3_a.inp,0,error,FileFormatError,0,0
iodata,ir_SAeHwKF2cMHE7J56uwBScN3PL,GAMESS,58G9YZi8SMS2QATRSom9MQ/RCWnE6CiPA8v5vyGpJEV5BKIm4XSC/data/tcnedim/tcnedim_rmp2_1_b.out,0,empty,,0,0
iodata,ir_SAeHwKF2cMHE7J56uwBScN3PL,GAMESS,58G9YZi8SMS2QATRSom9MQ/RCWnE6CiPA8v5vyGpJEV5BKIm4XSC/data/tcnedim/tcnedim_romp2_3_b.inp,0,error,FileFormatError,0,0
iodata,ir_SAeHwKF2cMHE7J56uwBScN3PL,GAMESS,58G9YZi8SMS2QATRSom9MQ/RCWnE6CiPA8v5vyGpJEV5BKIm4XSC/data/tcnedim/tcnedim_rmp2_1_c.out,0,empty,,0,0
iodata,ir_SAeHwKF2cMHE7J56uwBScN3PL,GAMESS,58G9YZi8SMS2QATRSom9MQ/RCWnE6CiPA8v5vyGpJEV5BKIm4XSC/data/tcnedim/tcnedim_romp2_3_c.inp,0,error,FileFormatError,0,0
iodata,ir_SAeHwKF2cMHE7J56uwBScN3PL,GAMESS,58G9YZi8SMS2QATRSom9MQ/RCWnE6CiPA8v5vyGpJEV5BKIm4XSC/data/tcnedim/tcnedim_romp2_3_a.out,0,empty,,0,0
iodata,ir_SAeHwKF2cMHE7J56uwBScN3PL,GAMESS,58G9YZi8SMS2QATRSom9MQ/RCWnE6CiPA8v5vyGpJEV5BKIm4XSC/data/tcnedim/tcnedim_romp2_dis_3.inp,0,error,FileFormatError,0,0
iodata,ir_SAeHwKF2cMHE7J56uwBScN3PL,GAMESS,58G9YZi8SMS2QATRSom9MQ/RCWnE6CiPA8v5vyGpJEV5BKIm4XSC/data/tcnedim/tcnedim_b3_3_b.out,0,empty,,0,0
iodata,jpzJnBh20gKHQm5bGGJOxrU6eZ_d,WIEN2k,H74rg1mSSM2RsPjlSOZlgg/dft_nio2_surface/POSCAR,0,error,ValidationError,0,0
iodata,jpzJnBh20gKHQm5bGGJOxrU6eZ_d,WIEN2k,H74rg1mSSM2RsPjlSOZlgg/dft_nio2_surface/job_wien2k.hclm,0,error,FileFormatError,0,0
iodata,jpzJnBh20gKHQm5bGGJOxrU6eZ_d,WIEN2k,H74rg1mSSM2RsPjlSOZlgg/dft_nio2_surface/new_super.clmsum,0,error,FileFormatError,0,0
iodata,jpzJnBh20gKHQm5bGGJOxrU6eZ_d,WIEN2k,H74rg1mSSM2RsPjlSOZlgg/dft_nio2_surface/oc.clmsum,0,error,FileFormatError,0,0
iodata,jpzJnBh20gKHQm5bGGJOxrU6eZ_d,WIEN2k,H74rg1mSSM2RsPjlSOZlgg/dft_nio2_surface/oc.in0,0,error,FileFormatError,0,0
iodata,jpzJnBh20gKHQm5bGGJOxrU6eZ_d,WIEN2k,H74rg1mSSM2RsPjlSOZlgg/dft_nio2_surface/oc.in0_st,0,error,FileFormatError,0,0
iodata,jpzJnBh20gKHQm5bGGJOxrU6eZ_d,WIEN2k,H74rg1mSSM2RsPjlSOZlgg/dft_nio2_surface/oc.in0_std,0,error,FileFormatError,0,0
iodata,jpzJnBh20gKHQm5bGGJOxrU6eZ_d,WIEN2k,H74rg1mSSM2RsPjlSOZlgg/dft_nio2_surface/oc.in1_st,0,error,FileFormatError,0,0
iodata,jpzJnBh20gKHQm5bGGJOxrU6eZ_d,WIEN2k,H74rg1mSSM2RsPjlSOZlgg/dft_nio2_surface/oc.in1c,0,error,FileFormatError,0,0
iodata,jpzJnBh20gKHQm5bGGJOxrU6eZ_d,WIEN2k,H74rg1mSSM2RsPjlSOZlgg/dft_nio2_surface/oc.in2_ls,0,error,FileFormatError,0,0
iodata,jpzJnBh20gKHQm5bGGJOxrU6eZ_d,WIEN2k,H74rg1mSSM2RsPjlSOZlgg/dft_nio2_surface/oc.in2_st,0,error,FileFormatError,0,0
iodata,jpzJnBh20gKHQm5bGGJOxrU6eZ_d,WIEN2k,H74rg1mSSM2RsPjlSOZlgg/dft_nio2_surface/oc.in2_sy,0,error,FileFormatError,0,0
iodata,jpzJnBh20gKHQm5bGGJOxrU6eZ_d,WIEN2k,H74rg1mSSM2RsPjlSOZlgg/dft_nio2_surface/oc.in2c,0,error,FileFormatError,0,0
iodata,jpzJnBh20gKHQm5bGGJOxrU6eZ_d,WIEN2k,H74rg1mSSM2RsPjlSOZlgg/dft_nio2_surface/oc.inc,0,error,FileFormatError,0,0
iodata,jpzJnBh20gKHQm5bGGJOxrU6eZ_d,WIEN2k,H74rg1mSSM2RsPjlSOZlgg/dft_nio2_surface/oc.inc_st,0,error,FileFormatError,0,0
iodata,jpzJnBh20gKHQm5bGGJOxrU6eZ_d,WIEN2k,H74rg1mSSM2RsPjlSOZlgg/dft_nio2_surface/oc.inm,0,error,FileFormatError,0,0
iodata,jpzJnBh20gKHQm5bGGJOxrU6eZ_d,WIEN2k,H74rg1mSSM2RsPjlSOZlgg/dft_nio2_surface/oc.inm_restart_st,0,error,FileFormatError,0,0
iodata,jpzJnBh20gKHQm5bGGJOxrU6eZ_d,WIEN2k,H74rg1mSSM2RsPjlSOZlgg/dft_nio2_surface/oc.inm_st,0,error,FileFormatError,0,0
iodata,jpzJnBh20gKHQm5bGGJOxrU6eZ_d,WIEN2k,H74rg1mSSM2RsPjlSOZlgg/dft_nio2_surface/oc.inq,0,error,FileFormatError,0,0
iodata,jpzJnBh20gKHQm5bGGJOxrU6eZ_d,WIEN2k,H74rg1mSSM2RsPjlSOZlgg/dft_nio2_surface/oc.inq_st,0,error,FileFormatError,0,0
iodata,jpzJnBh20gKHQm5bGGJOxrU6eZ_d,WIEN2k,H74rg1mSSM2RsPjlSOZlgg/dft_nio2_surface/oc.inst,0,error,FileFormatError,0,0
iodata,jpzJnBh20gKHQm5bGGJOxrU6eZ_d,WIEN2k,H74rg1mSSM2RsPjlSOZlgg/dft_nio2_surface/oc.kgen,0,error,FileFormatError,0,0
iodata,jpzJnBh20gKHQm5bGGJOxrU6eZ_d,WIEN2k,H74rg1mSSM2RsPjlSOZlgg/dft_nio2_surface/oc.klist,0,error,FileFormatError,0,0
iodata,jpzJnBh20gKHQm5bGGJOxrU6eZ_d,WIEN2k,H74rg1mSSM2RsPjlSOZlgg/dft_nio2_surface/oc.scf,1,error,FileFormatError,0,0
iodata,jpzJnBh20gKHQm5bGGJOxrU6eZ_d,WIEN2k,H74rg1mSSM2RsPjlSOZlgg/dft_nio2_surface/oc.scf2,0,error,FileFormatError,0,0
iodata,jpzJnBh20gKHQm5bGGJOxrU6eZ_d,WIEN2k,H74rg1mSSM2RsPjlSOZlgg/dft_nio2_surface/oc.struct,0,error,FileFormatError,0,0
iodata,jpzJnBh20gKHQm5bGGJOxrU6eZ_d,WIEN2k,H74rg1mSSM2RsPjlSOZlgg/dft_nio2_surface/oc.vns,0,error,FileFormatError,0,0
iodata,jpzJnBh20gKHQm5bGGJOxrU6eZ_d,WIEN2k,H74rg1mSSM2RsPjlSOZlgg/dft_nio2_surface/oc.vsp,0,error,FileFormatError,0,0
iodata,ir_SAeHwKF2cMHE7J56uwBScN3PL,GAMESS,58G9YZi8SMS2QATRSom9MQ/RCWnE6CiPA8v5vyGpJEV5BKIm4XSC/data/tcnedim/tcnedim_romp2_3_b.out,0,empty,,0,0
iodata,jpzJnBh20gKHQm5bGGJOxrU6eZ_d,WIEN2k,H74rg1mSSM2RsPjlSOZlgg/dft_nio2_surface/output1.log,0,error,LoadError,0,0
iodata,jpzJnBh20gKHQm5bGGJOxrU6eZ_d,WIEN2k,H74rg1mSSM2RsPjlSOZlgg/dft_nio2_surface/output2.log,0,error,LoadError,0,0
iodata,jpzJnBh20gKHQm5bGGJOxrU6eZ_d,WIEN2k,H74rg1mSSM2RsPjlSOZlgg/dft_nio2_surface/slurm-33796.out,0,empty,,0,0
iodata,jpzJnBh20gKHQm5bGGJOxrU6eZ_d,WIEN2k,H74rg1mSSM2RsPjlSOZlgg/dft_nio2_surface/slurm-34483.out,0,empty,,0,0
iodata,jpzJnBh20gKHQm5bGGJOxrU6eZ_d,WIEN2k,H74rg1mSSM2RsPjlSOZlgg/dft_nio2_surface/slurm-35335.out,0,empty,,0,0
iodata,jpzJnBh20gKHQm5bGGJOxrU6eZ_d,WIEN2k,H74rg1mSSM2RsPjlSOZlgg/dft_nio2_surface/xyz2struct.struct,0,error,FileFormatError,0,0
iodata,jv85ezLp5CUgM1i3MCs5wCXgAS_K,Octopus,wrZsJFzHT-q4r3MF3H83lA/00051,0,error,FileFormatError,0,0
iodata,jpzJnBh20gKHQm5bGGJOxrU6eZ_d,WIEN2k,H74rg1mSSM2RsPjlSOZlgg/dft_nio2_surface/output.log,0,error,LoadError,0,0
iodata,jv85ezLp5CUgM1i3MCs5wCXgAS_K,Octopus,wrZsJFzHT-q4r3MF3H83lA/casida,0,error,FileFormatError,0,0
iodata,jv85ezLp5CUgM1i3MCs5wCXgAS_K,Octopus,wrZsJFzHT-q4r3MF3H83lA/eps_diff,0,error,FileFormatError,0,0
iodata,jv85ezLp5CUgM1i3MCs5wCXgAS_K,Octopus,wrZsJFzHT-q4r3MF3H83lA/inp,0,error,FileFormatError,0,0
iodata,jv85ezLp5CUgM1i3MCs5wCXgAS_K,Octopus,wrZsJFzHT-q4r3MF3H83lA/TCNQ_relaxed_sp0.20.xyz,0,success,,1,0
iodata,jv85ezLp5CUgM1i3MCs5wCXgAS_K,Octopus,wrZsJFzHT-q4r3MF3H83lA/spectrum.casida,0,error,FileFormatError,0,0
iodata,jv85ezLp5CUgM1i3MCs5wCXgAS_K,Octopus,wrZsJFzHT-q4r3MF3H83lA/spectrum.eps_diff,0,error,FileFormatError,0,0
iodata,jv85ezLp5CUgM1i3MCs5wCXgAS_K,Octopus,wrZsJFzHT-q4r3MF3H83lA/spectrum.tamm_dancoff,0,error,FileFormatError,0,0
iodata,jv85ezLp5CUgM1i3MCs5wCXgAS_K,Octopus,wrZsJFzHT-q4r3MF3H83lA/tamm_dancoff,0,error,FileFormatError,0,0
iodata,ir_SAeHwKF2cMHE7J56uwBScN3PL,GAMESS,58G9YZi8SMS2QATRSom9MQ/RCWnE6CiPA8v5vyGpJEV5BKIm4XSC/data/tcnedim/tcnedim_b3_dis_3.out,0,empty,,0,0
iodata,kBTQasoI-JdkbR0tweJNoo8N5pH4,GPAW,u-PnzOXrRv6WIgxb4C2Jsw/production_May27_MoS2WS2_10Ha_662/tree/662/materials/WS4Mo-May27-272eV-G662/WaveFunctions/gs_gw.gpw,1,error,FileFormatError,0,0
iodata,kBTQasoI-JdkbR0tweJNoo8N5pH4,GPAW,u-PnzOXrRv6WIgxb4C2Jsw/production_May27_MoS2WS2_10Ha_662/tree/662/materials/WS4Mo-May27-272eV-G662/WaveFunctions/gs_gw.txt,0,error,FileFormatError,0,0
iodata,kBTQasoI-JdkbR0tweJNoo8N5pH4,GPAW,u-PnzOXrRv6WIgxb4C2Jsw/production_May27_MoS2WS2_10Ha_662/tree/662/materials/WS4Mo-May27-272eV-G662/WaveFunctions/gs_gw_nowfs.gpw,0,error,FileFormatError,0,0
iodata,kBTQasoI-JdkbR0tweJNoo8N5pH4,GPAW,u-PnzOXrRv6WIgxb4C2Jsw/production_May27_MoS2WS2_10Ha_662/tree/662/materials/WS4Mo-May27-272eV-G662/WaveFunctions/output.json,0,error,FileFormatError,0,0
iodata,kBTQasoI-JdkbR0tweJNoo8N5pH4,GPAW,u-PnzOXrRv6WIgxb4C2Jsw/production_May27_MoS2WS2_10Ha_662/tree/662/materials/WS4Mo-May27-272eV-G662/WaveFunctions/input.json,0,error,FileFormatError,0,0
iodata,lZL2bLfPSUye2YrTqZ-xrvpqRDE5,GAMESS,58G9YZi8SMS2QATRSom9MQ/RCWnE6CiPA8v5vyGpJEV5BKIm4XSC/data/tcnedim/tcnedim_b3_1_a.inp,0,error,FileFormatError,0,0
iodata,lZL2bLfPSUye2YrTqZ-xrvpqRDE5,GAMESS,58G9YZi8SMS2QATRSom9MQ/RCWnE6CiPA8v5vyGpJEV5BKIm4XSC/data/tcnedim/tcnedim_b3_1_b.inp,0,error,FileFormatError,0,0
iodata,ir_SAeHwKF2cMHE7J56uwBScN3PL,GAMESS,58G9YZi8SMS2QATRSom9MQ/RCWnE6CiPA8v5vyGpJEV5BKIm4XSC/data/tcnedim/tcnedim_romp2_3_c.out,0,empty,,0,0
iodata,lZL2bLfPSUye2YrTqZ-xrvpqRDE5,GAMESS,58G9YZi8SMS2QATRSom9MQ/RCWnE6CiPA8v5vyGpJEV5BKIm4XSC/data/tcnedim/tcnedim_b3_1_c.inp,0,error,FileFormatError,0,0
iodata,jv85ezLp5CUgM1i3MCs5wCXgAS_K,Octopus,wrZsJFzHT-q4r3MF3H83lA/output.out,1,empty,,0,0
iodata,lZL2bLfPSUye2YrTqZ-xrvpqRDE5,GAMESS,58G9YZi8SMS2QATRSom9MQ/RCWnE6CiPA8v5vyGpJEV5BKIm4XSC/data/tcnedim/tcnedim_b3_1bs_a.inp,0,error,FileFormatError,0,0
iodata,ir_SAeHwKF2cMHE7J56uwBScN3PL,GAMESS,58G9YZi8SMS2QATRSom9MQ/RCWnE6CiPA8v5vyGpJEV5BKIm4XSC/data/tcnedim/tcnedim_romp2_dis_3.out,0,empty,,0,0
iodata,lZL2bLfPSUye2YrTqZ-xrvpqRDE5,GAMESS,58G9YZi8SMS2QATRSom9MQ/RCWnE6CiPA8v5vyGpJEV5BKIm4XSC/data/tcnedim/tcnedim_b3_1bs_b.inp,0,error,FileFormatError,0,0
iodata,lZL2bLfPSUye2YrTqZ-xrvpqRDE5,GAMESS,58G9YZi8SMS2QATRSom9MQ/RCWnE6CiPA8v5vyGpJEV5BKIm4XSC/data/tcnedim/tcnedim_b3_1_b.out,0,empty,,0,0
iodata,lZL2bLfPSUye2YrTqZ-xrvpqRDE5,GAMESS,58G9YZi8SMS2QATRSom9MQ/RCWnE6CiPA8v5vyGpJEV5BKIm4XSC/data/tcnedim/tcnedim_b3_1bs_c.inp,0,error,FileFormatError,0,0
iodata,lZL2bLfPSUye2YrTqZ-xrvpqRDE5,GAMESS,58G9YZi8SMS2QATRSom9MQ/RCWnE6CiPA8v5vyGpJEV5BKIm4XSC/data/tcnedim/tcnedim_b3_1_c.out,0,empty,,0,0
iodata,lZL2bLfPSUye2YrTqZ-xrvpqRDE5,GAMESS,58G9YZi8SMS2QATRSom9MQ/RCWnE6CiPA8v5vyGpJEV5BKIm4XSC/data/tcnedim/tcnedim_b3_3_a.inp,0,error,FileFormatError,0,0
iodata,lZL2bLfPSUye2YrTqZ-xrvpqRDE5,GAMESS,58G9YZi8SMS2QATRSom9MQ/RCWnE6CiPA8v5vyGpJEV5BKIm4XSC/data/tcnedim/tcnedim_b3_1_a.out,0,empty,,0,0
iodata,lZL2bLfPSUye2YrTqZ-xrvpqRDE5,GAMESS,58G9YZi8SMS2QATRSom9MQ/RCWnE6CiPA8v5vyGpJEV5BKIm4XSC/data/tcnedim/tcnedim_b3_3_b.inp,0,error,FileFormatError,0,0
iodata,lZL2bLfPSUye2YrTqZ-xrvpqRDE5,GAMESS,58G9YZi8SMS2QATRSom9MQ/RCWnE6CiPA8v5vyGpJEV5BKIm4XSC/data/tcnedim/tcnedim_b3_1bs_b.out,0,empty,,0,0
iodata,lZL2bLfPSUye2YrTqZ-xrvpqRDE5,GAMESS,58G9YZi8SMS2QATRSom9MQ/RCWnE6CiPA8v5vyGpJEV5BKIm4XSC/data/tcnedim/tcnedim_b3_3_c.inp,0,error,FileFormatError,0,0
iodata,lZL2bLfPSUye2YrTqZ-xrvpqRDE5,GAMESS,58G9YZi8SMS2QATRSom9MQ/RCWnE6CiPA8v5vyGpJEV5BKIm4XSC/data/tcnedim/tcnedim_b3_1bs_c.out,0,empty,,0,0
iodata,lZL2bLfPSUye2YrTqZ-xrvpqRDE5,GAMESS,58G9YZi8SMS2QATRSom9MQ/RCWnE6CiPA8v5vyGpJEV5BKIm4XSC/data/tcnedim/tcnedim_b3_dis_3.inp,0,error,FileFormatError,0,0
iodata,lZL2bLfPSUye2YrTqZ-xrvpqRDE5,GAMESS,58G9YZi8SMS2QATRSom9MQ/RCWnE6CiPA8v5vyGpJEV5BKIm4XSC/data/tcnedim/tcnedim_b3_3_a.out,0,empty,,0,0
iodata,lZL2bLfPSUye2YrTqZ-xrvpqRDE5,GAMESS,58G9YZi8SMS2QATRSom9MQ/RCWnE6CiPA8v5vyGpJEV5BKIm4XSC/data/tcnedim/tcnedim_cas22mp2_1_a.inp,0,error,FileFormatError,0,0
iodata,lZL2bLfPSUye2YrTqZ-xrvpqRDE5,GAMESS,58G9YZi8SMS2QATRSom9MQ/RCWnE6CiPA8v5vyGpJEV5BKIm4XSC/data/tcnedim/tcnedim_b3_1bs_a.out,0,empty,,0,0
iodata,lZL2bLfPSUye2YrTqZ-xrvpqRDE5,GAMESS,58G9YZi8SMS2QATRSom9MQ/RCWnE6CiPA8v5vyGpJEV5BKIm4XSC/data/tcnedim/tcnedim_cas22mp2_1_b.inp,0,error,FileFormatError,0,0
iodata,lZL2bLfPSUye2YrTqZ-xrvpqRDE5,GAMESS,58G9YZi8SMS2QATRSom9MQ/RCWnE6CiPA8v5vyGpJEV5BKIm4XSC/data/tcnedim/tcnedim_cas22mp2_1_a.out,0,empty,,0,0
iodata,lZL2bLfPSUye2YrTqZ-xrvpqRDE5,GAMESS,58G9YZi8SMS2QATRSom9MQ/RCWnE6CiPA8v5vyGpJEV5BKIm4XSC/data/tcnedim/tcnedim_cas22mp2_1_c.inp,0,error,FileFormatError,0,0
iodata,lZL2bLfPSUye2YrTqZ-xrvpqRDE5,GAMESS,58G9YZi8SMS2QATRSom9MQ/RCWnE6CiPA8v5vyGpJEV5BKIm4XSC/data/tcnedim/tcnedim_cas22mp2_1_b.out,0,empty,,0,0
iodata,lZL2bLfPSUye2YrTqZ-xrvpqRDE5,GAMESS,58G9YZi8SMS2QATRSom9MQ/RCWnE6CiPA8v5vyGpJEV5BKIm4XSC/data/tcnedim/tcnedim_cas22mp2_dis_1.inp,0,error,FileFormatError,0,0
iodata,lZL2bLfPSUye2YrTqZ-xrvpqRDE5,GAMESS,58G9YZi8SMS2QATRSom9MQ/RCWnE6CiPA8v5vyGpJEV5BKIm4XSC/data/tcnedim/tcnedim_b3_3_c.out,0,empty,,0,0
iodata,lZL2bLfPSUye2YrTqZ-xrvpqRDE5,GAMESS,58G9YZi8SMS2QATRSom9MQ/RCWnE6CiPA8v5vyGpJEV5BKIm4XSC/data/tcnedim/tcnedim_rmp2_1_a.inp,0,error,FileFormatError,0,0
iodata,lZL2bLfPSUye2YrTqZ-xrvpqRDE5,GAMESS,58G9YZi8SMS2QATRSom9MQ/RCWnE6CiPA8v5vyGpJEV5BKIm4XSC/data/tcnedim/tcnedim_b3_3_b.out,0,empty,,0,0
iodata,lZL2bLfPSUye2YrTqZ-xrvpqRDE5,GAMESS,58G9YZi8SMS2QATRSom9MQ/RCWnE6CiPA8v5vyGpJEV5BKIm4XSC/data/tcnedim/tcnedim_rmp2_1_b.inp,0,error,FileFormatError,0,0
iodata,lZL2bLfPSUye2YrTqZ-xrvpqRDE5,GAMESS,58G9YZi8SMS2QATRSom9MQ/RCWnE6CiPA8v5vyGpJEV5BKIm4XSC/data/tcnedim/tcnedim_cas22mp2_1_c.out,0,empty,,0,0
iodata,lZL2bLfPSUye2YrTqZ-xrvpqRDE5,GAMESS,58G9YZi8SMS2QATRSom9MQ/RCWnE6CiPA8v5vyGpJEV5BKIm4XSC/data/tcnedim/tcnedim_rmp2_1_c.inp,0,error,FileFormatError,0,0
iodata,lZL2bLfPSUye2YrTqZ-xrvpqRDE5,GAMESS,58G9YZi8SMS2QATRSom9MQ/RCWnE6CiPA8v5vyGpJEV5BKIm4XSC/data/tcnedim/tcnedim_rmp2_1_a.out,0,empty,,0,0
iodata,lZL2bLfPSUye2YrTqZ-xrvpqRDE5,GAMESS,58G9YZi8SMS2QATRSom9MQ/RCWnE6CiPA8v5vyGpJEV5BKIm4XSC/data/tcnedim/tcnedim_romp2_3_a.inp,0,error,FileFormatError,0,0
iodata,lZL2bLfPSUye2YrTqZ-xrvpqRDE5,GAMESS,58G9YZi8SMS2QATRSom9MQ/RCWnE6CiPA8v5vyGpJEV5BKIm4XSC/data/tcnedim/tcnedim_cas22mp2_dis_1.out,0,empty,,0,0
iodata,lZL2bLfPSUye2YrTqZ-xrvpqRDE5,GAMESS,58G9YZi8SMS2QATRSom9MQ/RCWnE6CiPA8v5vyGpJEV5BKIm4XSC/data/tcnedim/tcnedim_romp2_3_b.inp,0,error,FileFormatError,0,0
iodata,lZL2bLfPSUye2YrTqZ-xrvpqRDE5,GAMESS,58G9YZi8SMS2QATRSom9MQ/RCWnE6CiPA8v5vyGpJEV5BKIm4XSC/data/tcnedim/tcnedim_romp2_3_a.out,0,empty,,0,0
iodata,lZL2bLfPSUye2YrTqZ-xrvpqRDE5,GAMESS,58G9YZi8SMS2QATRSom9MQ/RCWnE6CiPA8v5vyGpJEV5BKIm4XSC/data/tcnedim/tcnedim_romp2_3_c.inp,0,error,FileFormatError,0,0
iodata,lZL2bLfPSUye2YrTqZ-xrvpqRDE5,GAMESS,58G9YZi8SMS2QATRSom9MQ/RCWnE6CiPA8v5vyGpJEV5BKIm4XSC/data/tcnedim/tcnedim_rmp2_1_c.out,0,empty,,0,0
iodata,lZL2bLfPSUye2YrTqZ-xrvpqRDE5,GAMESS,58G9YZi8SMS2QATRSom9MQ/RCWnE6CiPA8v5vyGpJEV5BKIm4XSC/data/tcnedim/tcnedim_b3_dis_3.out,0,empty,,0,0
iodata,lZL2bLfPSUye2YrTqZ-xrvpqRDE5,GAMESS,58G9YZi8SMS2QATRSom9MQ/RCWnE6CiPA8v5vyGpJEV5BKIm4XSC/data/tcnedim/tcnedim_romp2_dis_3.inp,0,error,FileFormatError,0,0
iodata,lZL2bLfPSUye2YrTqZ-xrvpqRDE5,GAMESS,58G9YZi8SMS2QATRSom9MQ/RCWnE6CiPA8v5vyGpJEV5BKIm4XSC/data/tcnedim/tcnedim_rmp2_1_b.out,0,empty,,0,0
iodata,mbJdWz98ooWTe6iyr61yGztZ7rgy,FHI-aims,s7RWKK2cTgmBh_c5sD9m7A/MoS2/Vac/hse/control.in,0,error,FileFormatError,0,0
iodata,mbJdWz98ooWTe6iyr61yGztZ7rgy,FHI-aims,s7RWKK2cTgmBh_c5sD9m7A/MoS2/Vac/hse/geometry.in,0,error,FileFormatError,0,0
iodata,mmBkEUCvLhlfWaurOa2oymHqwRfk,Gaussian,d9DagJChRxyeUKBEwzSiFw/G-I-O-P-gjf-out/G.LOG,0,error,FileFormatError,0,0
iodata,mmBkEUCvLhlfWaurOa2oymHqwRfk,Gaussian,d9DagJChRxyeUKBEwzSiFw/G-I-O-P-gjf-out/G.gjf,0,success,,1,0
iodata,mmBkEUCvLhlfWaurOa2oymHqwRfk,Gaussian,d9DagJChRxyeUKBEwzSiFw/G-I-O-P-gjf-out/G.mol,0,error,FileFormatError,0,0
iodata,mmBkEUCvLhlfWaurOa2oymHqwRfk,Gaussian,d9DagJChRxyeUKBEwzSiFw/G-I-O-P-gjf-out/I.LOG,0,error,FileFormatError,0,0
iodata,mmBkEUCvLhlfWaurOa2oymHqwRfk,Gaussian,d9DagJChRxyeUKBEwzSiFw/G-I-O-P-gjf-out/I.gjf,0,success,,1,0
iodata,mmBkEUCvLhlfWaurOa2oymHqwRfk,Gaussian,d9DagJChRxyeUKBEwzSiFw/G-I-O-P-gjf-out/I.mol,0,error,FileFormatError,0,0
iodata,mmBkEUCvLhlfWaurOa2oymHqwRfk,Gaussian,d9DagJChRxyeUKBEwzSiFw/G-I-O-P-gjf-out/O.LOG,0,error,FileFormatError,0,0
iodata,mmBkEUCvLhlfWaurOa2oymHqwRfk,Gaussian,d9DagJChRxyeUKBEwzSiFw/G-I-O-P-gjf-out/O.gjf,0,success,,1,0
iodata,mmBkEUCvLhlfWaurOa2oymHqwRfk,Gaussian,d9DagJChRxyeUKBEwzSiFw/G-I-O-P-gjf-out/O.mol,0,error,FileFormatError,0,0
iodata,mmBkEUCvLhlfWaurOa2oymHqwRfk,Gaussian,d9DagJChRxyeUKBEwzSiFw/G-I-O-P-gjf-out/P.LOG,1,error,FileFormatError,0,0
iodata,mmBkEUCvLhlfWaurOa2oymHqwRfk,Gaussian,d9DagJChRxyeUKBEwzSiFw/G-I-O-P-gjf-out/P.gjf,0,success,,1,0
iodata,mmBkEUCvLhlfWaurOa2oymHqwRfk,Gaussian,d9DagJChRxyeUKBEwzSiFw/G-I-O-P-gjf-out/P.mol,0,error,FileFormatError,0,0
iodata,obU5oKqjav_dYdjPTvwEvGSWvEWF,ONETEP,Ohw7JTzLTpC83Y7dMv3ICg/test08/ethene_relax.dat,0,error,LoadError,0,0
iodata,obU5oKqjav_dYdjPTvwEvGSWvEWF,ONETEP,Ohw7JTzLTpC83Y7dMv3ICg/test08/ethene_relax.out,1,empty,,0,0
iodata,t1ZAa57J2MFCNajl9MvY_1OfPWgZ,Gaussian,d9DagJChRxyeUKBEwzSiFw/G-I-O-P-gjf-out/G.LOG,0,error,FileFormatError,0,0
iodata,t1ZAa57J2MFCNajl9MvY_1OfPWgZ,Gaussian,d9DagJChRxyeUKBEwzSiFw/G-I-O-P-gjf-out/G.gjf,0,success,,1,0
iodata,t1ZAa57J2MFCNajl9MvY_1OfPWgZ,Gaussian,d9DagJChRxyeUKBEwzSiFw/G-I-O-P-gjf-out/G.mol,0,error,FileFormatError,0,0
iodata,t1ZAa57J2MFCNajl9MvY_1OfPWgZ,Gaussian,d9DagJChRxyeUKBEwzSiFw/G-I-O-P-gjf-out/I.LOG,0,error,FileFormatError,0,0
iodata,t1ZAa57J2MFCNajl9MvY_1OfPWgZ,Gaussian,d9DagJChRxyeUKBEwzSiFw/G-I-O-P-gjf-out/I.gjf,0,success,,1,0
iodata,t1ZAa57J2MFCNajl9MvY_1OfPWgZ,Gaussian,d9DagJChRxyeUKBEwzSiFw/G-I-O-P-gjf-out/I.mol,0,error,FileFormatError,0,0
iodata,t1ZAa57J2MFCNajl9MvY_1OfPWgZ,Gaussian,d9DagJChRxyeUKBEwzSiFw/G-I-O-P-gjf-out/O.LOG,1,error,FileFormatError,0,0
iodata,t1ZAa57J2MFCNajl9MvY_1OfPWgZ,Gaussian,d9DagJChRxyeUKBEwzSiFw/G-I-O-P-gjf-out/O.gjf,0,success,,1,0
iodata,t1ZAa57J2MFCNajl9MvY_1OfPWgZ,Gaussian,d9DagJChRxyeUKBEwzSiFw/G-I-O-P-gjf-out/O.mol,0,error,FileFormatError,0,0
iodata,t1ZAa57J2MFCNajl9MvY_1OfPWgZ,Gaussian,d9DagJChRxyeUKBEwzSiFw/G-I-O-P-gjf-out/P.LOG,0,error,FileFormatError,0,0
iodata,t1ZAa57J2MFCNajl9MvY_1OfPWgZ,Gaussian,d9DagJChRxyeUKBEwzSiFw/G-I-O-P-gjf-out/P.gjf,0,success,,1,0
iodata,t1ZAa57J2MFCNajl9MvY_1OfPWgZ,Gaussian,d9DagJChRxyeUKBEwzSiFw/G-I-O-P-gjf-out/P.mol,0,error,FileFormatError,0,0
iodata,lZL2bLfPSUye2YrTqZ-xrvpqRDE5,GAMESS,58G9YZi8SMS2QATRSom9MQ/RCWnE6CiPA8v5vyGpJEV5BKIm4XSC/data/tcnedim/tcnedim_romp2_3_c.out,1,empty,,0,0
iodata,lZL2bLfPSUye2YrTqZ-xrvpqRDE5,GAMESS,58G9YZi8SMS2QATRSom9MQ/RCWnE6CiPA8v5vyGpJEV5BKIm4XSC/data/tcnedim/tcnedim_romp2_dis_3.out,0,empty,,0,0
iodata,tC7Wyj5fLziOGZWl26EVnJG9qbVO,Crystal,hANwphqaSQutIGuc3x5MDA/nomad/freeWH2O/ac1_w_h2o_g1.out,0,empty,,0,0
iodata,lZL2bLfPSUye2YrTqZ-xrvpqRDE5,GAMESS,58G9YZi8SMS2QATRSom9MQ/RCWnE6CiPA8v5vyGpJEV5BKIm4XSC/data/tcnedim/tcnedim_romp2_3_b.out,0,empty,,0,0
iodata,tC7Wyj5fLziOGZWl26EVnJG9qbVO,Crystal,hANwphqaSQutIGuc3x5MDA/nomad/freeWH2O/ac1_w_h2o_g2.out,0,empty,,0,0
iodata,tC7Wyj5fLziOGZWl26EVnJG9qbVO,Crystal,hANwphqaSQutIGuc3x5MDA/nomad/freeWH2O/ac2_w_h2o_g1.out,0,empty,,0,0
iodata,tC7Wyj5fLziOGZWl26EVnJG9qbVO,Crystal,hANwphqaSQutIGuc3x5MDA/nomad/freeWH2O/ac4_w_h2o_g1.out,0,empty,,0,0
iodata,tC7Wyj5fLziOGZWl26EVnJG9qbVO,Crystal,hANwphqaSQutIGuc3x5MDA/nomad/freeWH2O/ac4_w_h2o_g2.out,0,empty,,0,0
iodata,tC7Wyj5fLziOGZWl26EVnJG9qbVO,Crystal,hANwphqaSQutIGuc3x5MDA/nomad/freeWH2O/ac2_w_h2o_g2.out,0,empty,,0,0
iodata,tC7Wyj5fLziOGZWl26EVnJG9qbVO,Crystal,hANwphqaSQutIGuc3x5MDA/nomad/freeWH2O/ac4_w_h2o_g3.out,0,empty,,0,0
iodata,tC7Wyj5fLziOGZWl26EVnJG9qbVO,Crystal,hANwphqaSQutIGuc3x5MDA/nomad/freeWH2O/ac2_w_h2o_g3.out,0,empty,,0,0
iodata,tC7Wyj5fLziOGZWl26EVnJG9qbVO,Crystal,hANwphqaSQutIGuc3x5MDA/nomad/freeWH2O/gra_w_h2o_g1.out,0,empty,,0,0
iodata,tC7Wyj5fLziOGZWl26EVnJG9qbVO,Crystal,hANwphqaSQutIGuc3x5MDA/nomad/freeWH2O/alt1_w_h2o_g1.out,0,empty,,0,0
iodata,tC7Wyj5fLziOGZWl26EVnJG9qbVO,Crystal,hANwphqaSQutIGuc3x5MDA/nomad/freeWH2O/alt1_w_h2o_g3.out,0,empty,,0,0
iodata,tC7Wyj5fLziOGZWl26EVnJG9qbVO,Crystal,hANwphqaSQutIGuc3x5MDA/nomad/freeWH2O/hbn_w_h2o_g1.out,0,empty,,0,0
iodata,tC7Wyj5fLziOGZWl26EVnJG9qbVO,Crystal,hANwphqaSQutIGuc3x5MDA/nomad/freeWH2O/gra_w_h2o_g2.out,0,empty,,0,0
iodata,tC7Wyj5fLziOGZWl26EVnJG9qbVO,Crystal,hANwphqaSQutIGuc3x5MDA/nomad/freeWH2O/alt1_w_h2o_g2.out,0,empty,,0,0
iodata,tC7Wyj5fLziOGZWl26EVnJG9qbVO,Crystal,hANwphqaSQutIGuc3x5MDA/nomad/freeWH2O/gra_w_h2o_g3.out,0,empty,,0,0
iodata,tC7Wyj5fLziOGZWl26EVnJG9qbVO,Crystal,hANwphqaSQutIGuc3x5MDA/nomad/freeWH2O/hbn_w_h2o_g2.out,1,empty,,0,0
iodata,tC7Wyj5fLziOGZWl26EVnJG9qbVO,Crystal,hANwphqaSQutIGuc3x5MDA/nomad/freeWH2O/hbn_w_h2o_g5.out,0,empty,,0,0
iodata,tC7Wyj5fLziOGZWl26EVnJG9qbVO,Crystal,hANwphqaSQutIGuc3x5MDA/nomad/freeWH2O/hbn_w_h2o_g3.out,0,empty,,0,0
iodata,tC7Wyj5fLziOGZWl26EVnJG9qbVO,Crystal,hANwphqaSQutIGuc3x5MDA/nomad/freeWH2O/i1_w_h2o_g1.out,0,empty,,0,0
iodata,tC7Wyj5fLziOGZWl26EVnJG9qbVO,Crystal,hANwphqaSQutIGuc3x5MDA/nomad/freeWH2O/i2_w_h2o_g1.out,0,empty,,0,0
iodata,tC7Wyj5fLziOGZWl26EVnJG9qbVO,Crystal,hANwphqaSQutIGuc3x5MDA/nomad/freeWH2O/hbn_w_h2o_g4.out,0,empty,,0,0
iodata,tC7Wyj5fLziOGZWl26EVnJG9qbVO,Crystal,hANwphqaSQutIGuc3x5MDA/nomad/freeWH2O/i2_w_h2o_g2.out,0,empty,,0,0
iodata,tC7Wyj5fLziOGZWl26EVnJG9qbVO,Crystal,hANwphqaSQutIGuc3x5MDA/nomad/freeWH2O/i1_w_h2o_g2.out,0,empty,,0,0
iodata,tR8zxshg6FWPBagsaFAiBXhemCWs,Crystal,hANwphqaSQutIGuc3x5MDA/nomad/.DS_Store,0,error,FileFormatError,0,0
iodata,tR8zxshg6FWPBagsaFAiBXhemCWs,Crystal,hANwphqaSQutIGuc3x5MDA/nomad/BASISSETS.DAT,0,error,FileFormatError,0,0
iodata,tR8zxshg6FWPBagsaFAiBXhemCWs,Crystal,hANwphqaSQutIGuc3x5MDA/nomad/bcn_ac1.out,0,empty,,0,0
iodata,tR8zxshg6FWPBagsaFAiBXhemCWs,Crystal,hANwphqaSQutIGuc3x5MDA/nomad/bcn_ac1_freq.gui,0,error,FileFormatError,0,0
iodata,tC7Wyj5fLziOGZWl26EVnJG9qbVO,Crystal,hANwphqaSQutIGuc3x5MDA/nomad/freeWH2O/zz1_w_h2o_g1.out,0,empty,,0,0
iodata,tR8zxshg6FWPBagsaFAiBXhemCWs,Crystal,hANwphqaSQutIGuc3x5MDA/nomad/bcn_ac2.out,0,empty,,0,0
iodata,tR8zxshg6FWPBagsaFAiBXhemCWs,Crystal,hANwphqaSQutIGuc3x5MDA/nomad/bcn_ac2_freq.gui,0,error,FileFormatError,0,0
iodata,tR8zxshg6FWPBagsaFAiBXhemCWs,Crystal,hANwphqaSQutIGuc3x5MDA/nomad/bcn_ac1_freq.out,0,empty,,0,0
iodata,tC7Wyj5fLziOGZWl26EVnJG9qbVO,Crystal,hANwphqaSQutIGuc3x5MDA/nomad/freeWH2O/zz1_w_h2o_g2.out,0,empty,,0,0
iodata,tR8zxshg6FWPBagsaFAiBXhemCWs,Crystal,hANwphqaSQutIGuc3x5MDA/nomad/bcn_ac4_freq.gui,0,error,FileFormatError,0,0
iodata,tR8zxshg6FWPBagsaFAiBXhemCWs,Crystal,hANwphqaSQutIGuc3x5MDA/nomad/bcn_ac4.out,0,empty,,0,0
iodata,tR8zxshg6FWPBagsaFAiBXhemCWs,Crystal,hANwphqaSQutIGuc3x5MDA/nomad/bcn_alt1.out,0,empty,,0,0
iodata,tR8zxshg6FWPBagsaFAiBXhemCWs,Crystal,hANwphqaSQutIGuc3x5MDA/nomad/bcn_alt1_freq.gui,0,error,FileFormatError,0,0
iodata,tR8zxshg6FWPBagsaFAiBXhemCWs,Crystal,hANwphqaSQutIGuc3x5MDA/nomad/bcn_ac2_freq.out,0,empty,,0,0
iodata,tR8zxshg6FWPBagsaFAiBXhemCWs,Crystal,hANwphqaSQutIGuc3x5MDA/nomad/bcn_i1.out,0,empty,,0,0
iodata,tR8zxshg6FWPBagsaFAiBXhemCWs,Crystal,hANwphqaSQutIGuc3x5MDA/nomad/bcn_i1_freq.gui,0,error,FileFormatError,0,0
iodata,tR8zxshg6FWPBagsaFAiBXhemCWs,Crystal,hANwphqaSQutIGuc3x5MDA/nomad/bcn_ac4_freq.out,0,empty,,0,0
iodata,tR8zxshg6FWPBagsaFAiBXhemCWs,Crystal,hANwphqaSQutIGuc3x5MDA/nomad/bcn_alt1_freq.out,1,empty,,0,0
iodata,tR8zxshg6FWPBagsaFAiBXhemCWs,Crystal,hANwphqaSQutIGuc3x5MDA/nomad/bcn_i1_freq.out,0,empty,,0,0
iodata,tR8zxshg6FWPBagsaFAiBXhemCWs,Crystal,hANwphqaSQutIGuc3x5MDA/nomad/bcn_i2.out,0,empty,,0,0
iodata,tR8zxshg6FWPBagsaFAiBXhemCWs,Crystal,hANwphqaSQutIGuc3x5MDA/nomad/bcn_zz1_freq.gui,0,error,FileFormatError,0,0
iodata,tC7Wyj5fLziOGZWl26EVnJG9qbVO,Crystal,hANwphqaSQutIGuc3x5MDA/nomad/freeWH2O/i2_w_h2o_g3.out,0,empty,,0,0
iodata,tR8zxshg6FWPBagsaFAiBXhemCWs,Crystal,hANwphqaSQutIGuc3x5MDA/nomad/bcn_zz1.out,0,empty,,0,0
iodata,tR8zxshg6FWPBagsaFAiBXhemCWs,Crystal,hANwphqaSQutIGuc3x5MDA/nomad/bn_freq.gui,0,error,FileFormatError,0,0
iodata,tR8zxshg6FWPBagsaFAiBXhemCWs,Crystal,hANwphqaSQutIGuc3x5MDA/nomad/bn_1x1_opt.out,0,empty,,0,0
iodata,tR8zxshg6FWPBagsaFAiBXhemCWs,Crystal,hANwphqaSQutIGuc3x5MDA/nomad/bcn_i2_freq.out,0,empty,,0,0
iodata,tR8zxshg6FWPBagsaFAiBXhemCWs,Crystal,hANwphqaSQutIGuc3x5MDA/nomad/graphene_freq.gui,0,error,FileFormatError,0,0
iodata,tR8zxshg6FWPBagsaFAiBXhemCWs,Crystal,hANwphqaSQutIGuc3x5MDA/nomad/graphene_1x1_opt.out,0,empty,,0,0
iodata,tR8zxshg6FWPBagsaFAiBXhemCWs,Crystal,hANwphqaSQutIGuc3x5MDA/nomad/bcn_zz1_freq.out,0,empty,,0,0
iodata,v4sHIzDX2HTZNHxFvmyEgJxGYvw7,ONETEP,Ohw7JTzLTpC83Y7dMv3ICg/test05/chloroform.dat,0,error,LoadError,0,0
iodata,tR8zxshg6FWPBagsaFAiBXhemCWs,Crystal,hANwphqaSQutIGuc3x5MDA/nomad/h2o_molecule.out,0,empty,,0,0
iodata,v4sHIzDX2HTZNHxFvmyEgJxGYvw7,ONETEP,Ohw7JTzLTpC83Y7dMv3ICg/test05/test05.out,1,empty,,0,0
iodata,vB3fq6XRyt6Lf9izhaAywJ28FLt7,FHI-aims,J8c5jGFcQ3-G-DDfyz7lgg/azora-paper-nomad/solid/splitting/aZORA-SOC/ElementalMaterials/Si_DIA/band1001.out,0,empty,,0,0
iodata,vB3fq6XRyt6Lf9izhaAywJ28FLt7,FHI-aims,J8c5jGFcQ3-G-DDfyz7lgg/azora-paper-nomad/solid/splitting/aZORA-SOC/ElementalMaterials/Si_DIA/band1001.out.no_soc,0,error,FileFormatError,0,0
iodata,vB3fq6XRyt6Lf9izhaAywJ28FLt7,FHI-aims,J8c5jGFcQ3-G-DDfyz7lgg/azora-paper-nomad/solid/splitting/aZORA-SOC/ElementalMaterials/Si_DIA/band1002.out,0,empty,,0,0
iodata,vB3fq6XRyt6Lf9izhaAywJ28FLt7,FHI-aims,J8c5jGFcQ3-G-DDfyz7lgg/azora-paper-nomad/solid/splitting/aZORA-SOC/ElementalMaterials/Si_DIA/band1002.out.no_soc,0,error,FileFormatError,0,0
iodata,vB3fq6XRyt6Lf9izhaAywJ28FLt7,FHI-aims,J8c5jGFcQ3-G-DDfyz7lgg/azora-paper-nomad/solid/splitting/aZORA-SOC/ElementalMaterials/Si_DIA/band1003.out,0,empty,,0,0
iodata,vB3fq6XRyt6Lf9izhaAywJ28FLt7,FHI-aims,J8c5jGFcQ3-G-DDfyz7lgg/azora-paper-nomad/solid/splitting/aZORA-SOC/ElementalMaterials/Si_DIA/band1003.out.no_soc,0,error,FileFormatError,0,0
iodata,vB3fq6XRyt6Lf9izhaAywJ28FLt7,FHI-aims,J8c5jGFcQ3-G-DDfyz7lgg/azora-paper-nomad/solid/splitting/aZORA-SOC/ElementalMaterials/Si_DIA/band1004.out,0,empty,,0,0
iodata,vB3fq6XRyt6Lf9izhaAywJ28FLt7,FHI-aims,J8c5jGFcQ3-G-DDfyz7lgg/azora-paper-nomad/solid/splitting/aZORA-SOC/ElementalMaterials/Si_DIA/band1004.out.no_soc,0,error,FileFormatError,0,0
iodata,vB3fq6XRyt6Lf9izhaAywJ28FLt7,FHI-aims,J8c5jGFcQ3-G-DDfyz7lgg/azora-paper-nomad/solid/splitting/aZORA-SOC/ElementalMaterials/Si_DIA/band1005.out,0,empty,,0,0
iodata,vB3fq6XRyt6Lf9izhaAywJ28FLt7,FHI-aims,J8c5jGFcQ3-G-DDfyz7lgg/azora-paper-nomad/solid/splitting/aZORA-SOC/ElementalMaterials/Si_DIA/band1005.out.no_soc,0,error,FileFormatError,0,0
iodata,vB3fq6XRyt6Lf9izhaAywJ28FLt7,FHI-aims,J8c5jGFcQ3-G-DDfyz7lgg/azora-paper-nomad/solid/splitting/aZORA-SOC/ElementalMaterials/Si_DIA/band1006.out,0,empty,,0,0
iodata,vB3fq6XRyt6Lf9izhaAywJ28FLt7,FHI-aims,J8c5jGFcQ3-G-DDfyz7lgg/azora-paper-nomad/solid/splitting/aZORA-SOC/ElementalMaterials/Si_DIA/band1006.out.no_soc,0,error,FileFormatError,0,0
iodata,vB3fq6XRyt6Lf9izhaAywJ28FLt7,FHI-aims,J8c5jGFcQ3-G-DDfyz7lgg/azora-paper-nomad/solid/splitting/aZORA-SOC/ElementalMaterials/Si_DIA/band1007.out,0,empty,,0,0
iodata,vB3fq6XRyt6Lf9izhaAywJ28FLt7,FHI-aims,J8c5jGFcQ3-G-DDfyz7lgg/azora-paper-nomad/solid/splitting/aZORA-SOC/ElementalMaterials/Si_DIA/band1007.out.no_soc,0,error,FileFormatError,0,0
iodata,vB3fq6XRyt6Lf9izhaAywJ28FLt7,FHI-aims,J8c5jGFcQ3-G-DDfyz7lgg/azora-paper-nomad/solid/splitting/aZORA-SOC/ElementalMaterials/Si_DIA/band1008.out,0,empty,,0,0
iodata,vB3fq6XRyt6Lf9izhaAywJ28FLt7,FHI-aims,J8c5jGFcQ3-G-DDfyz7lgg/azora-paper-nomad/solid/splitting/aZORA-SOC/ElementalMaterials/Si_DIA/band1008.out.no_soc,0,error,FileFormatError,0,0
iodata,vB3fq6XRyt6Lf9izhaAywJ28FLt7,FHI-aims,J8c5jGFcQ3-G-DDfyz7lgg/azora-paper-nomad/solid/splitting/aZORA-SOC/ElementalMaterials/Si_DIA/band1009.out,0,empty,,0,0
iodata,tR8zxshg6FWPBagsaFAiBXhemCWs,Crystal,hANwphqaSQutIGuc3x5MDA/nomad/bn_freq.out,0,empty,,0,0
iodata,tR8zxshg6FWPBagsaFAiBXhemCWs,Crystal,hANwphqaSQutIGuc3x5MDA/nomad/graphene_freq.out,0,empty,,0,0
iodata,vB3fq6XRyt6Lf9izhaAywJ28FLt7,FHI-aims,J8c5jGFcQ3-G-DDfyz7lgg/azora-paper-nomad/solid/splitting/aZORA-SOC/ElementalMaterials/Si_DIA/aims.out,1,empty,,0,0
iodata,vB3fq6XRyt6Lf9izhaAywJ28FLt7,FHI-aims,J8c5jGFcQ3-G-DDfyz7lgg/azora-paper-nomad/solid/splitting/aZORA-SOC/ElementalMaterials/Si_DIA/band1010.out.no_soc,0,error,FileFormatError,0,0
iodata,vB3fq6XRyt6Lf9izhaAywJ28FLt7,FHI-aims,J8c5jGFcQ3-G-DDfyz7lgg/azora-paper-nomad/solid/splitting/aZORA-SOC/ElementalMaterials/Si_DIA/band1009.out.no_soc,0,error,FileFormatError,0,0
iodata,vPi8BIDT5mPmTosOT8VgHB4p98VK,Crystal,hANwphqaSQutIGuc3x5MDA/nomad/.DS_Store,0,error,FileFormatError,0,0
iodata,vB3fq6XRyt6Lf9izhaAywJ28FLt7,FHI-aims,J8c5jGFcQ3-G-DDfyz7lgg/azora-paper-nomad/solid/splitting/aZORA-SOC/ElementalMaterials/Si_DIA/control.in,0,error,FileFormatError,0,0
iodata,vB3fq6XRyt6Lf9izhaAywJ28FLt7,FHI-aims,J8c5jGFcQ3-G-DDfyz7lgg/azora-paper-nomad/solid/splitting/aZORA-SOC/ElementalMaterials/Si_DIA/band1010.out,0,empty,,0,0
iodata,vB3fq6XRyt6Lf9izhaAywJ28FLt7,FHI-aims,J8c5jGFcQ3-G-DDfyz7lgg/azora-paper-nomad/solid/splitting/aZORA-SOC/ElementalMaterials/Si_DIA/geometry.in,0,error,FileFormatError,0,0
iodata,vPi8BIDT5mPmTosOT8VgHB4p98VK,Crystal,hANwphqaSQutIGuc3x5MDA/nomad/bcn_ac1_freq.gui,0,error,FileFormatError,0,0
iodata,vPi8BIDT5mPmTosOT8VgHB4p98VK,Crystal,hANwphqaSQutIGuc3x5MDA/nomad/BASISSETS.DAT,0,error,FileFormatError,0,0
iodata,vPi8BIDT5mPmTosOT8VgHB4p98VK,Crystal,hANwphqaSQutIGuc3x5MDA/nomad/bcn_ac2_freq.gui,0,error,FileFormatError,0,0
iodata,vPi8BIDT5mPmTosOT8VgHB4p98VK,Crystal,hANwphqaSQutIGuc3x5MDA/nomad/bcn_ac1.out,0,empty,,0,0
iodata,vPi8BIDT5mPmTosOT8VgHB4p98VK,Crystal,hANwphqaSQutIGuc3x5MDA/nomad/bcn_ac2.out,0,empty,,0,0
iodata,vPi8BIDT5mPmTosOT8VgHB4p98VK,Crystal,hANwphqaSQutIGuc3x5MDA/nomad/bcn_ac4_freq.gui,0,error,FileFormatError,0,0
iodata,vPi8BIDT5mPmTosOT8VgHB4p98VK,Crystal,hANwphqaSQutIGuc3x5MDA/nomad/bcn_ac4.out,0,empty,,0,0
iodata,vPi8BIDT5mPmTosOT8VgHB4p98VK,Crystal,hANwphqaSQutIGuc3x5MDA/nomad/bcn_alt1.out,0,empty,,0,0
iodata,vPi8BIDT5mPmTosOT8VgHB4p98VK,Crystal,hANwphqaSQutIGuc3x5MDA/nomad/bcn_alt1_freq.gui,0,error,FileFormatError,0,0
iodata,vPi8BIDT5mPmTosOT8VgHB4p98VK,Crystal,hANwphqaSQutIGuc3x5MDA/nomad/bcn_ac1_freq.out,0,empty,,0,0
iodata,vPi8BIDT5mPmTosOT8VgHB4p98VK,Crystal,hANwphqaSQutIGuc3x5MDA/nomad/bcn_ac2_freq.out,0,empty,,0,0
iodata,vPi8BIDT5mPmTosOT8VgHB4p98VK,Crystal,hANwphqaSQutIGuc3x5MDA/nomad/bcn_alt1_freq.out,0,empty,,0,0
iodata,vPi8BIDT5mPmTosOT8VgHB4p98VK,Crystal,hANwphqaSQutIGuc3x5MDA/nomad/bcn_i1_freq.gui,0,error,FileFormatError,0,0
iodata,vPi8BIDT5mPmTosOT8VgHB4p98VK,Crystal,hANwphqaSQutIGuc3x5MDA/nomad/bcn_i1.out,0,empty,,0,0
iodata,vPi8BIDT5mPmTosOT8VgHB4p98VK,Crystal,hANwphqaSQutIGuc3x5MDA/nomad/bcn_i2.out,0,empty,,0,0
iodata,vPi8BIDT5mPmTosOT8VgHB4p98VK,Crystal,hANwphqaSQutIGuc3x5MDA/nomad/bcn_i1_freq.out,0,empty,,0,0
iodata,vPi8BIDT5mPmTosOT8VgHB4p98VK,Crystal,hANwphqaSQutIGuc3x5MDA/nomad/bcn_zz1_freq.gui,0,error,FileFormatError,0,0
iodata,vPi8BIDT5mPmTosOT8VgHB4p98VK,Crystal,hANwphqaSQutIGuc3x5MDA/nomad/bcn_zz1.out,0,empty,,0,0
iodata,vPi8BIDT5mPmTosOT8VgHB4p98VK,Crystal,hANwphqaSQutIGuc3x5MDA/nomad/bn_1x1_opt.out,1,empty,,0,0
iodata,vPi8BIDT5mPmTosOT8VgHB4p98VK,Crystal,hANwphqaSQutIGuc3x5MDA/nomad/bn_freq.gui,0,error,FileFormatError,0,0
iodata,vPi8BIDT5mPmTosOT8VgHB4p98VK,Crystal,hANwphqaSQutIGuc3x5MDA/nomad/bcn_zz1_freq.out,0,empty,,0,0
iodata,vPi8BIDT5mPmTosOT8VgHB4p98VK,Crystal,hANwphqaSQutIGuc3x5MDA/nomad/graphene_1x1_opt.out,0,empty,,0,0
iodata,vPi8BIDT5mPmTosOT8VgHB4p98VK,Crystal,hANwphqaSQutIGuc3x5MDA/nomad/graphene_freq.gui,0,error,FileFormatError,0,0
iodata,vPi8BIDT5mPmTosOT8VgHB4p98VK,Crystal,hANwphqaSQutIGuc3x5MDA/nomad/bcn_i2_freq.out,0,empty,,0,0
iodata,vPi8BIDT5mPmTosOT8VgHB4p98VK,Crystal,hANwphqaSQutIGuc3x5MDA/nomad/h2o_molecule.out,0,empty,,0,0
iodata,vPi8BIDT5mPmTosOT8VgHB4p98VK,Crystal,hANwphqaSQutIGuc3x5MDA/nomad/bcn_ac4_freq.out,0,empty,,0,0
iodata,wlvahU0yjha1T3w5ITA0rN6lkqKN,ORCA,GSCz8oRWRR2pOM5YJIHzVw/ORCA_inputs_results_pH7.4/ACE-1.inp,0,error,FileFormatError,0,0
iodata,wlvahU0yjha1T3w5ITA0rN6lkqKN,ORCA,GSCz8oRWRR2pOM5YJIHzVw/ORCA_inputs_results_pH7.4/ACE-1par.inp,0,error,FileFormatError,0,0
iodata,vPi8BIDT5mPmTosOT8VgHB4p98VK,Crystal,hANwphqaSQutIGuc3x5MDA/nomad/graphene_freq.out,0,empty,,0,0
iodata,wlvahU0yjha1T3w5ITA0rN6lkqKN,ORCA,GSCz8oRWRR2pOM5YJIHzVw/ORCA_inputs_results_pH7.4/ACE0.inp,0,error,FileFormatError,0,0
iodata,wlvahU0yjha1T3w5ITA0rN6lkqKN,ORCA,GSCz8oRWRR2pOM5YJIHzVw/ORCA_inputs_results_pH7.4/ACE-1par.out,0,success,,1,1
iodata,wlvahU0yjha1T3w5ITA0rN6lkqKN,ORCA,GSCz8oRWRR2pOM5YJIHzVw/ORCA_inputs_results_pH7.4/ACE0par.inp,0,error,FileFormatError,0,0
iodata,wlvahU0yjha1T3w5ITA0rN6lkqKN,ORCA,GSCz8oRWRR2pOM5YJIHzVw/ORCA_inputs_results_pH7.4/ACE-1.out,0,success,,1,1
iodata,wlvahU0yjha1T3w5ITA0rN6lkqKN,ORCA,GSCz8oRWRR2pOM5YJIHzVw/ORCA_inputs_results_pH7.4/ASA-1.inp,0,error,FileFormatError,0,0
iodata,vPi8BIDT5mPmTosOT8VgHB4p98VK,Crystal,hANwphqaSQutIGuc3x5MDA/nomad/bn_freq.out,0,empty,,0,0
iodata,wlvahU0yjha1T3w5ITA0rN6lkqKN,ORCA,GSCz8oRWRR2pOM5YJIHzVw/ORCA_inputs_results_pH7.4/ACE0par.out,0,success,,1,1
iodata,wlvahU0yjha1T3w5ITA0rN6lkqKN,ORCA,GSCz8oRWRR2pOM5YJIHzVw/ORCA_inputs_results_pH7.4/ASA-1par.inp,0,error,FileFormatError,0,0
iodata,wlvahU0yjha1T3w5ITA0rN6lkqKN,ORCA,GSCz8oRWRR2pOM5YJIHzVw/ORCA_inputs_results_pH7.4/ASA0.inp,0,error,FileFormatError,0,0
iodata,wlvahU0yjha1T3w5ITA0rN6lkqKN,ORCA,GSCz8oRWRR2pOM5YJIHzVw/ORCA_inputs_results_pH7.4/ACE0.out,0,success,,1,1
iodata,wlvahU0yjha1T3w5ITA0rN6lkqKN,ORCA,GSCz8oRWRR2pOM5YJIHzVw/ORCA_inputs_results_pH7.4/ASA0par.inp,0,error,FileFormatError,0,0
iodata,wlvahU0yjha1T3w5ITA0rN6lkqKN,ORCA,GSCz8oRWRR2pOM5YJIHzVw/ORCA_inputs_results_pH7.4/ASA0par.out,0,success,,1,1
iodata,wlvahU0yjha1T3w5ITA0rN6lkqKN,ORCA,GSCz8oRWRR2pOM5YJIHzVw/ORCA_inputs_results_pH7.4/BEN0.inp,0,error,FileFormatError,0,0
iodata,wlvahU0yjha1T3w5ITA0rN6lkqKN,ORCA,GSCz8oRWRR2pOM5YJIHzVw/ORCA_inputs_results_pH7.4/ASA-1par.out,0,success,,1,1
iodata,wlvahU0yjha1T3w5ITA0rN6lkqKN,ORCA,GSCz8oRWRR2pOM5YJIHzVw/ORCA_inputs_results_pH7.4/BEN0par.inp,0,error,FileFormatError,0,0
iodata,wlvahU0yjha1T3w5ITA0rN6lkqKN,ORCA,GSCz8oRWRR2pOM5YJIHzVw/ORCA_inputs_results_pH7.4/BEN0.out,0,success,,1,1
iodata,wlvahU0yjha1T3w5ITA0rN6lkqKN,ORCA,GSCz8oRWRR2pOM5YJIHzVw/ORCA_inputs_results_pH7.4/ASA-1.out,0,success,,1,1
iodata,wlvahU0yjha1T3w5ITA0rN6lkqKN,ORCA,GSCz8oRWRR2pOM5YJIHzVw/ORCA_inputs_results_pH7.4/CAF0.inp,0,error,FileFormatError,0,0
iodata,wlvahU0yjha1T3w5ITA0rN6lkqKN,ORCA,GSCz8oRWRR2pOM5YJIHzVw/ORCA_inputs_results_pH7.4/CAF0par.inp,0,error,FileFormatError,0,0
iodata,wlvahU0yjha1T3w5ITA0rN6lkqKN,ORCA,GSCz8oRWRR2pOM5YJIHzVw/ORCA_inputs_results_pH7.4/BEN0par.out,0,success,,1,1
iodata,wlvahU0yjha1T3w5ITA0rN6lkqKN,ORCA,GSCz8oRWRR2pOM5YJIHzVw/ORCA_inputs_results_pH7.4/CBZ0.inp,0,error,FileFormatError,0,0
iodata,wlvahU0yjha1T3w5ITA0rN6lkqKN,ORCA,GSCz8oRWRR2pOM5YJIHzVw/ORCA_inputs_results_pH7.4/CAF0par.out,0,success,,1,1
iodata,wlvahU0yjha1T3w5ITA0rN6lkqKN,ORCA,GSCz8oRWRR2pOM5YJIHzVw/ORCA_inputs_results_pH7.4/CBZ0par.inp,0,error,FileFormatError,0,0
iodata,wlvahU0yjha1T3w5ITA0rN6lkqKN,ORCA,GSCz8oRWRR2pOM5YJIHzVw/ORCA_inputs_results_pH7.4/CAF0.out,0,success,,1,1
iodata,wlvahU0yjha1T3w5ITA0rN6lkqKN,ORCA,GSCz8oRWRR2pOM5YJIHzVw/ORCA_inputs_results_pH7.4/CBZ0par.out,0,success,,1,1
iodata,wlvahU0yjha1T3w5ITA0rN6lkqKN,ORCA,GSCz8oRWRR2pOM5YJIHzVw/ORCA_inputs_results_pH7.4/DCL0.inp,0,error,FileFormatError,0,0
iodata,wlvahU0yjha1T3w5ITA0rN6lkqKN,ORCA,GSCz8oRWRR2pOM5YJIHzVw/ORCA_inputs_results_pH7.4/DCL0par.inp,0,error,FileFormatError,0,0
iodata,wlvahU0yjha1T3w5ITA0rN6lkqKN,ORCA,GSCz8oRWRR2pOM5YJIHzVw/ORCA_inputs_results_pH7.4/DCL0par.out,0,success,,1,1
iodata,wlvahU0yjha1T3w5ITA0rN6lkqKN,ORCA,GSCz8oRWRR2pOM5YJIHzVw/ORCA_inputs_results_pH7.4/GGG-2.inp,0,error,FileFormatError,0,0
iodata,wlvahU0yjha1T3w5ITA0rN6lkqKN,ORCA,GSCz8oRWRR2pOM5YJIHzVw/ORCA_inputs_results_pH7.4/DCL0.out,0,success,,1,1
iodata,wlvahU0yjha1T3w5ITA0rN6lkqKN,ORCA,GSCz8oRWRR2pOM5YJIHzVw/ORCA_inputs_results_pH7.4/GGG-2par.inp,0,error,FileFormatError,0,0
iodata,wlvahU0yjha1T3w5ITA0rN6lkqKN,ORCA,GSCz8oRWRR2pOM5YJIHzVw/ORCA_inputs_results_pH7.4/GGG-2par.out,0,success,,1,1
iodata,wlvahU0yjha1T3w5ITA0rN6lkqKN,ORCA,GSCz8oRWRR2pOM5YJIHzVw/ORCA_inputs_results_pH7.4/IBU-1.inp,0,error,FileFormatError,0,0
iodata,wlvahU0yjha1T3w5ITA0rN6lkqKN,ORCA,GSCz8oRWRR2pOM5YJIHzVw/ORCA_inputs_results_pH7.4/ASA0.out,0,success,,1,1
iodata,wlvahU0yjha1T3w5ITA0rN6lkqKN,ORCA,GSCz8oRWRR2pOM5YJIHzVw/ORCA_inputs_results_pH7.4/IBU-1par.inp,0,error,FileFormatError,0,0
iodata,wlvahU0yjha1T3w5ITA0rN6lkqKN,ORCA,GSCz8oRWRR2pOM5YJIHzVw/ORCA_inputs_results_pH7.4/IBU-1par.out,0,success,,1,1
iodata,wlvahU0yjha1T3w5ITA0rN6lkqKN,ORCA,GSCz8oRWRR2pOM5YJIHzVw/ORCA_inputs_results_pH7.4/IBU0.inp,0,error,FileFormatError,0,0
iodata,wlvahU0yjha1T3w5ITA0rN6lkqKN,ORCA,GSCz8oRWRR2pOM5YJIHzVw/ORCA_inputs_results_pH7.4/CBZ0.out,0,success,,1,1
iodata,wlvahU0yjha1T3w5ITA0rN6lkqKN,ORCA,GSCz8oRWRR2pOM5YJIHzVw/ORCA_inputs_results_pH7.4/IBU0par.inp,0,error,FileFormatError,0,0
iodata,wlvahU0yjha1T3w5ITA0rN6lkqKN,ORCA,GSCz8oRWRR2pOM5YJIHzVw/ORCA_inputs_results_pH7.4/GGG-2.out,0,success,,1,1
iodata,wlvahU0yjha1T3w5ITA0rN6lkqKN,ORCA,GSCz8oRWRR2pOM5YJIHzVw/ORCA_inputs_results_pH7.4/SLC-1.inp,0,error,FileFormatError,0,0
iodata,wlvahU0yjha1T3w5ITA0rN6lkqKN,ORCA,GSCz8oRWRR2pOM5YJIHzVw/ORCA_inputs_results_pH7.4/IBU0par.out,0,success,,1,1
iodata,wlvahU0yjha1T3w5ITA0rN6lkqKN,ORCA,GSCz8oRWRR2pOM5YJIHzVw/ORCA_inputs_results_pH7.4/IBU-1.out,0,success,,1,1
iodata,wlvahU0yjha1T3w5ITA0rN6lkqKN,ORCA,GSCz8oRWRR2pOM5YJIHzVw/ORCA_inputs_results_pH7.4/SLC-1par.inp,0,error,FileFormatError,0,0
iodata,wlvahU0yjha1T3w5ITA0rN6lkqKN,ORCA,GSCz8oRWRR2pOM5YJIHzVw/ORCA_inputs_results_pH7.4/SLC0.inp,0,error,FileFormatError,0,0
iodata,wlvahU0yjha1T3w5ITA0rN6lkqKN,ORCA,GSCz8oRWRR2pOM5YJIHzVw/ORCA_inputs_results_pH7.4/SLC-1.out,0,success,,1,1
iodata,wlvahU0yjha1T3w5ITA0rN6lkqKN,ORCA,GSCz8oRWRR2pOM5YJIHzVw/ORCA_inputs_results_pH7.4/SLC0par.inp,0,error,FileFormatError,0,0
iodata,wlvahU0yjha1T3w5ITA0rN6lkqKN,ORCA,GSCz8oRWRR2pOM5YJIHzVw/ORCA_inputs_results_pH7.4/SLC-1par.out,0,success,,1,1
iodata,wlvahU0yjha1T3w5ITA0rN6lkqKN,ORCA,GSCz8oRWRR2pOM5YJIHzVw/ORCA_inputs_results_pH7.4/TTR-1.inp,0,error,FileFormatError,0,0
iodata,wlvahU0yjha1T3w5ITA0rN6lkqKN,ORCA,GSCz8oRWRR2pOM5YJIHzVw/ORCA_inputs_results_pH7.4/SLC0par.out,0,success,,1,1
iodata,wlvahU0yjha1T3w5ITA0rN6lkqKN,ORCA,GSCz8oRWRR2pOM5YJIHzVw/ORCA_inputs_results_pH7.4/TTR-1par.inp,0,error,FileFormatError,0,0
iodata,wlvahU0yjha1T3w5ITA0rN6lkqKN,ORCA,GSCz8oRWRR2pOM5YJIHzVw/ORCA_inputs_results_pH7.4/TTR-1par.out,0,success,,1,1
iodata,wlvahU0yjha1T3w5ITA0rN6lkqKN,ORCA,GSCz8oRWRR2pOM5YJIHzVw/ORCA_inputs_results_pH7.4/TTR-2.inp,0,error,FileFormatError,0,0
iodata,wlvahU0yjha1T3w5ITA0rN6lkqKN,ORCA,GSCz8oRWRR2pOM5YJIHzVw/ORCA_inputs_results_pH7.4/SLC0.out,0,success,,1,1
iodata,wlvahU0yjha1T3w5ITA0rN6lkqKN,ORCA,GSCz8oRWRR2pOM5YJIHzVw/ORCA_inputs_results_pH7.4/TTR-2par.inp,0,error,FileFormatError,0,0
iodata,wlvahU0yjha1T3w5ITA0rN6lkqKN,ORCA,GSCz8oRWRR2pOM5YJIHzVw/ORCA_inputs_results_pH7.4/TTR-2par.out,0,success,,1,1
iodata,wlvahU0yjha1T3w5ITA0rN6lkqKN,ORCA,GSCz8oRWRR2pOM5YJIHzVw/ORCA_inputs_results_pH7.4/VLP-1.inp,0,error,FileFormatError,0,0
iodata,wlvahU0yjha1T3w5ITA0rN6lkqKN,ORCA,GSCz8oRWRR2pOM5YJIHzVw/ORCA_inputs_results_pH7.4/VLP-1.out,0,success,,1,1
iodata,wlvahU0yjha1T3w5ITA0rN6lkqKN,ORCA,GSCz8oRWRR2pOM5YJIHzVw/ORCA_inputs_results_pH7.4/VLP-1par.inp,0,error,FileFormatError,0,0
iodata,wlvahU0yjha1T3w5ITA0rN6lkqKN,ORCA,GSCz8oRWRR2pOM5YJIHzVw/ORCA_inputs_results_pH7.4/TTR-1.out,1,success,,1,1
iodata,wlvahU0yjha1T3w5ITA0rN6lkqKN,ORCA,GSCz8oRWRR2pOM5YJIHzVw/ORCA_inputs_results_pH7.4/VLP0.inp,0,error,FileFormatError,0,0
iodata,wlvahU0yjha1T3w5ITA0rN6lkqKN,ORCA,GSCz8oRWRR2pOM5YJIHzVw/ORCA_inputs_results_pH7.4/VLP-1par.out,0,success,,1,1
iodata,wlvahU0yjha1T3w5ITA0rN6lkqKN,ORCA,GSCz8oRWRR2pOM5YJIHzVw/ORCA_inputs_results_pH7.4/VLP0par.inp,0,error,FileFormatError,0,0
iodata,wlvahU0yjha1T3w5ITA0rN6lkqKN,ORCA,GSCz8oRWRR2pOM5YJIHzVw/ORCA_inputs_results_pH7.4/VLP0par.out,0,success,,1,1
iodata,xt8vl0QFelP266phNABAe83kpnf_,LAMMPS,fRCEh8wEQ0u4VG--8N9LLQ/NOMAD/diffusion/nu1000_solo/c4/1d0/LAMMPS.stderr,0,error,FileFormatError,0,0
iodata,xt8vl0QFelP266phNABAe83kpnf_,LAMMPS,fRCEh8wEQ0u4VG--8N9LLQ/NOMAD/diffusion/nu1000_solo/c4/1d0/LAMMPS.stdout,0,error,FileFormatError,0,0
iodata,xt8vl0QFelP266phNABAe83kpnf_,LAMMPS,fRCEh8wEQ0u4VG--8N9LLQ/NOMAD/diffusion/nu1000_solo/c4/1d0/NU1000h2o_2_2_2but.min.csv,0,error,FileFormatError,0,0
iodata,xt8vl0QFelP266phNABAe83kpnf_,LAMMPS,fRCEh8wEQ0u4VG--8N9LLQ/NOMAD/diffusion/nu1000_solo/c4/1d0/in.lammps,0,error,FileFormatError,0,0
iodata,xt8vl0QFelP266phNABAe83kpnf_,LAMMPS,fRCEh8wEQ0u4VG--8N9LLQ/NOMAD/diffusion/nu1000_solo/c4/1d0/log.NU1000h2o_2_2_2but,0,error,FileFormatError,0,0
iodata,xt8vl0QFelP266phNABAe83kpnf_,LAMMPS,fRCEh8wEQ0u4VG--8N9LLQ/NOMAD/diffusion/nu1000_solo/c4/1d0/log.lammps,1,error,FileFormatError,0,0
iodata,wlvahU0yjha1T3w5ITA0rN6lkqKN,ORCA,GSCz8oRWRR2pOM5YJIHzVw/ORCA_inputs_results_pH7.4/IBU0.out,0,success,,1,1
iodata,wlvahU0yjha1T3w5ITA0rN6lkqKN,ORCA,GSCz8oRWRR2pOM5YJIHzVw/ORCA_inputs_results_pH7.4/VLP0.out,0,success,,1,1
iodata,xt8vl0QFelP266phNABAe83kpnf_,LAMMPS,fRCEh8wEQ0u4VG--8N9LLQ/NOMAD/diffusion/nu1000_solo/c4/1d0/olefin.data,0,error,FileFormatError,0,0
iodata,xt8vl0QFelP266phNABAe83kpnf_,LAMMPS,fRCEh8wEQ0u4VG--8N9LLQ/NOMAD/diffusion/nu1000_solo/c4/1d0/opt.equil,0,error,FileFormatError,0,0
iodata,yEZZiai9gtACrSbYUU83cXkiNyaj,Octopus,uxiinuyeSW2ZjDlc1HXdhQ/00065,0,error,FileFormatError,0,0
iodata,yEZZiai9gtACrSbYUU83cXkiNyaj,Octopus,uxiinuyeSW2ZjDlc1HXdhQ/casida,0,error,FileFormatError,0,0
iodata,yEZZiai9gtACrSbYUU83cXkiNyaj,Octopus,uxiinuyeSW2ZjDlc1HXdhQ/eps_diff,0,error,FileFormatError,0,0
iodata,yEZZiai9gtACrSbYUU83cXkiNyaj,Octopus,uxiinuyeSW2ZjDlc1HXdhQ/inp,0,error,FileFormatError,0,0
iodata,yEZZiai9gtACrSbYUU83cXkiNyaj,Octopus,uxiinuyeSW2ZjDlc1HXdhQ/output.out,1,empty,,0,0
iodata,yEZZiai9gtACrSbYUU83cXkiNyaj,Octopus,uxiinuyeSW2ZjDlc1HXdhQ/spectrum.casida,0,error,FileFormatError,0,0
iodata,yEZZiai9gtACrSbYUU83cXkiNyaj,Octopus,uxiinuyeSW2ZjDlc1HXdhQ/spectrum.eps_diff,0,error,FileFormatError,0,0
iodata,yEZZiai9gtACrSbYUU83cXkiNyaj,Octopus,uxiinuyeSW2ZjDlc1HXdhQ/spectrum.tamm_dancoff,0,error,FileFormatError,0,0
iodata,yEZZiai9gtACrSbYUU83cXkiNyaj,Octopus,uxiinuyeSW2ZjDlc1HXdhQ/tamm_dancoff,0,error,FileFormatError,0,0
iodata,yL5fT-q_8F2Lr1V5JDlKGy2y4bq1,NWChem,GMuZUSYeTeK1gsEVmecjKg/separableRI_nomad_v2/NWChem/Def2TZVP/molecules/hf/09_naphthalene_NWChem_noRI_HF_Def2TZVP/input.nw,0,error,FileFormatError,0,0
iodata,yL5fT-q_8F2Lr1V5JDlKGy2y4bq1,NWChem,GMuZUSYeTeK1gsEVmecjKg/separableRI_nomad_v2/NWChem/Def2TZVP/molecules/hf/09_naphthalene_NWChem_noRI_HF_Def2TZVP/output.out,1,empty,,0,0
iodata,yaQiW-Ljx4WRhLuxNZwTrV9z7ENm,NWChem,GMuZUSYeTeK1gsEVmecjKg/separableRI_nomad_v2/NWChem/Def2TZVP/molecules/hf/23_acetamide_NWChem_noRI_HF_Def2TZVP/input.nw,0,error,FileFormatError,0,0
iodata,xt8vl0QFelP266phNABAe83kpnf_,LAMMPS,fRCEh8wEQ0u4VG--8N9LLQ/NOMAD/diffusion/nu1000_solo/c4/1d0/nvt.equil,0,error,FileFormatError,0,0
iodata,ycOSC5qaQYF65znrTjRKG9I6TaV9,CP2K,HgarHl1tSluBF-5bhZPOfA/Inputs_Outputs_Periodic_Small_Cell_GW_TMDC-master/Figure_9/MoS2/Window_100/SZV_MOLOPT/GW.inp,0,error,FileFormatError,0,0
iodata,ycOSC5qaQYF65znrTjRKG9I6TaV9,CP2K,HgarHl1tSluBF-5bhZPOfA/Inputs_Outputs_Periodic_Small_Cell_GW_TMDC-master/Figure_9/MoS2/Window_100/SZV_MOLOPT/bandstructure_SCF_and_G0W0_plus_SOC,0,error,FileFormatError,0,0
iodata,ycOSC5qaQYF65znrTjRKG9I6TaV9,CP2K,HgarHl1tSluBF-5bhZPOfA/Inputs_Outputs_Periodic_Small_Cell_GW_TMDC-master/Figure_9/MoS2/Window_100/SZV_MOLOPT/cp2k.out,1,empty,,0,0
iodata,yiSp6LrFJxEf5dzspbOX_PyFDJ-j,CP2K,HgarHl1tSluBF-5bhZPOfA/Inputs_Outputs_Periodic_Small_Cell_GW_TMDC-master/Figure_9/WSe2/Window_10/TZVP_MOLOPT/GW.inp,0,error,FileFormatError,0,0
iodata,yiSp6LrFJxEf5dzspbOX_PyFDJ-j,CP2K,HgarHl1tSluBF-5bhZPOfA/Inputs_Outputs_Periodic_Small_Cell_GW_TMDC-master/Figure_9/WSe2/Window_10/TZVP_MOLOPT/bandstructure_SCF_and_G0W0_plus_SOC,0,error,FileFormatError,0,0
iodata,yiSp6LrFJxEf5dzspbOX_PyFDJ-j,CP2K,HgarHl1tSluBF-5bhZPOfA/Inputs_Outputs_Periodic_Small_Cell_GW_TMDC-master/Figure_9/WSe2/Window_10/TZVP_MOLOPT/cp2k.out,1,empty,,0,0
iodata,ytbyrwLI-BvnJ1ZFekukJC0IbVjo,ORCA,GSCz8oRWRR2pOM5YJIHzVw/ORCA_inputs_results_pH7.4/ACE-1.inp,0,error,FileFormatError,0,0
iodata,yaQiW-Ljx4WRhLuxNZwTrV9z7ENm,NWChem,GMuZUSYeTeK1gsEVmecjKg/separableRI_nomad_v2/NWChem/Def2TZVP/molecules/hf/23_acetamide_NWChem_noRI_HF_Def2TZVP/output.out,1,empty,,0,0
iodata,ytbyrwLI-BvnJ1ZFekukJC0IbVjo,ORCA,GSCz8oRWRR2pOM5YJIHzVw/ORCA_inputs_results_pH7.4/ACE-1par.inp,0,error,FileFormatError,0,0
iodata,ytbyrwLI-BvnJ1ZFekukJC0IbVjo,ORCA,GSCz8oRWRR2pOM5YJIHzVw/ORCA_inputs_results_pH7.4/ACE-1.out,0,success,,1,1
iodata,ytbyrwLI-BvnJ1ZFekukJC0IbVjo,ORCA,GSCz8oRWRR2pOM5YJIHzVw/ORCA_inputs_results_pH7.4/ACE-1par.out,0,success,,1,1
iodata,ytbyrwLI-BvnJ1ZFekukJC0IbVjo,ORCA,GSCz8oRWRR2pOM5YJIHzVw/ORCA_inputs_results_pH7.4/ACE0.inp,0,error,FileFormatError,0,0
iodata,ytbyrwLI-BvnJ1ZFekukJC0IbVjo,ORCA,GSCz8oRWRR2pOM5YJIHzVw/ORCA_inputs_results_pH7.4/ACE0par.inp,0,error,FileFormatError,0,0
iodata,ytbyrwLI-BvnJ1ZFekukJC0IbVjo,ORCA,GSCz8oRWRR2pOM5YJIHzVw/ORCA_inputs_results_pH7.4/ACE0par.out,1,success,,1,1
iodata,ytbyrwLI-BvnJ1ZFekukJC0IbVjo,ORCA,GSCz8oRWRR2pOM5YJIHzVw/ORCA_inputs_results_pH7.4/ACE0.out,0,success,,1,1
iodata,ytbyrwLI-BvnJ1ZFekukJC0IbVjo,ORCA,GSCz8oRWRR2pOM5YJIHzVw/ORCA_inputs_results_pH7.4/ASA-1.inp,0,error,FileFormatError,0,0
iodata,ytbyrwLI-BvnJ1ZFekukJC0IbVjo,ORCA,GSCz8oRWRR2pOM5YJIHzVw/ORCA_inputs_results_pH7.4/ASA-1par.inp,0,error,FileFormatError,0,0
iodata,ytbyrwLI-BvnJ1ZFekukJC0IbVjo,ORCA,GSCz8oRWRR2pOM5YJIHzVw/ORCA_inputs_results_pH7.4/ASA-1par.out,0,success,,1,1
iodata,ytbyrwLI-BvnJ1ZFekukJC0IbVjo,ORCA,GSCz8oRWRR2pOM5YJIHzVw/ORCA_inputs_results_pH7.4/ASA0.inp,0,error,FileFormatError,0,0
iodata,xt8vl0QFelP266phNABAe83kpnf_,LAMMPS,fRCEh8wEQ0u4VG--8N9LLQ/NOMAD/diffusion/nu1000_solo/c4/1d0/msd.dat,0,error,LoadError,0,0
iodata,ytbyrwLI-BvnJ1ZFekukJC0IbVjo,ORCA,GSCz8oRWRR2pOM5YJIHzVw/ORCA_inputs_results_pH7.4/ASA0par.inp,0,error,FileFormatError,0,0
iodata,ytbyrwLI-BvnJ1ZFekukJC0IbVjo,ORCA,GSCz8oRWRR2pOM5YJIHzVw/ORCA_inputs_results_pH7.4/ASA0par.out,0,success,,1,1
iodata,ytbyrwLI-BvnJ1ZFekukJC0IbVjo,ORCA,GSCz8oRWRR2pOM5YJIHzVw/ORCA_inputs_results_pH7.4/BEN0.inp,0,error,FileFormatError,0,0
iodata,wlvahU0yjha1T3w5ITA0rN6lkqKN,ORCA,GSCz8oRWRR2pOM5YJIHzVw/ORCA_inputs_results_pH7.4/TTR-2.out,0,success,,1,1
iodata,ytbyrwLI-BvnJ1ZFekukJC0IbVjo,ORCA,GSCz8oRWRR2pOM5YJIHzVw/ORCA_inputs_results_pH7.4/BEN0par.inp,0,error,FileFormatError,0,0
iodata,ytbyrwLI-BvnJ1ZFekukJC0IbVjo,ORCA,GSCz8oRWRR2pOM5YJIHzVw/ORCA_inputs_results_pH7.4/BEN0.out,0,success,,1,1
iodata,ytbyrwLI-BvnJ1ZFekukJC0IbVjo,ORCA,GSCz8oRWRR2pOM5YJIHzVw/ORCA_inputs_results_pH7.4/BEN0par.out,0,success,,1,1
iodata,ytbyrwLI-BvnJ1ZFekukJC0IbVjo,ORCA,GSCz8oRWRR2pOM5YJIHzVw/ORCA_inputs_results_pH7.4/CAF0.inp,0,error,FileFormatError,0,0
iodata,ytbyrwLI-BvnJ1ZFekukJC0IbVjo,ORCA,GSCz8oRWRR2pOM5YJIHzVw/ORCA_inputs_results_pH7.4/CAF0par.inp,0,error,FileFormatError,0,0
iodata,ytbyrwLI-BvnJ1ZFekukJC0IbVjo,ORCA,GSCz8oRWRR2pOM5YJIHzVw/ORCA_inputs_results_pH7.4/CAF0par.out,0,success,,1,1
iodata,ytbyrwLI-BvnJ1ZFekukJC0IbVjo,ORCA,GSCz8oRWRR2pOM5YJIHzVw/ORCA_inputs_results_pH7.4/CBZ0.inp,0,error,FileFormatError,0,0
iodata,ytbyrwLI-BvnJ1ZFekukJC0IbVjo,ORCA,GSCz8oRWRR2pOM5YJIHzVw/ORCA_inputs_results_pH7.4/ASA0.out,0,success,,1,1
iodata,ytbyrwLI-BvnJ1ZFekukJC0IbVjo,ORCA,GSCz8oRWRR2pOM5YJIHzVw/ORCA_inputs_results_pH7.4/CBZ0par.inp,0,error,FileFormatError,0,0
iodata,ytbyrwLI-BvnJ1ZFekukJC0IbVjo,ORCA,GSCz8oRWRR2pOM5YJIHzVw/ORCA_inputs_results_pH7.4/ASA-1.out,0,success,,1,1
iodata,ytbyrwLI-BvnJ1ZFekukJC0IbVjo,ORCA,GSCz8oRWRR2pOM5YJIHzVw/ORCA_inputs_results_pH7.4/DCL0.inp,0,error,FileFormatError,0,0
iodata,ytbyrwLI-BvnJ1ZFekukJC0IbVjo,ORCA,GSCz8oRWRR2pOM5YJIHzVw/ORCA_inputs_results_pH7.4/CAF0.out,0,success,,1,1
iodata,ytbyrwLI-BvnJ1ZFekukJC0IbVjo,ORCA,GSCz8oRWRR2pOM5YJIHzVw/ORCA_inputs_results_pH7.4/DCL0par.inp,0,error,FileFormatError,0,0
iodata,ytbyrwLI-BvnJ1ZFekukJC0IbVjo,ORCA,GSCz8oRWRR2pOM5YJIHzVw/ORCA_inputs_results_pH7.4/DCL0par.out,0,success,,1,1
iodata,ytbyrwLI-BvnJ1ZFekukJC0IbVjo,ORCA,GSCz8oRWRR2pOM5YJIHzVw/ORCA_inputs_results_pH7.4/CBZ0par.out,0,success,,1,1
iodata,ytbyrwLI-BvnJ1ZFekukJC0IbVjo,ORCA,GSCz8oRWRR2pOM5YJIHzVw/ORCA_inputs_results_pH7.4/GGG-2.inp,0,error,FileFormatError,0,0
iodata,ytbyrwLI-BvnJ1ZFekukJC0IbVjo,ORCA,GSCz8oRWRR2pOM5YJIHzVw/ORCA_inputs_results_pH7.4/GGG-2par.inp,0,error,FileFormatError,0,0
iodata,ytbyrwLI-BvnJ1ZFekukJC0IbVjo,ORCA,GSCz8oRWRR2pOM5YJIHzVw/ORCA_inputs_results_pH7.4/DCL0.out,0,success,,1,1
iodata,ytbyrwLI-BvnJ1ZFekukJC0IbVjo,ORCA,GSCz8oRWRR2pOM5YJIHzVw/ORCA_inputs_results_pH7.4/IBU-1.inp,0,error,FileFormatError,0,0
iodata,ytbyrwLI-BvnJ1ZFekukJC0IbVjo,ORCA,GSCz8oRWRR2pOM5YJIHzVw/ORCA_inputs_results_pH7.4/GGG-2par.out,0,success,,1,1
iodata,ytbyrwLI-BvnJ1ZFekukJC0IbVjo,ORCA,GSCz8oRWRR2pOM5YJIHzVw/ORCA_inputs_results_pH7.4/IBU-1par.inp,0,error,FileFormatError,0,0
iodata,ytbyrwLI-BvnJ1ZFekukJC0IbVjo,ORCA,GSCz8oRWRR2pOM5YJIHzVw/ORCA_inputs_results_pH7.4/IBU-1par.out,0,success,,1,1
iodata,ytbyrwLI-BvnJ1ZFekukJC0IbVjo,ORCA,GSCz8oRWRR2pOM5YJIHzVw/ORCA_inputs_results_pH7.4/IBU0.inp,0,error,FileFormatError,0,0
iodata,ytbyrwLI-BvnJ1ZFekukJC0IbVjo,ORCA,GSCz8oRWRR2pOM5YJIHzVw/ORCA_inputs_results_pH7.4/CBZ0.out,0,success,,1,1
iodata,ytbyrwLI-BvnJ1ZFekukJC0IbVjo,ORCA,GSCz8oRWRR2pOM5YJIHzVw/ORCA_inputs_results_pH7.4/IBU0par.inp,0,error,FileFormatError,0,0
iodata,ytbyrwLI-BvnJ1ZFekukJC0IbVjo,ORCA,GSCz8oRWRR2pOM5YJIHzVw/ORCA_inputs_results_pH7.4/IBU0par.out,0,success,,1,1
iodata,ytbyrwLI-BvnJ1ZFekukJC0IbVjo,ORCA,GSCz8oRWRR2pOM5YJIHzVw/ORCA_inputs_results_pH7.4/SLC-1.inp,0,error,FileFormatError,0,0
iodata,ytbyrwLI-BvnJ1ZFekukJC0IbVjo,ORCA,GSCz8oRWRR2pOM5YJIHzVw/ORCA_inputs_results_pH7.4/SLC-1.out,0,success,,1,1
iodata,ytbyrwLI-BvnJ1ZFekukJC0IbVjo,ORCA,GSCz8oRWRR2pOM5YJIHzVw/ORCA_inputs_results_pH7.4/SLC-1par.inp,0,error,FileFormatError,0,0
iodata,ytbyrwLI-BvnJ1ZFekukJC0IbVjo,ORCA,GSCz8oRWRR2pOM5YJIHzVw/ORCA_inputs_results_pH7.4/IBU-1.out,0,success,,1,1
iodata,ytbyrwLI-BvnJ1ZFekukJC0IbVjo,ORCA,GSCz8oRWRR2pOM5YJIHzVw/ORCA_inputs_results_pH7.4/SLC0.inp,0,error,FileFormatError,0,0
iodata,ytbyrwLI-BvnJ1ZFekukJC0IbVjo,ORCA,GSCz8oRWRR2pOM5YJIHzVw/ORCA_inputs_results_pH7.4/SLC-1par.out,0,success,,1,1
iodata,ytbyrwLI-BvnJ1ZFekukJC0IbVjo,ORCA,GSCz8oRWRR2pOM5YJIHzVw/ORCA_inputs_results_pH7.4/SLC0par.inp,0,error,FileFormatError,0,0
iodata,ytbyrwLI-BvnJ1ZFekukJC0IbVjo,ORCA,GSCz8oRWRR2pOM5YJIHzVw/ORCA_inputs_results_pH7.4/SLC0par.out,0,success,,1,1
iodata,ytbyrwLI-BvnJ1ZFekukJC0IbVjo,ORCA,GSCz8oRWRR2pOM5YJIHzVw/ORCA_inputs_results_pH7.4/IBU0.out,0,success,,1,1
iodata,ytbyrwLI-BvnJ1ZFekukJC0IbVjo,ORCA,GSCz8oRWRR2pOM5YJIHzVw/ORCA_inputs_results_pH7.4/TTR-1.inp,0,error,FileFormatError,0,0
iodata,ytbyrwLI-BvnJ1ZFekukJC0IbVjo,ORCA,GSCz8oRWRR2pOM5YJIHzVw/ORCA_inputs_results_pH7.4/TTR-1par.inp,0,error,FileFormatError,0,0
iodata,ytbyrwLI-BvnJ1ZFekukJC0IbVjo,ORCA,GSCz8oRWRR2pOM5YJIHzVw/ORCA_inputs_results_pH7.4/TTR-1par.out,0,success,,1,1
iodata,ytbyrwLI-BvnJ1ZFekukJC0IbVjo,ORCA,GSCz8oRWRR2pOM5YJIHzVw/ORCA_inputs_results_pH7.4/TTR-2.inp,0,error,FileFormatError,0,0
iodata,ytbyrwLI-BvnJ1ZFekukJC0IbVjo,ORCA,GSCz8oRWRR2pOM5YJIHzVw/ORCA_inputs_results_pH7.4/SLC0.out,0,success,,1,1
iodata,ytbyrwLI-BvnJ1ZFekukJC0IbVjo,ORCA,GSCz8oRWRR2pOM5YJIHzVw/ORCA_inputs_results_pH7.4/TTR-2par.inp,0,error,FileFormatError,0,0
iodata,ytbyrwLI-BvnJ1ZFekukJC0IbVjo,ORCA,GSCz8oRWRR2pOM5YJIHzVw/ORCA_inputs_results_pH7.4/GGG-2.out,0,success,,1,1
iodata,ytbyrwLI-BvnJ1ZFekukJC0IbVjo,ORCA,GSCz8oRWRR2pOM5YJIHzVw/ORCA_inputs_results_pH7.4/TTR-2par.out,0,success,,1,1
iodata,ytbyrwLI-BvnJ1ZFekukJC0IbVjo,ORCA,GSCz8oRWRR2pOM5YJIHzVw/ORCA_inputs_results_pH7.4/VLP-1.inp,0,error,FileFormatError,0,0
iodata,ytbyrwLI-BvnJ1ZFekukJC0IbVjo,ORCA,GSCz8oRWRR2pOM5YJIHzVw/ORCA_inputs_results_pH7.4/VLP-1par.inp,0,error,FileFormatError,0,0
iodata,ytbyrwLI-BvnJ1ZFekukJC0IbVjo,ORCA,GSCz8oRWRR2pOM5YJIHzVw/ORCA_inputs_results_pH7.4/VLP-1par.out,0,success,,1,1
iodata,ytbyrwLI-BvnJ1ZFekukJC0IbVjo,ORCA,GSCz8oRWRR2pOM5YJIHzVw/ORCA_inputs_results_pH7.4/VLP0.inp,0,error,FileFormatError,0,0
iodata,ytbyrwLI-BvnJ1ZFekukJC0IbVjo,ORCA,GSCz8oRWRR2pOM5YJIHzVw/ORCA_inputs_results_pH7.4/TTR-1.out,0,success,,1,1
iodata,ytbyrwLI-BvnJ1ZFekukJC0IbVjo,ORCA,GSCz8oRWRR2pOM5YJIHzVw/ORCA_inputs_results_pH7.4/VLP0par.inp,0,error,FileFormatError,0,0
iodata,ytbyrwLI-BvnJ1ZFekukJC0IbVjo,ORCA,GSCz8oRWRR2pOM5YJIHzVw/ORCA_inputs_results_pH7.4/VLP0par.out,0,success,,1,1
iodata,yzVrn4831KFsSTgMd5zNGi6YjSKN,VASP,OWvCtMY0RWe98WYGBLuwxA/nomad_upload/P/binding_energies/DFThalf/sc7/pristine/EIGENVAL,0,error,FileFormatError,0,0
iodata,yzVrn4831KFsSTgMd5zNGi6YjSKN,VASP,OWvCtMY0RWe98WYGBLuwxA/nomad_upload/P/binding_energies/DFThalf/sc7/pristine/INCAR,0,error,FileFormatError,0,0
iodata,yzVrn4831KFsSTgMd5zNGi6YjSKN,VASP,OWvCtMY0RWe98WYGBLuwxA/nomad_upload/P/binding_energies/DFThalf/sc7/pristine/KPOINTS,0,error,FileFormatError,0,0
iodata,yzVrn4831KFsSTgMd5zNGi6YjSKN,VASP,OWvCtMY0RWe98WYGBLuwxA/nomad_upload/P/binding_energies/DFThalf/sc7/pristine/OUTCAR,0,error,FileFormatError,0,0
iodata,yzVrn4831KFsSTgMd5zNGi6YjSKN,VASP,OWvCtMY0RWe98WYGBLuwxA/nomad_upload/P/binding_energies/DFThalf/sc7/pristine/POSCAR,0,error,LoadError,0,0
iodata,yzVrn4831KFsSTgMd5zNGi6YjSKN,VASP,OWvCtMY0RWe98WYGBLuwxA/nomad_upload/P/binding_energies/DFThalf/sc7/pristine/vasprun.xml,1,error,FileFormatError,0,0
iodata,zOnVuVC5y8Wf-1SEGPJj8EfwTYqB,ORCA,GSCz8oRWRR2pOM5YJIHzVw/ORCA_inputs_results_pH7.4/ACE-1.inp,0,error,FileFormatError,0,0
iodata,ytbyrwLI-BvnJ1ZFekukJC0IbVjo,ORCA,GSCz8oRWRR2pOM5YJIHzVw/ORCA_inputs_results_pH7.4/VLP0.out,0,success,,1,1
iodata,zOnVuVC5y8Wf-1SEGPJj8EfwTYqB,ORCA,GSCz8oRWRR2pOM5YJIHzVw/ORCA_inputs_results_pH7.4/ACE-1par.inp,0,error,FileFormatError,0,0
iodata,zOnVuVC5y8Wf-1SEGPJj8EfwTYqB,ORCA,GSCz8oRWRR2pOM5YJIHzVw/ORCA_inputs_results_pH7.4/ACE-1par.out,0,success,,1,1
iodata,zOnVuVC5y8Wf-1SEGPJj8EfwTYqB,ORCA,GSCz8oRWRR2pOM5YJIHzVw/ORCA_inputs_results_pH7.4/ACE0.inp,0,error,FileFormatError,0,0
iodata,zOnVuVC5y8Wf-1SEGPJj8EfwTYqB,ORCA,GSCz8oRWRR2pOM5YJIHzVw/ORCA_inputs_results_pH7.4/ACE-1.out,0,success,,1,1
iodata,zOnVuVC5y8Wf-1SEGPJj8EfwTYqB,ORCA,GSCz8oRWRR2pOM5YJIHzVw/ORCA_inputs_results_pH7.4/ACE0par.inp,0,error,FileFormatError,0,0
iodata,zOnVuVC5y8Wf-1SEGPJj8EfwTYqB,ORCA,GSCz8oRWRR2pOM5YJIHzVw/ORCA_inputs_results_pH7.4/ACE0par.out,0,success,,1,1
iodata,zOnVuVC5y8Wf-1SEGPJj8EfwTYqB,ORCA,GSCz8oRWRR2pOM5YJIHzVw/ORCA_inputs_results_pH7.4/ASA-1.inp,0,error,FileFormatError,0,0
iodata,zOnVuVC5y8Wf-1SEGPJj8EfwTYqB,ORCA,GSCz8oRWRR2pOM5YJIHzVw/ORCA_inputs_results_pH7.4/ACE0.out,0,success,,1,1
iodata,ytbyrwLI-BvnJ1ZFekukJC0IbVjo,ORCA,GSCz8oRWRR2pOM5YJIHzVw/ORCA_inputs_results_pH7.4/VLP-1.out,0,success,,1,1
iodata,zOnVuVC5y8Wf-1SEGPJj8EfwTYqB,ORCA,GSCz8oRWRR2pOM5YJIHzVw/ORCA_inputs_results_pH7.4/ASA-1par.inp,0,error,FileFormatError,0,0
iodata,zOnVuVC5y8Wf-1SEGPJj8EfwTYqB,ORCA,GSCz8oRWRR2pOM5YJIHzVw/ORCA_inputs_results_pH7.4/ASA0.inp,0,error,FileFormatError,0,0
iodata,zOnVuVC5y8Wf-1SEGPJj8EfwTYqB,ORCA,GSCz8oRWRR2pOM5YJIHzVw/ORCA_inputs_results_pH7.4/ASA-1par.out,0,success,,1,1
iodata,zOnVuVC5y8Wf-1SEGPJj8EfwTYqB,ORCA,GSCz8oRWRR2pOM5YJIHzVw/ORCA_inputs_results_pH7.4/ASA0par.inp,0,error,FileFormatError,0,0
iodata,zOnVuVC5y8Wf-1SEGPJj8EfwTYqB,ORCA,GSCz8oRWRR2pOM5YJIHzVw/ORCA_inputs_results_pH7.4/ASA-1.out,0,success,,1,1
iodata,zOnVuVC5y8Wf-1SEGPJj8EfwTYqB,ORCA,GSCz8oRWRR2pOM5YJIHzVw/ORCA_inputs_results_pH7.4/BEN0.inp,0,error,FileFormatError,0,0
iodata,zOnVuVC5y8Wf-1SEGPJj8EfwTYqB,ORCA,GSCz8oRWRR2pOM5YJIHzVw/ORCA_inputs_results_pH7.4/ASA0par.out,1,success,,1,1
iodata,zOnVuVC5y8Wf-1SEGPJj8EfwTYqB,ORCA,GSCz8oRWRR2pOM5YJIHzVw/ORCA_inputs_results_pH7.4/BEN0.out,0,success,,1,1
iodata,zOnVuVC5y8Wf-1SEGPJj8EfwTYqB,ORCA,GSCz8oRWRR2pOM5YJIHzVw/ORCA_inputs_results_pH7.4/BEN0par.inp,0,error,FileFormatError,0,0
iodata,zOnVuVC5y8Wf-1SEGPJj8EfwTYqB,ORCA,GSCz8oRWRR2pOM5YJIHzVw/ORCA_inputs_results_pH7.4/CAF0.inp,0,error,FileFormatError,0,0
iodata,zOnVuVC5y8Wf-1SEGPJj8EfwTYqB,ORCA,GSCz8oRWRR2pOM5YJIHzVw/ORCA_inputs_results_pH7.4/BEN0par.out,0,success,,1,1
iodata,zOnVuVC5y8Wf-1SEGPJj8EfwTYqB,ORCA,GSCz8oRWRR2pOM5YJIHzVw/ORCA_inputs_results_pH7.4/CAF0par.inp,0,error,FileFormatError,0,0
iodata,zOnVuVC5y8Wf-1SEGPJj8EfwTYqB,ORCA,GSCz8oRWRR2pOM5YJIHzVw/ORCA_inputs_results_pH7.4/CAF0par.out,0,success,,1,1
iodata,zOnVuVC5y8Wf-1SEGPJj8EfwTYqB,ORCA,GSCz8oRWRR2pOM5YJIHzVw/ORCA_inputs_results_pH7.4/CBZ0.inp,0,error,FileFormatError,0,0
iodata,zOnVuVC5y8Wf-1SEGPJj8EfwTYqB,ORCA,GSCz8oRWRR2pOM5YJIHzVw/ORCA_inputs_results_pH7.4/ASA0.out,0,success,,1,1
iodata,zOnVuVC5y8Wf-1SEGPJj8EfwTYqB,ORCA,GSCz8oRWRR2pOM5YJIHzVw/ORCA_inputs_results_pH7.4/CBZ0par.inp,0,error,FileFormatError,0,0
iodata,zOnVuVC5y8Wf-1SEGPJj8EfwTYqB,ORCA,GSCz8oRWRR2pOM5YJIHzVw/ORCA_inputs_results_pH7.4/CBZ0par.out,0,success,,1,1
iodata,zOnVuVC5y8Wf-1SEGPJj8EfwTYqB,ORCA,GSCz8oRWRR2pOM5YJIHzVw/ORCA_inputs_results_pH7.4/DCL0.inp,0,error,FileFormatError,0,0
iodata,zOnVuVC5y8Wf-1SEGPJj8EfwTYqB,ORCA,GSCz8oRWRR2pOM5YJIHzVw/ORCA_inputs_results_pH7.4/CAF0.out,0,success,,1,1
iodata,zOnVuVC5y8Wf-1SEGPJj8EfwTYqB,ORCA,GSCz8oRWRR2pOM5YJIHzVw/ORCA_inputs_results_pH7.4/CBZ0.out,0,success,,1,1
iodata,zOnVuVC5y8Wf-1SEGPJj8EfwTYqB,ORCA,GSCz8oRWRR2pOM5YJIHzVw/ORCA_inputs_results_pH7.4/DCL0par.inp,0,error,FileFormatError,0,0
iodata,zOnVuVC5y8Wf-1SEGPJj8EfwTYqB,ORCA,GSCz8oRWRR2pOM5YJIHzVw/ORCA_inputs_results_pH7.4/GGG-2.inp,0,error,FileFormatError,0,0
iodata,zOnVuVC5y8Wf-1SEGPJj8EfwTYqB,ORCA,GSCz8oRWRR2pOM5YJIHzVw/ORCA_inputs_results_pH7.4/DCL0par.out,0,success,,1,1
iodata,zOnVuVC5y8Wf-1SEGPJj8EfwTYqB,ORCA,GSCz8oRWRR2pOM5YJIHzVw/ORCA_inputs_results_pH7.4/GGG-2par.inp,0,error,FileFormatError,0,0
iodata,zOnVuVC5y8Wf-1SEGPJj8EfwTYqB,ORCA,GSCz8oRWRR2pOM5YJIHzVw/ORCA_inputs_results_pH7.4/GGG-2par.out,0,success,,1,1
iodata,zOnVuVC5y8Wf-1SEGPJj8EfwTYqB,ORCA,GSCz8oRWRR2pOM5YJIHzVw/ORCA_inputs_results_pH7.4/DCL0.out,0,success,,1,1
iodata,zOnVuVC5y8Wf-1SEGPJj8EfwTYqB,ORCA,GSCz8oRWRR2pOM5YJIHzVw/ORCA_inputs_results_pH7.4/IBU-1.inp,0,error,FileFormatError,0,0
iodata,zOnVuVC5y8Wf-1SEGPJj8EfwTYqB,ORCA,GSCz8oRWRR2pOM5YJIHzVw/ORCA_inputs_results_pH7.4/IBU-1par.inp,0,error,FileFormatError,0,0
iodata,zOnVuVC5y8Wf-1SEGPJj8EfwTYqB,ORCA,GSCz8oRWRR2pOM5YJIHzVw/ORCA_inputs_results_pH7.4/IBU-1par.out,0,success,,1,1
iodata,zOnVuVC5y8Wf-1SEGPJj8EfwTYqB,ORCA,GSCz8oRWRR2pOM5YJIHzVw/ORCA_inputs_results_pH7.4/IBU0.inp,0,error,FileFormatError,0,0
iodata,mbJdWz98ooWTe6iyr61yGztZ7rgy,FHI-aims,s7RWKK2cTgmBh_c5sD9m7A/MoS2/Vac/hse/aims.out,1,empty,,0,0
iodata,zOnVuVC5y8Wf-1SEGPJj8EfwTYqB,ORCA,GSCz8oRWRR2pOM5YJIHzVw/ORCA_inputs_results_pH7.4/IBU0par.inp,0,error,FileFormatError,0,0
iodata,zOnVuVC5y8Wf-1SEGPJj8EfwTYqB,ORCA,GSCz8oRWRR2pOM5YJIHzVw/ORCA_inputs_results_pH7.4/IBU0par.out,0,success,,1,1
iodata,zOnVuVC5y8Wf-1SEGPJj8EfwTYqB,ORCA,GSCz8oRWRR2pOM5YJIHzVw/ORCA_inputs_results_pH7.4/SLC-1.inp,0,error,FileFormatError,0,0
iodata,ytbyrwLI-BvnJ1ZFekukJC0IbVjo,ORCA,GSCz8oRWRR2pOM5YJIHzVw/ORCA_inputs_results_pH7.4/TTR-2.out,0,success,,1,1
iodata,zOnVuVC5y8Wf-1SEGPJj8EfwTYqB,ORCA,GSCz8oRWRR2pOM5YJIHzVw/ORCA_inputs_results_pH7.4/SLC-1par.inp,0,error,FileFormatError,0,0
iodata,zOnVuVC5y8Wf-1SEGPJj8EfwTYqB,ORCA,GSCz8oRWRR2pOM5YJIHzVw/ORCA_inputs_results_pH7.4/SLC-1.out,0,success,,1,1
iodata,zOnVuVC5y8Wf-1SEGPJj8EfwTYqB,ORCA,GSCz8oRWRR2pOM5YJIHzVw/ORCA_inputs_results_pH7.4/SLC0.inp,0,error,FileFormatError,0,0
iodata,zOnVuVC5y8Wf-1SEGPJj8EfwTYqB,ORCA,GSCz8oRWRR2pOM5YJIHzVw/ORCA_inputs_results_pH7.4/SLC-1par.out,0,success,,1,1
iodata,zOnVuVC5y8Wf-1SEGPJj8EfwTYqB,ORCA,GSCz8oRWRR2pOM5YJIHzVw/ORCA_inputs_results_pH7.4/SLC0par.inp,0,error,FileFormatError,0,0
iodata,zOnVuVC5y8Wf-1SEGPJj8EfwTYqB,ORCA,GSCz8oRWRR2pOM5YJIHzVw/ORCA_inputs_results_pH7.4/SLC0par.out,0,success,,1,1
iodata,zOnVuVC5y8Wf-1SEGPJj8EfwTYqB,ORCA,GSCz8oRWRR2pOM5YJIHzVw/ORCA_inputs_results_pH7.4/TTR-1.inp,0,error,FileFormatError,0,0
iodata,zOnVuVC5y8Wf-1SEGPJj8EfwTYqB,ORCA,GSCz8oRWRR2pOM5YJIHzVw/ORCA_inputs_results_pH7.4/SLC0.out,0,success,,1,1
iodata,zOnVuVC5y8Wf-1SEGPJj8EfwTYqB,ORCA,GSCz8oRWRR2pOM5YJIHzVw/ORCA_inputs_results_pH7.4/TTR-1par.inp,0,error,FileFormatError,0,0
iodata,zOnVuVC5y8Wf-1SEGPJj8EfwTYqB,ORCA,GSCz8oRWRR2pOM5YJIHzVw/ORCA_inputs_results_pH7.4/IBU0.out,0,success,,1,1
iodata,zOnVuVC5y8Wf-1SEGPJj8EfwTYqB,ORCA,GSCz8oRWRR2pOM5YJIHzVw/ORCA_inputs_results_pH7.4/TTR-2.inp,0,error,FileFormatError,0,0
iodata,zOnVuVC5y8Wf-1SEGPJj8EfwTYqB,ORCA,GSCz8oRWRR2pOM5YJIHzVw/ORCA_inputs_results_pH7.4/IBU-1.out,0,success,,1,1
iodata,zOnVuVC5y8Wf-1SEGPJj8EfwTYqB,ORCA,GSCz8oRWRR2pOM5YJIHzVw/ORCA_inputs_results_pH7.4/TTR-2par.inp,0,error,FileFormatError,0,0
iodata,zOnVuVC5y8Wf-1SEGPJj8EfwTYqB,ORCA,GSCz8oRWRR2pOM5YJIHzVw/ORCA_inputs_results_pH7.4/TTR-1par.out,0,success,,1,1
iodata,zOnVuVC5y8Wf-1SEGPJj8EfwTYqB,ORCA,GSCz8oRWRR2pOM5YJIHzVw/ORCA_inputs_results_pH7.4/VLP-1.inp,0,error,FileFormatError,0,0
iodata,zOnVuVC5y8Wf-1SEGPJj8EfwTYqB,ORCA,GSCz8oRWRR2pOM5YJIHzVw/ORCA_inputs_results_pH7.4/TTR-2par.out,0,success,,1,1
iodata,zOnVuVC5y8Wf-1SEGPJj8EfwTYqB,ORCA,GSCz8oRWRR2pOM5YJIHzVw/ORCA_inputs_results_pH7.4/GGG-2.out,0,success,,1,1
iodata,zOnVuVC5y8Wf-1SEGPJj8EfwTYqB,ORCA,GSCz8oRWRR2pOM5YJIHzVw/ORCA_inputs_results_pH7.4/VLP-1par.inp,0,error,FileFormatError,0,0
iodata,zOnVuVC5y8Wf-1SEGPJj8EfwTYqB,ORCA,GSCz8oRWRR2pOM5YJIHzVw/ORCA_inputs_results_pH7.4/VLP0.inp,0,error,FileFormatError,0,0
iodata,zOnVuVC5y8Wf-1SEGPJj8EfwTYqB,ORCA,GSCz8oRWRR2pOM5YJIHzVw/ORCA_inputs_results_pH7.4/VLP-1par.out,0,success,,1,1
iodata,zOnVuVC5y8Wf-1SEGPJj8EfwTYqB,ORCA,GSCz8oRWRR2pOM5YJIHzVw/ORCA_inputs_results_pH7.4/VLP0par.inp,0,error,FileFormatError,0,0
iodata,zOnVuVC5y8Wf-1SEGPJj8EfwTYqB,ORCA,GSCz8oRWRR2pOM5YJIHzVw/ORCA_inputs_results_pH7.4/VLP-1.out,0,success,,1,1
iodata,zWWsNOkalQRYFPYyLmafwWwMpJ7R,NWChem,GMuZUSYeTeK1gsEVmecjKg/separableRI_nomad_v2/NWChem/Def2TZVP/atom/mp2/08_Nitrogen_NWChem_noRI_MP2_Def2TZVP/input.nw,0,error,FileFormatError,0,0
iodata,zWWsNOkalQRYFPYyLmafwWwMpJ7R,NWChem,GMuZUSYeTeK1gsEVmecjKg/separableRI_nomad_v2/NWChem/Def2TZVP/atom/mp2/08_Nitrogen_NWChem_noRI_MP2_Def2TZVP/output.out,1,empty,,0,0
iodata,zr7YIQ17tuWOUjCM7OspKDQ87ito,CP2K,HgarHl1tSluBF-5bhZPOfA/Inputs_Outputs_Periodic_Small_Cell_GW_TMDC-master/Figure_9/WSe2/Window_100/TZV2P_MOLOPT/GW.inp,0,error,FileFormatError,0,0
iodata,zr7YIQ17tuWOUjCM7OspKDQ87ito,CP2K,HgarHl1tSluBF-5bhZPOfA/Inputs_Outputs_Periodic_Small_Cell_GW_TMDC-master/Figure_9/WSe2/Window_100/TZV2P_MOLOPT/bandstructure_SCF_and_G0W0_plus_SOC,0,error,FileFormatError,0,0
iodata,zr7YIQ17tuWOUjCM7OspKDQ87ito,CP2K,HgarHl1tSluBF-5bhZPOfA/Inputs_Outputs_Periodic_Small_Cell_GW_TMDC-master/Figure_9/WSe2/Window_100/TZV2P_MOLOPT/cp2k.out,1,empty,,0,0
iodata,zrBGgzazZT1LBD6kkOGMlLkr-dhl,CASTEP,loddw6wwSbKmyTgsHuX6PQ/benzene_rotation_x/angle_1/sites/2/ELNES.param,0,error,FileFormatError,0,0
iodata,zOnVuVC5y8Wf-1SEGPJj8EfwTYqB,ORCA,GSCz8oRWRR2pOM5YJIHzVw/ORCA_inputs_results_pH7.4/VLP0par.out,0,success,,1,1
iodata,zrBGgzazZT1LBD6kkOGMlLkr-dhl,CASTEP,loddw6wwSbKmyTgsHuX6PQ/benzene_rotation_x/angle_1/sites/2/case.bands,0,error,FileFormatError,0,0
iodata,zrBGgzazZT1LBD6kkOGMlLkr-dhl,CASTEP,loddw6wwSbKmyTgsHuX6PQ/benzene_rotation_x/angle_1/sites/2/case.bib,0,error,FileFormatError,0,0
iodata,zrBGgzazZT1LBD6kkOGMlLkr-dhl,CASTEP,loddw6wwSbKmyTgsHuX6PQ/benzene_rotation_x/angle_1/sites/2/case.castep_bin,0,error,FileFormatError,0,0
iodata,zrBGgzazZT1LBD6kkOGMlLkr-dhl,CASTEP,loddw6wwSbKmyTgsHuX6PQ/benzene_rotation_x/angle_1/sites/2/case.castep,1,error,FileFormatError,0,0
iodata,zrBGgzazZT1LBD6kkOGMlLkr-dhl,CASTEP,loddw6wwSbKmyTgsHuX6PQ/benzene_rotation_x/angle_1/sites/2/case.check,0,error,FileFormatError,0,0
iodata,zrBGgzazZT1LBD6kkOGMlLkr-dhl,CASTEP,loddw6wwSbKmyTgsHuX6PQ/benzene_rotation_x/angle_1/sites/2/case.cell,0,error,FileFormatError,0,0
iodata,zrBGgzazZT1LBD6kkOGMlLkr-dhl,CASTEP,loddw6wwSbKmyTgsHuX6PQ/benzene_rotation_x/angle_1/sites/2/case.param,0,error,FileFormatError,0,0
iodata,zrBGgzazZT1LBD6kkOGMlLkr-dhl,CASTEP,loddw6wwSbKmyTgsHuX6PQ/benzene_rotation_x/angle_1/sites/2/case.cst_esp,0,error,FileFormatError,0,0
iodata,zrBGgzazZT1LBD6kkOGMlLkr-dhl,CASTEP,loddw6wwSbKmyTgsHuX6PQ/benzene_rotation_x/angle_1/sites/2/case_elnes.bib,0,error,FileFormatError,0,0
iodata,zrBGgzazZT1LBD6kkOGMlLkr-dhl,CASTEP,loddw6wwSbKmyTgsHuX6PQ/benzene_rotation_x/angle_1/sites/2/case_elnes.bands,0,error,FileFormatError,0,0
iodata,zrBGgzazZT1LBD6kkOGMlLkr-dhl,CASTEP,loddw6wwSbKmyTgsHuX6PQ/benzene_rotation_x/angle_1/sites/2/case_elnes.castep,0,error,FileFormatError,0,0
iodata,zOnVuVC5y8Wf-1SEGPJj8EfwTYqB,ORCA,GSCz8oRWRR2pOM5YJIHzVw/ORCA_inputs_results_pH7.4/TTR-1.out,0,success,,1,1
iodata,zrBGgzazZT1LBD6kkOGMlLkr-dhl,CASTEP,loddw6wwSbKmyTgsHuX6PQ/benzene_rotation_x/angle_1/sites/2/case_elnes.cell,0,error,FileFormatError,0,0
iodata,zrBGgzazZT1LBD6kkOGMlLkr-dhl,CASTEP,loddw6wwSbKmyTgsHuX6PQ/benzene_rotation_x/angle_1/sites/2/case_elnes.check,0,error,FileFormatError,0,0
iodata,zrBGgzazZT1LBD6kkOGMlLkr-dhl,CASTEP,loddw6wwSbKmyTgsHuX6PQ/benzene_rotation_x/angle_1/sites/2/case_elnes.castep_bin,0,error,FileFormatError,0,0
iodata,zrBGgzazZT1LBD6kkOGMlLkr-dhl,CASTEP,loddw6wwSbKmyTgsHuX6PQ/benzene_rotation_x/angle_1/sites/2/case_elnes.eels_mat,0,error,FileFormatError,0,0
iodata,zrBGgzazZT1LBD6kkOGMlLkr-dhl,CASTEP,loddw6wwSbKmyTgsHuX6PQ/benzene_rotation_x/angle_1/sites/2/case_elnes.elnes,0,error,FileFormatError,0,0
iodata,zrBGgzazZT1LBD6kkOGMlLkr-dhl,CASTEP,loddw6wwSbKmyTgsHuX6PQ/benzene_rotation_x/angle_1/sites/2/case_elnes.cst_esp,0,error,FileFormatError,0,0
iodata,zrBGgzazZT1LBD6kkOGMlLkr-dhl,CASTEP,loddw6wwSbKmyTgsHuX6PQ/benzene_rotation_x/angle_1/sites/2/case_elnes.param,0,error,FileFormatError,0,0
iodata,zrBGgzazZT1LBD6kkOGMlLkr-dhl,CASTEP,loddw6wwSbKmyTgsHuX6PQ/benzene_rotation_x/angle_1/sites/2/case_elnes.uncorr,0,error,FileFormatError,0,0
iodata,zrBGgzazZT1LBD6kkOGMlLkr-dhl,CASTEP,loddw6wwSbKmyTgsHuX6PQ/benzene_rotation_x/angle_1/sites/2/case_gs.bands,0,error,FileFormatError,0,0
iodata,zrBGgzazZT1LBD6kkOGMlLkr-dhl,CASTEP,loddw6wwSbKmyTgsHuX6PQ/benzene_rotation_x/angle_1/sites/2/case_gs.bib,0,error,FileFormatError,0,0
iodata,zrBGgzazZT1LBD6kkOGMlLkr-dhl,CASTEP,loddw6wwSbKmyTgsHuX6PQ/benzene_rotation_x/angle_1/sites/2/case_gs.castep,0,error,FileFormatError,0,0
iodata,zrBGgzazZT1LBD6kkOGMlLkr-dhl,CASTEP,loddw6wwSbKmyTgsHuX6PQ/benzene_rotation_x/angle_1/sites/2/case_gs.castep_bin,0,error,FileFormatError,0,0
iodata,zrBGgzazZT1LBD6kkOGMlLkr-dhl,CASTEP,loddw6wwSbKmyTgsHuX6PQ/benzene_rotation_x/angle_1/sites/2/case_gs.cell,0,error,FileFormatError,0,0
iodata,zrBGgzazZT1LBD6kkOGMlLkr-dhl,CASTEP,loddw6wwSbKmyTgsHuX6PQ/benzene_rotation_x/angle_1/sites/2/case_gs.check,0,error,FileFormatError,0,0
iodata,zrBGgzazZT1LBD6kkOGMlLkr-dhl,CASTEP,loddw6wwSbKmyTgsHuX6PQ/benzene_rotation_x/angle_1/sites/2/case_gs.cst_esp,0,error,FileFormatError,0,0
iodata,zrBGgzazZT1LBD6kkOGMlLkr-dhl,CASTEP,loddw6wwSbKmyTgsHuX6PQ/benzene_rotation_x/angle_1/sites/2/case_gs.param,0,error,FileFormatError,0,0
iodata,zs4_TvFw8MI-PFlNF9p2OFjFr889,CASTEP,loddw6wwSbKmyTgsHuX6PQ/benzene_rotation_x/angle_2/sites/4/ELNES.param,0,error,FileFormatError,0,0
iodata,zs4_TvFw8MI-PFlNF9p2OFjFr889,CASTEP,loddw6wwSbKmyTgsHuX6PQ/benzene_rotation_x/angle_2/sites/4/case.bands,0,error,FileFormatError,0,0
iodata,zs4_TvFw8MI-PFlNF9p2OFjFr889,CASTEP,loddw6wwSbKmyTgsHuX6PQ/benzene_rotation_x/angle_2/sites/4/case.bib,0,error,FileFormatError,0,0
iodata,zs4_TvFw8MI-PFlNF9p2OFjFr889,CASTEP,loddw6wwSbKmyTgsHuX6PQ/benzene_rotation_x/angle_2/sites/4/case.castep,0,error,FileFormatError,0,0
iodata,zs4_TvFw8MI-PFlNF9p2OFjFr889,CASTEP,loddw6wwSbKmyTgsHuX6PQ/benzene_rotation_x/angle_2/sites/4/case.castep_bin,0,error,FileFormatError,0,0
iodata,zs4_TvFw8MI-PFlNF9p2OFjFr889,CASTEP,loddw6wwSbKmyTgsHuX6PQ/benzene_rotation_x/angle_2/sites/4/case.cell,0,error,FileFormatError,0,0
iodata,zOnVuVC5y8Wf-1SEGPJj8EfwTYqB,ORCA,GSCz8oRWRR2pOM5YJIHzVw/ORCA_inputs_results_pH7.4/VLP0.out,0,success,,1,1
iodata,zs4_TvFw8MI-PFlNF9p2OFjFr889,CASTEP,loddw6wwSbKmyTgsHuX6PQ/benzene_rotation_x/angle_2/sites/4/case.check,0,error,FileFormatError,0,0
iodata,zs4_TvFw8MI-PFlNF9p2OFjFr889,CASTEP,loddw6wwSbKmyTgsHuX6PQ/benzene_rotation_x/angle_2/sites/4/case.cst_esp,0,error,FileFormatError,0,0
iodata,zs4_TvFw8MI-PFlNF9p2OFjFr889,CASTEP,loddw6wwSbKmyTgsHuX6PQ/benzene_rotation_x/angle_2/sites/4/case_elnes.bands,0,error,FileFormatError,0,0
iodata,zs4_TvFw8MI-PFlNF9p2OFjFr889,CASTEP,loddw6wwSbKmyTgsHuX6PQ/benzene_rotation_x/angle_2/sites/4/case_elnes.bib,0,error,FileFormatError,0,0
iodata,zs4_TvFw8MI-PFlNF9p2OFjFr889,CASTEP,loddw6wwSbKmyTgsHuX6PQ/benzene_rotation_x/angle_2/sites/4/case.param,0,error,FileFormatError,0,0
iodata,zs4_TvFw8MI-PFlNF9p2OFjFr889,CASTEP,loddw6wwSbKmyTgsHuX6PQ/benzene_rotation_x/angle_2/sites/4/case_elnes.castep,0,error,FileFormatError,0,0
iodata,zs4_TvFw8MI-PFlNF9p2OFjFr889,CASTEP,loddw6wwSbKmyTgsHuX6PQ/benzene_rotation_x/angle_2/sites/4/case_elnes.castep_bin,0,error,FileFormatError,0,0
iodata,zs4_TvFw8MI-PFlNF9p2OFjFr889,CASTEP,loddw6wwSbKmyTgsHuX6PQ/benzene_rotation_x/angle_2/sites/4/case_elnes.cell,0,error,FileFormatError,0,0
iodata,zs4_TvFw8MI-PFlNF9p2OFjFr889,CASTEP,loddw6wwSbKmyTgsHuX6PQ/benzene_rotation_x/angle_2/sites/4/case_elnes.check,0,error,FileFormatError,0,0
iodata,zs4_TvFw8MI-PFlNF9p2OFjFr889,CASTEP,loddw6wwSbKmyTgsHuX6PQ/benzene_rotation_x/angle_2/sites/4/case_elnes.cst_esp,0,error,FileFormatError,0,0
iodata,zs4_TvFw8MI-PFlNF9p2OFjFr889,CASTEP,loddw6wwSbKmyTgsHuX6PQ/benzene_rotation_x/angle_2/sites/4/case_elnes.elnes,0,error,FileFormatError,0,0
iodata,zs4_TvFw8MI-PFlNF9p2OFjFr889,CASTEP,loddw6wwSbKmyTgsHuX6PQ/benzene_rotation_x/angle_2/sites/4/case_elnes.eels_mat,0,error,FileFormatError,0,0
iodata,zs4_TvFw8MI-PFlNF9p2OFjFr889,CASTEP,loddw6wwSbKmyTgsHuX6PQ/benzene_rotation_x/angle_2/sites/4/case_elnes.param,0,error,FileFormatError,0,0
iodata,zs4_TvFw8MI-PFlNF9p2OFjFr889,CASTEP,loddw6wwSbKmyTgsHuX6PQ/benzene_rotation_x/angle_2/sites/4/case_elnes.paw,0,error,FileFormatError,0,0
iodata,zs4_TvFw8MI-PFlNF9p2OFjFr889,CASTEP,loddw6wwSbKmyTgsHuX6PQ/benzene_rotation_x/angle_2/sites/4/case_elnes.uncorr,0,error,FileFormatError,0,0
iodata,zs4_TvFw8MI-PFlNF9p2OFjFr889,CASTEP,loddw6wwSbKmyTgsHuX6PQ/benzene_rotation_x/angle_2/sites/4/case_gs.bands,0,error,FileFormatError,0,0
iodata,zs4_TvFw8MI-PFlNF9p2OFjFr889,CASTEP,loddw6wwSbKmyTgsHuX6PQ/benzene_rotation_x/angle_2/sites/4/case_gs.bib,0,error,FileFormatError,0,0
iodata,zs4_TvFw8MI-PFlNF9p2OFjFr889,CASTEP,loddw6wwSbKmyTgsHuX6PQ/benzene_rotation_x/angle_2/sites/4/case_gs.castep,1,error,FileFormatError,0,0
iodata,zs4_TvFw8MI-PFlNF9p2OFjFr889,CASTEP,loddw6wwSbKmyTgsHuX6PQ/benzene_rotation_x/angle_2/sites/4/case_gs.castep_bin,0,error,FileFormatError,0,0
iodata,zs4_TvFw8MI-PFlNF9p2OFjFr889,CASTEP,loddw6wwSbKmyTgsHuX6PQ/benzene_rotation_x/angle_2/sites/4/case_gs.cell,0,error,FileFormatError,0,0
iodata,zs4_TvFw8MI-PFlNF9p2OFjFr889,CASTEP,loddw6wwSbKmyTgsHuX6PQ/benzene_rotation_x/angle_2/sites/4/case_gs.check,0,error,FileFormatError,0,0
iodata,zs4_TvFw8MI-PFlNF9p2OFjFr889,CASTEP,loddw6wwSbKmyTgsHuX6PQ/benzene_rotation_x/angle_2/sites/4/case_gs.cst_esp,0,error,FileFormatError,0,0
iodata,zs4_TvFw8MI-PFlNF9p2OFjFr889,CASTEP,loddw6wwSbKmyTgsHuX6PQ/benzene_rotation_x/angle_2/sites/4/case_gs.param,0,error,FileFormatError,0,0
iodata,ztbeMA28ILtxhTRp_mnCXhJYSARd,Gaussian,fc2yNy-pQG2J5fqcRs99tA/generate_c11_c12_dataset/run_calculations/6245/input_smiles.txt,0,error,FileFormatError,0,0
iodata,ztbeMA28ILtxhTRp_mnCXhJYSARd,Gaussian,fc2yNy-pQG2J5fqcRs99tA/generate_c11_c12_dataset/run_calculations/6245/molecule.mol,0,error,FileFormatError,0,0
iodata,zrBGgzazZT1LBD6kkOGMlLkr-dhl,CASTEP,loddw6wwSbKmyTgsHuX6PQ/benzene_rotation_x/angle_1/sites/2/case_elnes.paw,0,error,FileFormatError,0,0
iodata,zy4IYoQrBIAhxVxhYIhHJiaNRnja,CASTEP,loddw6wwSbKmyTgsHuX6PQ/benzene_rotation_x/angle_1/sites/6/case.bands,0,error,FileFormatError,0,0
iodata,ztbeMA28ILtxhTRp_mnCXhJYSARd,Gaussian,fc2yNy-pQG2J5fqcRs99tA/generate_c11_c12_dataset/run_calculations/6245/input.gjf,0,success,,1,0
iodata,zy4IYoQrBIAhxVxhYIhHJiaNRnja,CASTEP,loddw6wwSbKmyTgsHuX6PQ/benzene_rotation_x/angle_1/sites/6/case.bib,0,error,FileFormatError,0,0
iodata,zy4IYoQrBIAhxVxhYIhHJiaNRnja,CASTEP,loddw6wwSbKmyTgsHuX6PQ/benzene_rotation_x/angle_1/sites/6/case.castep,1,error,FileFormatError,0,0
iodata,zy4IYoQrBIAhxVxhYIhHJiaNRnja,CASTEP,loddw6wwSbKmyTgsHuX6PQ/benzene_rotation_x/angle_1/sites/6/case.cell,0,error,FileFormatError,0,0
iodata,zy4IYoQrBIAhxVxhYIhHJiaNRnja,CASTEP,loddw6wwSbKmyTgsHuX6PQ/benzene_rotation_x/angle_1/sites/6/case.check,0,error,FileFormatError,0,0
iodata,zy4IYoQrBIAhxVxhYIhHJiaNRnja,CASTEP,loddw6wwSbKmyTgsHuX6PQ/benzene_rotation_x/angle_1/sites/6/case.cst_esp,0,error,FileFormatError,0,0
iodata,zy4IYoQrBIAhxVxhYIhHJiaNRnja,CASTEP,loddw6wwSbKmyTgsHuX6PQ/benzene_rotation_x/angle_1/sites/6/case.param,0,error,FileFormatError,0,0
iodata,zy4IYoQrBIAhxVxhYIhHJiaNRnja,CASTEP,loddw6wwSbKmyTgsHuX6PQ/benzene_rotation_x/angle_1/sites/6/ELNES.param,0,error,FileFormatError,0,0
iodata,zy4IYoQrBIAhxVxhYIhHJiaNRnja,CASTEP,loddw6wwSbKmyTgsHuX6PQ/benzene_rotation_x/angle_1/sites/6/case_elnes.bands,0,error,FileFormatError,0,0
iodata,zy4IYoQrBIAhxVxhYIhHJiaNRnja,CASTEP,loddw6wwSbKmyTgsHuX6PQ/benzene_rotation_x/angle_1/sites/6/case.castep_bin,0,error,FileFormatError,0,0
iodata,zy4IYoQrBIAhxVxhYIhHJiaNRnja,CASTEP,loddw6wwSbKmyTgsHuX6PQ/benzene_rotation_x/angle_1/sites/6/case_elnes.castep,0,error,FileFormatError,0,0
iodata,zy4IYoQrBIAhxVxhYIhHJiaNRnja,CASTEP,loddw6wwSbKmyTgsHuX6PQ/benzene_rotation_x/angle_1/sites/6/case_elnes.castep_bin,0,error,FileFormatError,0,0
iodata,zy4IYoQrBIAhxVxhYIhHJiaNRnja,CASTEP,loddw6wwSbKmyTgsHuX6PQ/benzene_rotation_x/angle_1/sites/6/case_elnes.cell,0,error,FileFormatError,0,0
iodata,zy4IYoQrBIAhxVxhYIhHJiaNRnja,CASTEP,loddw6wwSbKmyTgsHuX6PQ/benzene_rotation_x/angle_1/sites/6/case_elnes.check,0,error,FileFormatError,0,0
iodata,zy4IYoQrBIAhxVxhYIhHJiaNRnja,CASTEP,loddw6wwSbKmyTgsHuX6PQ/benzene_rotation_x/angle_1/sites/6/case_elnes.cst_esp,0,error,FileFormatError,0,0
iodata,zy4IYoQrBIAhxVxhYIhHJiaNRnja,CASTEP,loddw6wwSbKmyTgsHuX6PQ/benzene_rotation_x/angle_1/sites/6/case_elnes.eels_mat,0,error,FileFormatError,0,0
iodata,zy4IYoQrBIAhxVxhYIhHJiaNRnja,CASTEP,loddw6wwSbKmyTgsHuX6PQ/benzene_rotation_x/angle_1/sites/6/case_elnes.elnes,0,error,FileFormatError,0,0
iodata,zy4IYoQrBIAhxVxhYIhHJiaNRnja,CASTEP,loddw6wwSbKmyTgsHuX6PQ/benzene_rotation_x/angle_1/sites/6/case_elnes.param,0,error,FileFormatError,0,0
iodata,zy4IYoQrBIAhxVxhYIhHJiaNRnja,CASTEP,loddw6wwSbKmyTgsHuX6PQ/benzene_rotation_x/angle_1/sites/6/case_elnes.paw,0,error,FileFormatError,0,0
iodata,zy4IYoQrBIAhxVxhYIhHJiaNRnja,CASTEP,loddw6wwSbKmyTgsHuX6PQ/benzene_rotation_x/angle_1/sites/6/case_elnes.uncorr,0,error,FileFormatError,0,0
iodata,zy4IYoQrBIAhxVxhYIhHJiaNRnja,CASTEP,loddw6wwSbKmyTgsHuX6PQ/benzene_rotation_x/angle_1/sites/6/case_gs.bands,0,error,FileFormatError,0,0
iodata,zy4IYoQrBIAhxVxhYIhHJiaNRnja,CASTEP,loddw6wwSbKmyTgsHuX6PQ/benzene_rotation_x/angle_1/sites/6/case_gs.bib,0,error,FileFormatError,0,0
iodata,zy4IYoQrBIAhxVxhYIhHJiaNRnja,CASTEP,loddw6wwSbKmyTgsHuX6PQ/benzene_rotation_x/angle_1/sites/6/case_gs.castep,0,error,FileFormatError,0,0
iodata,zy4IYoQrBIAhxVxhYIhHJiaNRnja,CASTEP,loddw6wwSbKmyTgsHuX6PQ/benzene_rotation_x/angle_1/sites/6/case_gs.castep_bin,0,error,FileFormatError,0,0
iodata,zy4IYoQrBIAhxVxhYIhHJiaNRnja,CASTEP,loddw6wwSbKmyTgsHuX6PQ/benzene_rotation_x/angle_1/sites/6/case_gs.cell,0,error,FileFormatError,0,0
iodata,zy4IYoQrBIAhxVxhYIhHJiaNRnja,CASTEP,loddw6wwSbKmyTgsHuX6PQ/benzene_rotation_x/angle_1/sites/6/case_gs.check,0,error,FileFormatError,0,0
iodata,zy4IYoQrBIAhxVxhYIhHJiaNRnja,CASTEP,loddw6wwSbKmyTgsHuX6PQ/benzene_rotation_x/angle_1/sites/6/case_gs.cst_esp,0,error,FileFormatError,0,0
iodata,zy4IYoQrBIAhxVxhYIhHJiaNRnja,CASTEP,loddw6wwSbKmyTgsHuX6PQ/benzene_rotation_x/angle_1/sites/6/case_gs.param,0,error,FileFormatError,0,0
iodata,zy4IYoQrBIAhxVxhYIhHJiaNRnja,CASTEP,loddw6wwSbKmyTgsHuX6PQ/benzene_rotation_x/angle_1/sites/6/case_elnes.bib,0,error,FileFormatError,0,0
iodata,zOnVuVC5y8Wf-1SEGPJj8EfwTYqB,ORCA,GSCz8oRWRR2pOM5YJIHzVw/ORCA_inputs_results_pH7.4/TTR-2.out,0,success,,1,1
gaussian,iBIeUIvhEDHWwRGRXri8-gJqbWeZ,exciting,qpxNMvKmRhqq_F-CfHJw8Q/STATE.OUT,0,empty,,0,0
gaussian,iBIeUIvhEDHWwRGRXri8-gJqbWeZ,exciting,qpxNMvKmRhqq_F-CfHJw8Q/EVECFV.OUT,0,empty,,0,0
gaussian,iBIeUIvhEDHWwRGRXri8-gJqbWeZ,exciting,qpxNMvKmRhqq_F-CfHJw8Q/EVECFV_GW.OUT,0,timeout,TimeoutError,0,0
